[{"type":"bike","date":"2020-06-20","url":"i2171103-dio.html","name":" Dio","price":"92,000"},{"type":"bike","date":"2020-06-20","url":"i2182844-corona-offer.html","name":" Corona Offer.","price":"1,55,000"},{"type":"bike","date":"2020-06-20","url":"i2038812-yamaha-r1.html","name":" Yamaha R1","price":"18,50,000"},{"type":"bike","date":"2020-06-20","url":"i2161457-benelli-tnt-600i-abs.html","name":" Benelli Tnt 600i (abs)","price":"13,00,000"},{"type":"bike","date":"2020-06-20","url":"i2181626-350-royal-enfield-classic-electra-sale.html","name":" 350 Royal Enfield Classic Electra Sale","price":"3,20,000"},{"type":"bike","date":"2020-06-20","url":"i2185969-ray-zr-125cc-ba-81-lot.html","name":" Ray Zr 125cc (ba. 81 Lot)","price":"1,19,999"},{"type":"bike","date":"2020-06-20","url":"i2185855-re-interceptor-for-sale.html","name":" Re Interceptor For Sale.","price":"11,75,000"},{"type":"bike","date":"2020-06-20","url":"i2101720-electra-bullet-royal-enfield.html","name":" Electra Bullet Royal Enfield","price":"2,20,000"},{"type":"bike","date":"2020-06-20","url":"i2170018-duke-125.html","name":" Duke 125","price":"4,30,000"},{"type":"bike","date":"2020-06-20","url":"i2188444-40-lot-fresh-and-fine-220-on-sale-urgent.html","name":" 40 Lot Fresh & Fine 220 On Sale Urgent","price":"70,000"},{"type":"bike","date":"2020-06-20","url":"i2107596-cbr-600-red-2019-model-pr-3-105-lot.html","name":" Cbr 600 Red 2019 Model Pr 3 105 Lot","price":"29,50,000"},{"type":"bike","date":"2020-06-20","url":"i2185714-pulsar-220-non-visor.html","name":" Pulsar 220 Non Visor","price":"90,000"},{"type":"bike","date":"2020-06-20","url":"i2188629-one-hand-uses-yamaha-rayz-on-sale.html","name":" One Hand Uses Yamaha Rayz On Sale","price":"70,000"},{"type":"bike","date":"2020-06-20","url":"i2188379-pulsar-220f-bujne-lai-srikhanda-please-check-the-pictures.html","name":" Pulsar 220f ( Bujne Lai Srikhanda. Please Check The Pictures)","price":"1,29,999"},{"type":"bike","date":"2020-06-20","url":"i2095849-bullet.html","name":" Bullet","price":"2,20,000"},{"type":"bike","date":"2020-06-20","url":"i2176922-90-lot-honda-xr150.html","name":" 90 Lot Honda Xr150","price":"3,60,000"},{"type":"bike","date":"2020-06-20","url":"i2177005-gt535.html","name":" Gt-535","price":"3,70,000"},{"type":"bike","date":"2020-06-20","url":"i2181362-crossx-250-se.html","name":" Crossx 250 Se","price":"5,00,000"},{"type":"bike","date":"2020-06-20","url":"i2177274-hero-honda-glamour-21-lot-helmet-free.html","name":" Hero Honda Glamour 21 Lot _ Helmet Free","price":"22,500"},{"type":"bike","date":"2020-06-20","url":"i2182745-mahindra-rodeo-scooty-on-sale.html","name":" Mahindra Rodeo Scooty On Sale","price":"57,000"},{"type":"bike","date":"2020-06-20","url":"i2181289-apache-200.html","name":" Apache 200","price":"1,90,000"},{"type":"bike","date":"2020-06-20","url":"i2174243-bullet-on-sale.html","name":" Bullet On Sale","price":"3,60,000"},{"type":"bike","date":"2020-06-20","url":"i2171081-ns-200.html","name":" Ns 200","price":"1,95,000"},{"type":"bike","date":"2020-06-20","url":"i2166211-ktm-duke390.html","name":" Ktm Duke390","price":"2,00,000"},{"type":"bike","date":"2020-06-20","url":"i2147261-machismo-bullet.html","name":" Machismo Bullet","price":"2,60,000"},{"type":"bike","date":"2020-06-20","url":"i2172869-aprilia-sr-150.html","name":" Aprilia Sr 150","price":"2,00,000"},{"type":"bike","date":"2020-06-20","url":"i1914621-crossfire-xz-250-rr.html","name":" Crossfire Xz 250 Rr","price":"2,40,000"},{"type":"bike","date":"2020-06-20","url":"i2173215-bullet-classic-350-battle-green.html","name":" Bullet Classic 350 Battle Green","price":"4,35,000"},{"type":"bike","date":"2020-06-20","url":"i2178594-royal-enfield-classic-350-on-sale.html","name":" Royal Enfield Classic 350 On Sale","price":"3,55,000"},{"type":"bike","date":"2020-06-20","url":"i2173038-suzuki-gsxr-600.html","name":" Suzuki Gsxr 600","price":"18,00,000"},{"type":"bike","date":"2020-06-20","url":"i2125676-reiju-marathon-sale-or-exchange.html","name":" Reiju Marathon Sale Or Exchange","price":"1,90,000"},{"type":"bike","date":"2020-06-20","url":"i2184001-royal-enfield-electra-350.html","name":" Royal Enfield Electra 350","price":"3,25,000"},{"type":"bike","date":"2020-06-20","url":"i2183628-yamaha-r15-v2.html","name":" Yamaha R15 V2","price":"1,29,000"},{"type":"bike","date":"2020-06-20","url":"i2185958-ns-200-on-sale.html","name":" Ns 200 On Sale","price":"1,43,000"},{"type":"bike","date":"2020-06-20","url":"i2184513-350cc-classic.html","name":" 350cc Classic","price":"3,80,000"},{"type":"bike","date":"2020-06-20","url":"i2187963-dominar-400cc-97-lot.html","name":" Dominar - 400cc 97 Lot","price":"2,95,000"},{"type":"bike","date":"2020-06-20","url":"i2161944-benelli-tnt-300.html","name":" Benelli Tnt 300","price":"5,40,000"},{"type":"bike","date":"2020-06-20","url":"i2186022-pulsar-220-only-exchange.html","name":" Pulsar 220 Only Exchange","price":"1,75,000"},{"type":"bike","date":"2020-06-20","url":"i2182393-ktm-duke-200.html","name":" Ktm Duke 200","price":"2,80,000"},{"type":"bike","date":"2020-06-20","url":"i2118088-vintage-rx.html","name":" Vintage - Rx","price":"15,000"},{"type":"bike","date":"2020-06-20","url":"i2187041-pulsar-ns-200.html","name":" Pulsar Ns 200","price":"1,85,000"},{"type":"bike","date":"2020-06-20","url":"i2182686-fasino.html","name":" Fasino","price":"1,12,500"},{"type":"bike","date":"2020-06-20","url":"i2185914-fresh-avenger-200.html","name":" Fresh Avenger 200","price":"63,000"},{"type":"bike","date":"2020-06-20","url":"i2181969-fresh-aviator.html","name":" Fresh Aviator","price":"1,05,000"},{"type":"bike","date":"2020-06-20","url":"i2181397-180-on-sale.html","name":" 180 On Sale","price":"65,000"},{"type":"bike","date":"2020-06-20","url":"i2179105-bajaj-220-pulsar-in-fresh-condition-urgent-sell-can-be-exchange.html","name":" Bajaj 220 Pulsar In Fresh Condition....urgent Sell Can Be Exchange","price":"1,30,000"},{"type":"bike","date":"2020-06-20","url":"i2161970-r15-urgent-sell.html","name":" R15 Urgent Sell","price":"80,000"},{"type":"bike","date":"2020-06-20","url":"i2182685-yamaha-fzs.html","name":" Yamaha Fzs","price":"85,000"},{"type":"bike","date":"2020-06-20","url":"i2175525-honda-xr250-tornado.html","name":" Honda Xr250 Tornado","price":"5,50,000"},{"type":"bike","date":"2020-06-20","url":"i2147025-pulsar-ns-200.html","name":" Pulsar Ns 200","price":"1,50,000"},{"type":"bike","date":"2020-06-20","url":"i2113478-ktm-rc-200.html","name":" Ktm Rc 200","price":"2,60,000"},{"type":"bike","date":"2020-06-20","url":"i2182762-66-lot-dio-scoty-on-sale.html","name":" 66 Lot Dio Scoty On Sale","price":"1,05,000"},{"type":"bike","date":"2020-06-20","url":"i2181660-royal-enfield-bullet-350-cc-classic-for-sale.html","name":" Royal Enfield Bullet 350 Cc Classic For Sale","price":"3,60,000"},{"type":"bike","date":"2020-06-20","url":"i2182948-dio-52-lot-is-for-urgent-sale.html","name":" Dio 52 Lot Is For Urgent Sale","price":"75,000"},{"type":"bike","date":"2020-06-20","url":"i2126944-suzuki-gsr-600cc.html","name":" Suzuki Gsr 600cc","price":"11,50,000"},{"type":"bike","date":"2020-06-20","url":"i2180487-honda-scotty-on-sale.html","name":" Honda Scotty On Sale","price":"80,000"},{"type":"bike","date":"2020-06-20","url":"i2184481-suzuki-gsr600.html","name":" Suzuki Gsr600","price":"12,00,000"},{"type":"bike","date":"2020-06-20","url":"i2166426-ducati-796.html","name":" Ducati 796","price":"14,25,000"},{"type":"bike","date":"2020-06-20","url":"i2148299-crossfire-on-sale.html","name":" Crossfire On Sale","price":"3,15,000"},{"type":"bike","date":"2020-06-20","url":"i2157529-a-very-good-condition-red-r15v3-bike-sell.html","name":" A Very Good Condition Red R15v3 Bike Sell","price":"3,10,000"},{"type":"bike","date":"2020-06-20","url":"i2181991-royal-enfield-classic-350.html","name":" Royal Enfield ( Classic 350)","price":"3,35,000"},{"type":"bike","date":"2020-06-20","url":"i2177014-apache-rtr-200-4v-exchange-with-avengar-220-and-sell.html","name":" Apache Rtr 200 4v Exchange With Avengar 220 And Sell","price":"2,10,000"},{"type":"bike","date":"2020-06-20","url":"i2095253-cbr-250.html","name":" Cbr 250","price":"1,80,000"},{"type":"bike","date":"2020-06-20","url":"i2178481-ktm-duke-200-urgent-sale.html","name":" Ktm Duke 200 Urgent Sale","price":"2,40,000"},{"type":"bike","date":"2020-06-20","url":"i2181190-aviator-94-lot-no-scratch.html","name":" Aviator 94 Lot (no Scratch)","price":"1,53,000"},{"type":"bike","date":"2020-06-20","url":"i2188971-fresh-bullet-even-number-on-sale.html","name":" Fresh Bullet Even Number On Sale","price":"2,68,000"},{"type":"bike","date":"2020-06-20","url":"i2077522-pulsar-150-bike-on-sale.html","name":" Pulsar 150 Bike On Sale.","price":"45,000"},{"type":"bike","date":"2020-06-20","url":"i2183197-fresh-oldmodel-fio-on-sale.html","name":" Fresh Oldmodel Fio On Sale","price":"65,000"},{"type":"bike","date":"2020-06-20","url":"i2166666-honda-tornado-250.html","name":" Honda Tornado 250","price":"5,00,000"},{"type":"bike","date":"2020-06-20","url":"i2181370-150-pulsar-td-with-full-insurance.html","name":" 150 Pulsar Td With Full Insurance","price":"2,35,000"},{"type":"bike","date":"2020-06-20","url":"i2186532-ktm-250-duke-sale-or-exchange.html","name":" Ktm 250 Duke Sale Or Exchange","price":"3,80,000"},{"type":"bike","date":"2020-06-20","url":"i2185452-yamaha-v2.html","name":" Yamaha V2","price":"1,30,000"},{"type":"bike","date":"2020-06-20","url":"i2178688-r15-v1-5.html","name":" R15 V1.5","price":"1,50,000"},{"type":"bike","date":"2020-06-20","url":"i2188862-scooter-pleasure-for-sale.html","name":" Scooter Pleasure For Sale","price":"40,000"},{"type":"bike","date":"2020-06-20","url":"i2104008-ktm-duke-200.html","name":" Ktm Duke 200.","price":"2,30,000"},{"type":"bike","date":"2020-06-20","url":"i2170956-crossfire-xz-250rr-urgent-sale.html","name":" Crossfire Xz 250rr Urgent Sale","price":"3,10,000"},{"type":"bike","date":"2020-06-20","url":"i2187411-ducati-monster-797.html","name":" Ducati Monster 797","price":"26,50,000"},{"type":"bike","date":"2020-06-20","url":"i2184332-honda-trigger.html","name":" Honda,trigger","price":"1,05,000"},{"type":"bike","date":"2020-06-20","url":"i2153353-low-run-redditch-edition-bullet-350-classic.html","name":" Low Run- Redditch Edition Bullet 350 Classic","price":"3,75,000"},{"type":"bike","date":"2020-06-20","url":"i2166076-honda-crf250l.html","name":" Honda Crf250l","price":"10,80,000"},{"type":"bike","date":"2020-06-20","url":"i2180509-horner-160r.html","name":" Horner 160r","price":"1,70,000"},{"type":"bike","date":"2020-06-20","url":"i2164480-pulsar-180-sell.html","name":" Pulsar 180 Sell","price":"85,000"},{"type":"bike","date":"2020-06-20","url":"i2183199-inazuma-750-on-sale.html","name":" Inazuma 750 On Sale","price":"8,00,000"},{"type":"bike","date":"2020-06-20","url":"i2186537-yamaha-ko-rey-z-scooty-sale-on-only-one-lakh.html","name":" Yamaha Ko Rey Z Scooty Sale On Only One Lakh","price":"1,00,000"},{"type":"bike","date":"2020-06-20","url":"i2183725-aviator-scooty-on-urgent-sale.html","name":" Aviator Scooty On Urgent Sale","price":"70,000"},{"type":"bike","date":"2020-06-20","url":"i2181306-platina-125.html","name":" Platina 125","price":"55,000"},{"type":"bike","date":"2020-06-20","url":"i2172962-benelli-tnt-150i.html","name":" Benelli Tnt 150i","price":"2,80,000"},{"type":"bike","date":"2020-06-20","url":"i2119380-crossfire-61.html","name":" Crossfire 61","price":"2,20,000"},{"type":"bike","date":"2020-06-20","url":"i1975564-gpx-gentleman-bike-on-sale.html","name":" Gpx Gentleman Bike On Sale","price":"3,50,000"},{"type":"bike","date":"2020-06-20","url":"i2160489-electra.html","name":" Electra","price":"1,60,000"},{"type":"bike","date":"2020-06-20","url":"i2178097-dio.html","name":" Dio","price":"1,51,000"},{"type":"bike","date":"2020-06-20","url":"i2158227-220-pulsar-bike-on-sale.html","name":" 220 Pulsar Bike On Sale","price":"2,50,000"},{"type":"bike","date":"2020-06-20","url":"i2185017-yahama-fzs-fi.html","name":" Yahama Fzs Fi","price":"1,25,000"},{"type":"bike","date":"2020-06-20","url":"i2182659-200-ns-condition-very-good.html","name":" 200 Ns Condition Very Good","price":"2,50,000"},{"type":"bike","date":"2020-06-20","url":"i2179086-crossfire-gr7-250cc-dirt.html","name":" Crossfire Gr7 250cc (dirt)","price":"4,27,000"},{"type":"bike","date":"2020-06-20","url":"i2163161-bajaj-pulsar-150.html","name":" Bajaj Pulsar 150","price":"1,32,000"},{"type":"bike","date":"2020-06-20","url":"i2181759-shine.html","name":" Shine","price":"59,000"},{"type":"bike","date":"2020-06-20","url":"i2162152-royal-enfield-good-fair.html","name":" Royal Enfield(good Fair)","price":"2,90,000"},{"type":"bike","date":"2020-06-20","url":"i2035825-royal-enfield-350-electra.html","name":" Royal Enfield 350 Electra","price":"2,45,000"},{"type":"bike","date":"2020-06-20","url":"i2186251-royal-enfield-350-classic.html","name":" Royal Enfield 350 Classic","price":"3,80,000"},{"type":"bike","date":"2020-06-20","url":"i2184655-bajaj-avenger-220-cruise-bike.html","name":" Bajaj Avenger 220 Cruise Bike","price":"1,25,000"},{"type":"bike","date":"2020-06-20","url":"i2097396-pulsar-rs-200-on-sale.html","name":" Pulsar Rs 200 On Sale","price":"1,75,000"},{"type":"bike","date":"2020-06-20","url":"i2159144-yamaha-fzs-v2.html","name":" Yamaha Fzs V2","price":"1,60,000"},{"type":"bike","date":"2020-06-20","url":"i2177883-honda-unicorn-urgent-sale.html","name":" Honda Unicorn Urgent Sale","price":"75,000"},{"type":"bike","date":"2020-06-20","url":"i2166027-bajaj-220-pulsar-fresh.html","name":" Bajaj 220 Pulsar Fresh","price":"1,85,000"},{"type":"bike","date":"2020-06-20","url":"i2185741-pleasure110.html","name":" Pleasure110","price":"55,000"},{"type":"bike","date":"2020-06-20","url":"i2184206-xcops-bike-on-sale.html","name":" Xcops Bike On Sale","price":"7,00,000"},{"type":"bike","date":"2020-06-20","url":"i2170749-bajaj-discover-100t-model-bike-on-sale.html","name":" Bajaj Discover 100t Model Bike On Sale","price":"45,000"},{"type":"bike","date":"2020-06-20","url":"i2147898-yamaha-fz-version-1-0.html","name":" Yamaha Fz Version 1.0","price":"68,000"},{"type":"bike","date":"2020-06-20","url":"i2177128-aviator-scooter-on-sell.html","name":" Aviator Scooter On Sell","price":"1,50,000"},{"type":"bike","date":"2020-06-20","url":"i2116766-hero-xpulse200-offroad-bike.html","name":" Hero Xpulse200 Off-road Bike","price":"3,65,000"},{"type":"bike","date":"2020-06-20","url":"i2186531-honda-aviator-75lot-genuine-fresh-on-sale-urgent.html","name":" Honda Aviator 75lot Genuine Fresh On Sale Urgent","price":"1,12,000"},{"type":"bike","date":"2020-06-20","url":"i2168612-royal-enfield-thunderbird-x-350-new-model-red.html","name":" Royal Enfield Thunderbird X 350 New Model Red","price":"5,00,000"},{"type":"bike","date":"2020-06-20","url":"i2188762-vr-150.html","name":" Vr 150","price":"95,000"},{"type":"bike","date":"2020-06-20","url":"i2185024-bajaj-pulsar-200-ns.html","name":" Bajaj Pulsar 200 Ns","price":"1,38,000"},{"type":"bike","date":"2020-06-20","url":"i1911127-electric-scooter-for-city-ride.html","name":" Electric Scooter For City Ride.","price":"85,000"},{"type":"bike","date":"2020-06-20","url":"i2117676-honda-hornet-160r.html","name":" Honda Hornet 160r","price":"1,30,000"},{"type":"bike","date":"2020-06-20","url":"i2186036-aviator.html","name":" Aviator","price":"80,000"},{"type":"bike","date":"2020-06-20","url":"i2182514-bajaj-pulsar-rs-200.html","name":" Bajaj Pulsar Rs 200","price":"1,95,000"},{"type":"bike","date":"2020-06-20","url":"i2167801-honda-dio-scooter.html","name":" Honda Dio Scooter","price":"70,000"},{"type":"bike","date":"2020-06-20","url":"i2146137-fresh-crossfire-rm-250-on-sale.html","name":" Fresh Crossfire Rm 250 On Sale","price":"5,75,000"},{"type":"bike","date":"2020-06-20","url":"i1893210-yamaha-mt-15.html","name":" Yamaha Mt 15","price":"4,29,900"},{"type":"bike","date":"2020-06-20","url":"i2045284-150-pulsar.html","name":" 150 Pulsar","price":"60,000"},{"type":"bike","date":"2020-06-20","url":"i2183855-re-royal-enfield-for-sale.html","name":" Re Royal Enfield For Sale","price":"2,75,000"},{"type":"bike","date":"2020-06-20","url":"i2148966-duke250.html","name":" Duke-250","price":"3,50,000"},{"type":"bike","date":"2020-06-20","url":"i2175354-xl-jialing-150cc-uegent-sale.html","name":" Xl Jialing 150cc Uegent Sale","price":"1,50,000"},{"type":"bike","date":"2020-06-20","url":"i2161489-yahama-fz25-250cc-14-lot-only-300-km-run-fi-with-abs-2019-version.html","name":" Yahama Fz25 (250cc) 14 Lot Only 300 Km Run Fi With Abs 2019 Version","price":"4,18,000"},{"type":"bike","date":"2020-06-20","url":"i2176720-urgent-sales-220-finance-pani-gerdenxu.html","name":" Urgent Sales 220 Finance Pani Gerdenxu","price":"2,85,000"},{"type":"bike","date":"2020-06-20","url":"i2175705-xblade.html","name":" Xblade","price":"1,70,000"},{"type":"bike","date":"2020-06-20","url":"i2178697-royal-enfield-classic-350.html","name":" Royal Enfield Classic 350","price":"3,20,000"},{"type":"bike","date":"2020-06-20","url":"i2123309-aprilia-sx125.html","name":" Aprilia Sx125","price":"4,25,000"},{"type":"bike","date":"2020-06-20","url":"i2184616-unicorn.html","name":" Unicorn","price":"59,000"},{"type":"bike","date":"2020-06-20","url":"i2184410-urgent-sale-fzs-v3.html","name":" Urgent Sale Fzs V3","price":"2,80,000"},{"type":"bike","date":"2020-06-20","url":"i2184248-aprila-sr-racing-on-sell.html","name":" Aprila Sr Racing On Sell","price":"2,50,000"},{"type":"bike","date":"2020-06-20","url":"i2178178-avenger-220cc-urgent.html","name":" Avenger 220cc Urgent","price":"1,10,000"},{"type":"bike","date":"2020-06-20","url":"i2054686-1987-honda-xl600r.html","name":" 1987 Honda Xl600r","price":"1,50,000"},{"type":"bike","date":"2020-06-20","url":"i2063402-gsx-750cc-traffic-edition.html","name":" Gsx 750cc Traffic Edition..","price":"7,70,000"},{"type":"bike","date":"2020-06-20","url":"i2184245-suzuki-gixer-sf-moto-gp-version.html","name":" Suzuki Gixer Sf Moto Gp Version.","price":"1,50,000"},{"type":"bike","date":"2020-06-20","url":"i2069934-ktm-duke-200-on-sale-or-exchange-with-scooter.html","name":" Ktm Duke 200 On Sale Or Exchange With Scooter","price":"2,76,000"},{"type":"bike","date":"2020-06-20","url":"i2058887-yamaha-rx-100.html","name":" Yamaha Rx 100","price":"90,000"},{"type":"bike","date":"2020-06-20","url":"i2186349-honda-navi-scooter.html","name":" Honda Navi Scooter","price":"78,000"},{"type":"bike","date":"2020-06-20","url":"i2153824-royal-enfield-classic-350.html","name":" Royal Enfield Classic 350","price":"3,30,000"},{"type":"bike","date":"2020-06-20","url":"i2185330-honda-trigger-150.html","name":" Honda Trigger 150","price":"1,05,000"},{"type":"bike","date":"2020-06-20","url":"i2177353-fresh-fzs-bike-for-sale.html","name":" Fresh Fzs Bike For Sale","price":"1,25,000"},{"type":"bike","date":"2020-06-20","url":"i2154135-r15-v2.html","name":" R15 V2","price":"1,50,000"},{"type":"bike","date":"2020-06-20","url":"i2183681-fzv2150.html","name":" Fzv2150","price":"1,40,000"},{"type":"bike","date":"2020-06-20","url":"i2122039-pulsar-200ns-fresh-conditions.html","name":" Pulsar 200ns(fresh Conditions)","price":"1,85,000"},{"type":"bike","date":"2020-06-20","url":"i2136299-royal-enfield-350-gun-grey.html","name":" Royal Enfield 350 Gun.grey","price":"5,00,000"},{"type":"bike","date":"2020-06-20","url":"i2154851-fzs150-sale.html","name":" Fzs150 Sale","price":"1,45,000"},{"type":"bike","date":"2020-06-20","url":"i2121570-r15-v2.html","name":" R15 V2","price":"1,25,000"},{"type":"bike","date":"2020-06-20","url":"i2185349-benelli-tnt-250-still-like-new-bike-for-sale-offer-urgent-sale.html","name":" Benelli Tnt 250 Still Like New Bike For Sale(offer Urgent Sale)","price":"1,72,000"},{"type":"bike","date":"2020-06-20","url":"i2182004-dio-scooty-on-sale.html","name":" Dio Scooty On Sale","price":"1,50,000"},{"type":"bike","date":"2020-06-20","url":"i2183270-motorcycle.html","name":" Motorcycle","price":"1,50,000"},{"type":"bike","date":"2020-06-20","url":"i2169841-yamaha-fzs-v2.html","name":" Yamaha Fzs V2","price":"1,20,000"},{"type":"bike","date":"2020-06-20","url":"i2180460-duke-200.html","name":" Duke 200","price":"2,60,000"},{"type":"bike","date":"2020-06-20","url":"i2184114-pulsar-ns-200.html","name":" Pulsar Ns 200","price":"1,89,900"},{"type":"bike","date":"2020-06-20","url":"i2109991-honda-crf250l.html","name":" Honda Crf250l","price":"10,90,000"},{"type":"bike","date":"2020-06-20","url":"i2160689-gixxer-sf154.html","name":" Gixxer Sf154","price":"1,25,000"},{"type":"bike","date":"2020-06-20","url":"i2130844-yamaha-fz25-bike-on-sale-very-good-condition-fz-25-fz25-250cc.html","name":" Yamaha Fz25 Bike On Sale ... Very Good Condition Fz 25 Fz-25 250cc","price":"2,60,000"},{"type":"bike","date":"2020-06-20","url":"i2187973-royal-enfield-classic-350cc-79-lot.html","name":" Royal Enfield Classic 350cc (79 Lot)","price":"2,98,000"},{"type":"bike","date":"2020-06-20","url":"i2180488-fz-v3.html","name":" Fz V3","price":"2,55,000"},{"type":"bike","date":"2020-06-20","url":"i2127269-ns-200-pra-3-007-lot-serious-buyer-only.html","name":" Ns 200 Pra 3 007 Lot || Serious Buyer Only","price":"2,55,000"},{"type":"bike","date":"2020-06-20","url":"i1995555-cbr-600-rr.html","name":" Cbr 600 Rr","price":"17,80,000"},{"type":"bike","date":"2020-06-20","url":"i2183248-250-sportz-on-sale.html","name":" 250 Sportz On Sale","price":"3,30,000"},{"type":"bike","date":"2020-06-20","url":"i2188153-cafe-racer-gt535.html","name":" Cafe Racer Gt535","price":"5,34,000"},{"type":"bike","date":"2020-06-20","url":"i2116349-crossfire-250-urjent-sale.html","name":" Crossfire 250 Urjent Sale","price":"2,25,000"},{"type":"bike","date":"2020-06-20","url":"i2176218-pulsar-150-on-sale-urgent.html","name":" Pulsar 150 On Sale (urgent)","price":"65,000"},{"type":"bike","date":"2020-06-20","url":"i2131659-yamaha-fzs-150cc-only-serious-buyers.html","name":" Yamaha Fzs 150cc (only Serious Buyers)","price":"80,000"},{"type":"bike","date":"2020-06-20","url":"i2184269-pulsar-150-2019-model-dual-disc-well-maintained.html","name":" Pulsar 150 2019 Model Dual Disc Well Maintained","price":"1,90,000"},{"type":"bike","date":"2020-06-20","url":"i2185022-bajaj-pulsar-220-f.html","name":" Bajaj Pulsar 220 F","price":"1,65,000"},{"type":"bike","date":"2020-06-20","url":"i2115311-pulsar-200-34-lot.html","name":" Pulsar 200/34 Lot","price":"58,999"},{"type":"bike","date":"2020-06-20","url":"i2134293-royal-enfield-bullet-right-geared-2002-model-electra-350cc-on-sale.html","name":" Royal Enfield Bullet Right Geared 2002 Model Electra 350cc On Sale","price":"2,65,000"},{"type":"bike","date":"2020-06-20","url":"i2172434-royal-enfield-350cc-sell-urgent.html","name":" Royal Enfield 350cc Sell Urgent","price":"2,05,000"},{"type":"bike","date":"2020-06-20","url":"i2185902-dio-for-sell.html","name":" Dio For Sell","price":"80,000"},{"type":"bike","date":"2020-06-20","url":"i2178484-honda-cb-1000r-abs-finance-available.html","name":" Honda Cb 1000r Abs Finance Available","price":"24,50,000"},{"type":"bike","date":"2020-06-20","url":"i2189768-ktm-200cc.html","name":" Ktm 200cc","price":"1,05,000"},{"type":"bike","date":"2020-06-20","url":"i2122346-fresh-ktm-duke-200-can-exchange-with-bullet-also.html","name":" Fresh Ktm Duke 200 Can Exchange With Bullet Also","price":"1,99,999"},{"type":"bike","date":"2020-06-20","url":"i2171420-powerfull-and-attractive-scooter-sale-and-exchange.html","name":" Powerfull And Attractive Scooter Sale And Exchange","price":"1,60,000"},{"type":"bike","date":"2020-06-20","url":"i2182797-bullet-royale-enfield-350-classic.html","name":" Bullet Royale Enfield 350 Classic","price":"4,95,000"},{"type":"bike","date":"2020-06-20","url":"i2150735-like-new-ktm-duke-390-showroom-condition-new-model-motorcycle-on-sale.html","name":" Like New Ktm Duke 390 Showroom Condition New Model Motorcycle On Sale","price":"5,55,000"},{"type":"bike","date":"2020-06-20","url":"i2148595-ns-160.html","name":" Ns 160","price":"1,50,000"},{"type":"bike","date":"2020-06-20","url":"i2033736-daelim-evolution-vt-125cc.html","name":" Daelim Evolution Vt 125cc","price":"1,50,000"},{"type":"bike","date":"2020-06-20","url":"i2182982-bajaj-bike.html","name":" Bajaj Bike","price":"95,000"},{"type":"bike","date":"2020-06-20","url":"i2181375-cbz-star.html","name":" Cbz Star","price":"45,000"},{"type":"bike","date":"2020-06-20","url":"i2140768-ktm-duke-200-very-resonable.html","name":" Ktm Duke 200 Very Resonable","price":"2,40,000"},{"type":"bike","date":"2020-06-20","url":"i2085550-fresh-crossfire-rm250.html","name":" Fresh Crossfire Rm250","price":"3,20,000"},{"type":"bike","date":"2020-06-20","url":"i2171110-dominar-400-single-handed-full-fress.html","name":" Dominar 400 Single Handed Full Fress","price":"2,65,000"},{"type":"bike","date":"2020-06-20","url":"i2143047-r15-v2-urgent-sell.html","name":" R15 V2 Urgent Sell","price":"1,10,000"},{"type":"bike","date":"2020-06-20","url":"i2103832-electra-350-royal-enfield-bullet.html","name":" Electra 350 Royal Enfield (bullet)","price":"2,95,000"},{"type":"bike","date":"2020-06-20","url":"i2151443-honda-cb-600f-hornet.html","name":" Honda Cb 600f (hornet)","price":"15,50,000"},{"type":"bike","date":"2020-06-20","url":"i2183059-royal-infield-bullet-bike-foe-sale.html","name":" Royal Infield Bullet Bike Foe Sale","price":"26,500"},{"type":"bike","date":"2020-06-20","url":"i2173204-ktm-duke-250-90-lot.html","name":" Ktm Duke 250 90 Lot","price":"3,65,000"},{"type":"bike","date":"2020-06-20","url":"i2170209-2016-royal-enfield-himalayan.html","name":" 2016 Royal Enfield Himalayan","price":"3,75,000"},{"type":"bike","date":"2020-06-20","url":"i2188670-urgent-fresh-ntorq-sale.html","name":" Urgent Fresh Ntorq Sale.","price":"1,60,000"},{"type":"bike","date":"2020-06-20","url":"i2189125-apache-310.html","name":" Apache 310","price":"7,00,000"},{"type":"bike","date":"2020-06-20","url":"i2178638-benelli-300-on-sale.html","name":" Benelli 300 On Sale","price":"6,00,000"},{"type":"bike","date":"2020-06-20","url":"i2165276-cbr-250r-for-sale.html","name":" Cbr 250r For Sale","price":"3,80,000"},{"type":"bike","date":"2020-06-20","url":"i2188060-benelli-tnt-300cc-72-lot.html","name":" Benelli Tnt 300cc (72 Lot)","price":"3,78,000"},{"type":"bike","date":"2020-06-20","url":"i2074456-bse-a6-dirt-bike.html","name":" Bse A6 Dirt Bike","price":"1,70,000"},{"type":"bike","date":"2020-06-20","url":"i2165934-benelli-tnt-300-abs.html","name":" Benelli Tnt 300 (abs)","price":"5,75,000"},{"type":"bike","date":"2020-06-20","url":"i2173929-urjent-shell-apache-rtr180-40lot.html","name":" Urjent Shell Apache Rtr180 40lot","price":"50,000"},{"type":"bike","date":"2020-06-20","url":"i1519765-yamaha-r15-v3.html","name":" Yamaha R15 V3","price":"4,64,900"},{"type":"bike","date":"2020-06-20","url":"i2188550-pul-220f-pr-3-02-006pa.html","name":" Pul 220f Pr.3.02.006pa","price":"2,45,000"},{"type":"bike","date":"2020-06-20","url":"i2187532-aprilia-storm-125-white-color.html","name":" Aprilia Storm 125 White Color","price":"2,18,000"},{"type":"bike","date":"2020-06-20","url":"i2187852-um-renegade-180.html","name":" Um Renegade 180","price":"1,35,000"},{"type":"bike","date":"2020-06-20","url":"i2152728-dio-70-lot.html","name":" Dio 70 Lot","price":"1,08,000"},{"type":"bike","date":"2020-06-20","url":"i2177555-dio-scooter-urgent-sell-ma.html","name":" Dio Scooter Urgent Sell Ma","price":"58,000"},{"type":"bike","date":"2020-06-20","url":"i1675159-scomadi-scrambler-150.html","name":" Scomadi Scrambler 150","price":"3,60,000"},{"type":"bike","date":"2020-06-20","url":"i2189534-blue-color-tvs-ntorq.html","name":" Blue Color Tvs Ntorq","price":"1,75,000"},{"type":"bike","date":"2020-06-20","url":"i2186946-fresh-ns-200.html","name":" Fresh= Ns 200","price":"1,43,000"},{"type":"bike","date":"2020-06-20","url":"i2168795-r15v2-on-sale.html","name":" R15v2 On Sale","price":"1,39,000"},{"type":"bike","date":"2020-06-20","url":"i2189734-kawashaki-ninja-300.html","name":" Kawashaki Ninja 300","price":"7,00,000"},{"type":"bike","date":"2020-06-20","url":"i2134527-beneli-302s-black-on-sale.html","name":" Beneli 302s Black On Sale","price":"8,05,000"},{"type":"bike","date":"2020-06-20","url":"i2124963-daelim-bike.html","name":" Daelim Bike","price":"50,000"},{"type":"bike","date":"2020-06-20","url":"i2096204-kawasaki-ninja-300-excellent-condition.html","name":" Kawasaki Ninja 300 Excellent Condition","price":"6,99,999"},{"type":"bike","date":"2020-06-20","url":"i2180489-excellent-avenger-bike2018.html","name":" Excellent Avenger Bike-2018","price":"2,15,000"},{"type":"bike","date":"2020-06-20","url":"i2133825-2016-classic-royal-enfield-for-sale-in-pokhara-or-kathmandu.html","name":" 2016 Classic Royal Enfield For Sale In Pokhara Or Kathmandu","price":"1,80,000"},{"type":"bike","date":"2020-06-20","url":"i2116679-italica-moto-nevada-motorcycle-is-on-sale.html","name":" Italica Moto Nevada Motorcycle Is On Sale...","price":"4,35,000"},{"type":"bike","date":"2020-06-20","url":"i2177454-re-350-classic-in-mint-condition.html","name":" Re 350 Classic In Mint Condition","price":"2,10,000"},{"type":"bike","date":"2020-06-20","url":"i2188275-97-lot-dio-scooter-in-urgent-sale.html","name":" 97 Lot Dio Scooter In Urgent Sale","price":"1,60,000"},{"type":"bike","date":"2020-06-20","url":"i2052414-royal-enfield-interceptor-650cc-dual-channel-abs.html","name":" Royal Enfield Interceptor 650cc Dual Channel Abs","price":"12,49,000"},{"type":"bike","date":"2020-06-20","url":"i2183193-pulsar-ns-on-sale.html","name":" Pulsar Ns On Sale","price":"1,55,000"},{"type":"bike","date":"2020-06-20","url":"i2169950-crossfire-gr7.html","name":" Crossfire Gr7","price":"4,90,000"},{"type":"bike","date":"2020-06-20","url":"i2181061-yamaha-fz-250.html","name":" Yamaha Fz 250","price":"3,20,000"},{"type":"bike","date":"2020-06-20","url":"i1895884-ktm-duke-125-abs.html","name":" Ktm Duke 125 Abs","price":"4,49,900"},{"type":"bike","date":"2020-06-20","url":"i2150221-cafe-racer-continental-gt.html","name":" Cafe Racer (continental Gt )","price":"4,00,000"},{"type":"bike","date":"2020-06-20","url":"i2178273-rodeo-rz-scooter.html","name":" Rodeo Rz Scooter","price":"52,000"},{"type":"bike","date":"2020-06-20","url":"i2189099-hurry-up-pleasure-on-sale.html","name":" Hurry Up Pleasure On Sale","price":"55,000"},{"type":"bike","date":"2020-06-20","url":"i2148791-bullet-classic-350.html","name":" Bullet Classic 350","price":"4,20,000"},{"type":"bike","date":"2020-06-20","url":"i2179958-xl-rfvc-350r-on-sale.html","name":" Xl Rfvc 350r On Sale","price":"5,00,000"},{"type":"bike","date":"2020-06-20","url":"i2168396-lifan-scooter.html","name":" Lifan Scooter","price":"30,000"},{"type":"bike","date":"2020-06-20","url":"i2175606-bullet-350-thunderbird.html","name":" Bullet 350 Thunderbird","price":"2,05,000"},{"type":"bike","date":"2020-06-20","url":"i2175500-yamaha-fz-250.html","name":" Yamaha Fz 250","price":"2,40,000"},{"type":"bike","date":"2020-06-20","url":"i2134899-ktm-duke-250.html","name":" Ktm Duke 250","price":"4,20,000"},{"type":"bike","date":"2020-06-20","url":"i2166129-pulsar-rs200.html","name":" Pulsar Rs200","price":"1,95,000"},{"type":"bike","date":"2020-06-20","url":"i2163649-royal-enfield-bike.html","name":" Royal Enfield Bike","price":"4,20,000"},{"type":"bike","date":"2020-06-20","url":"i2168553-honda-xr190l.html","name":" Honda Xr190l","price":"5,00,000"},{"type":"bike","date":"2020-06-20","url":"i2119291-commando.html","name":" Commando","price":"95,000"},{"type":"bike","date":"2020-06-20","url":"i2095335-benelli-302r.html","name":" Benelli 302r","price":"4,80,000"},{"type":"bike","date":"2020-06-20","url":"i2124641-um-hypersport-230-dirt-bike-on-sale.html","name":" Um Hypersport 230 Dirt Bike On Sale","price":"1,60,000"}]