[{"type":"bike","date":"2020-07-05","url":"i2196911-need-aviator-7080-lot.html","name":" Need Aviator 70-80 Lot","price":"85,000"},{"type":"bike","date":"2020-07-05","url":"i2199587-japnese-vintage-trial-110.html","name":" Japnese Vintage Trial 110","price":"1,50,000"},{"type":"bike","date":"2020-07-05","url":"i2170018-duke-125.html","name":" Duke 125","price":"4,30,000"},{"type":"bike","date":"2020-07-05","url":"i2186532-ktm-250-duke-sale-or-exchange.html","name":" Ktm 250 Duke Sale Or Exchange","price":"3,80,000"},{"type":"bike","date":"2020-07-05","url":"i2176922-90-lot-honda-xr150.html","name":" 90 Lot Honda Xr150","price":"3,60,000"},{"type":"bike","date":"2020-07-05","url":"i2205079-pulsar-150.html","name":" Pulsar 150","price":"65,000"},{"type":"bike","date":"2020-07-05","url":"i2203327-r15-v3-clocked-9k-only-002-lot.html","name":" R15 V3, Clocked 9k Only 002 Lot","price":"3,20,000"},{"type":"bike","date":"2020-07-05","url":"i2196244-crossfire-250.html","name":" Crossfire 250","price":"3,90,000"},{"type":"bike","date":"2020-07-05","url":"i2198051-ktm-duke-250-for-sale-94-lot.html","name":" Ktm Duke 250 For Sale 94 Lot","price":"4,50,000"},{"type":"bike","date":"2020-07-05","url":"i2196164-avenger-street-150.html","name":" Avenger Street 150","price":"1,40,000"},{"type":"bike","date":"2020-07-05","url":"i2191044-fz-25.html","name":" Fz 25","price":"2,45,000"},{"type":"bike","date":"2020-07-05","url":"i2204549-benalli-302r-urgent-sale.html","name":" Benalli 302r Urgent Sale","price":"5,00,000"},{"type":"bike","date":"2020-07-05","url":"i2197915-aviator-scooter-on-sale.html","name":" Aviator Scooter On Sale","price":"1,68,000"},{"type":"bike","date":"2020-07-05","url":"i2199491-urgent-sale.html","name":" Urgent Sale","price":"1,40,000"},{"type":"bike","date":"2020-07-05","url":"i2194290-r15-bike-for-sale.html","name":" R15 Bike For Sale","price":"1,15,000"},{"type":"bike","date":"2020-07-05","url":"i2200766-suzuki-gixxer-155cc-2019-latest-model.html","name":" Suzuki Gixxer 155cc 2019 Latest Model","price":"2,90,000"},{"type":"bike","date":"2020-07-05","url":"i2203037-commando-for-sale.html","name":" Commando For Sale","price":"90,000"},{"type":"bike","date":"2020-07-05","url":"i1914621-crossfire-xz-250-rr.html","name":" Crossfire Xz 250 Rr","price":"2,40,000"},{"type":"bike","date":"2020-07-05","url":"i2198686-bike-for-sale.html","name":" Bike For Sale","price":"2,20,000"},{"type":"bike","date":"2020-07-05","url":"i2202364-vespa-run-3000km-only-open-for-bid.html","name":" Vespa Run 3000km Only Open For Bid","price":"2,30,000"},{"type":"bike","date":"2020-07-05","url":"i2198835-royal-enfield-superstar-standard.html","name":" Royal Enfield Superstar Standard","price":"4,00,000"},{"type":"bike","date":"2020-07-05","url":"i2181626-350-royal-enfield-classic-electra-sale.html","name":" 350 Royal Enfield Classic Electra Sale","price":"3,20,000"},{"type":"bike","date":"2020-07-05","url":"i2201374-hartford-vr-46-lot.html","name":" Hartford Vr 46 Lot","price":"1,10,000"},{"type":"bike","date":"2020-07-05","url":"i2118088-vintage-rx.html","name":" Vintage - Rx","price":"15,000"},{"type":"bike","date":"2020-07-05","url":"i2198265-fresh-tvs-wego.html","name":" Fresh Tvs Wego","price":"68,000"},{"type":"bike","date":"2020-07-05","url":"i2197875-xr.html","name":" Xr","price":"3,50,000"},{"type":"bike","date":"2020-07-05","url":"i2194823-royal-enfield-350-chestnut-legally-modified.html","name":" Royal Enfield 350 Chestnut Legally Modified","price":"3,60,000"},{"type":"bike","date":"2020-07-05","url":"i2200157-yamaha-lot39.html","name":" Yamaha Lot39","price":"65,000"},{"type":"bike","date":"2020-07-05","url":"i2199390-ns-200-on-sale.html","name":" Ns 200 On Sale","price":"1,90,000"},{"type":"bike","date":"2020-07-05","url":"i2202023-glamour-bike-for-sell.html","name":" Glamour Bike For Sell","price":"80,000"},{"type":"bike","date":"2020-07-05","url":"i2199596-duke-200-wolf-packed.html","name":" Duke 200 Wolf Packed","price":"3,64,999"},{"type":"bike","date":"2020-07-05","url":"i2199670-ducati-multistrada-1200s.html","name":" Ducati Multistrada 1200s","price":"29,99,999"},{"type":"bike","date":"2020-07-05","url":"i2185330-honda-trigger-150.html","name":" Honda Trigger 150","price":"1,15,000"},{"type":"bike","date":"2020-07-05","url":"i2205526-bullet350-electra.html","name":" Bullet350 Electra","price":"2,80,000"},{"type":"bike","date":"2020-07-05","url":"i2203367-bullet.html","name":" Bullet","price":"290"},{"type":"bike","date":"2020-07-05","url":"i2200053-electric-scooter-in-excellent-condition.html","name":" Electric Scooter In Excellent Condition","price":"55,000"},{"type":"bike","date":"2020-07-05","url":"i2203879-ktm-rc-200-on-sale.html","name":" Ktm Rc 200 On Sale","price":"3,00,000"},{"type":"bike","date":"2020-07-05","url":"i2197358-zixar-150.html","name":" Zixar 150","price":"1,30,000"},{"type":"bike","date":"2020-07-05","url":"i2189675-cf-moto-nk-150.html","name":" Cf Moto Nk 150","price":"1,95,000"},{"type":"bike","date":"2020-07-05","url":"i2200587-honda-xr-190l-for-sale.html","name":" Honda Xr 190l For Sale","price":"4,75,000"},{"type":"bike","date":"2020-07-05","url":"i2201632-italijet-buccaneer-250i-for-sale.html","name":" Italijet Buccaneer 250i For Sale","price":"2,80,000"},{"type":"bike","date":"2020-07-05","url":"i2173215-bullet-classic-350-battle-green.html","name":" Bullet Classic 350 Battle Green","price":"4,35,000"},{"type":"bike","date":"2020-07-05","url":"i2197779-pulsar-220-aone-condition.html","name":" Pulsar 220(a-one Condition )","price":"1,00,000"},{"type":"bike","date":"2020-07-05","url":"i2189125-apache-310.html","name":" Apache 310","price":"6,00,000"},{"type":"bike","date":"2020-07-05","url":"i2204484-bullet-350-army-color.html","name":" Bullet 350 Army Color","price":"3,85,000"},{"type":"bike","date":"2020-07-05","url":"i2199589-ekdam-fresh-condition-ko-unicorn.html","name":" Ekdam Fresh Condition Ko Unicorn","price":"75,000"},{"type":"bike","date":"2020-07-05","url":"i2196695-duke-ktm-200.html","name":" Duke Ktm 200","price":"3,90,000"},{"type":"bike","date":"2020-07-05","url":"i2174243-bullet-on-sale.html","name":" Bullet On Sale","price":"3,60,000"},{"type":"bike","date":"2020-07-05","url":"i2205710-honda-crf250l.html","name":" Honda Crf250l","price":"9,65,000"},{"type":"bike","date":"2020-07-05","url":"i2188762-vr-150.html","name":" Vr 150","price":"95,000"},{"type":"bike","date":"2020-07-05","url":"i2202525-hero-pleasure-scooter-on-urgent-sell.html","name":" Hero Pleasure Scooter On Urgent Sell","price":"60,000"},{"type":"bike","date":"2020-07-05","url":"i2196812-honda-dio-77-lot-on-sale.html","name":" Honda Dio 77 Lot On Sale","price":"1,30,000"},{"type":"bike","date":"2020-07-05","url":"i2207358-ducati-monster-696.html","name":" Ducati Monster 696","price":"13,00,000"},{"type":"bike","date":"2020-07-05","url":"i2172869-aprilia-sr-150.html","name":" Aprilia Sr 150","price":"2,00,000"},{"type":"bike","date":"2020-07-05","url":"i2199421-yamaha-fz-v2-80-lot.html","name":" Yamaha Fz V2_80 Lot","price":"1,55,000"},{"type":"bike","date":"2020-07-05","url":"i2181759-shine.html","name":" Shine","price":"59,000"},{"type":"bike","date":"2020-07-05","url":"i2113478-ktm-rc-200.html","name":" Ktm Rc 200","price":"2,60,000"},{"type":"bike","date":"2020-07-05","url":"i2199295-honda-dio-on-sale.html","name":" Honda Dio On Sale","price":"1,25,000"},{"type":"bike","date":"2020-07-05","url":"i2194728-benelli-tnt-300-for-sale.html","name":" Benelli Tnt 300 For Sale!","price":"4,00,000"},{"type":"bike","date":"2020-07-05","url":"i2207394-himalayan.html","name":" Himalayan","price":"3,68,000"},{"type":"bike","date":"2020-07-05","url":"i2204786-japanis-bike.html","name":" Japanis Bike","price":"3,65,000"},{"type":"bike","date":"2020-07-05","url":"i2202000-honda-tornado-250.html","name":" Honda Tornado 250","price":"5,60,000"},{"type":"bike","date":"2020-07-05","url":"i2202589-full-conditioned-vr-on-sale.html","name":" Full Conditioned Vr On Sale","price":"1,15,000"},{"type":"bike","date":"2020-07-05","url":"i2077522-pulsar-150-bike-on-sale.html","name":" Pulsar 150 Bike On Sale.","price":"45,000"},{"type":"bike","date":"2020-07-05","url":"i2166076-honda-crf250l.html","name":" Honda Crf250l","price":"10,80,000"},{"type":"bike","date":"2020-07-05","url":"i2199794-crossfire-xz-250rr.html","name":" Crossfire Xz 250rr","price":"3,60,000"},{"type":"bike","date":"2020-07-05","url":"i2183199-inazuma-750-on-sale.html","name":" Inazuma 750 On Sale","price":"8,00,000"},{"type":"bike","date":"2020-07-05","url":"i2201303-bullet-electra-350.html","name":" Bullet Electra 350","price":"2,35,000"},{"type":"bike","date":"2020-07-05","url":"i2196182-hartford-vr-150.html","name":" Hartford Vr 150","price":"1,55,000"},{"type":"bike","date":"2020-07-05","url":"i2204748-himalayan.html","name":" Himalayan","price":"3,50,000"},{"type":"bike","date":"2020-07-05","url":"i2161970-r15-urgent-sell.html","name":" R15 Urgent Sell","price":"80,000"},{"type":"bike","date":"2020-07-05","url":"i2192167-yamaha-fz25-dual-abs-new-model.html","name":" Yamaha Fz25 Dual Abs New Model","price":"3,95,000"},{"type":"bike","date":"2020-07-05","url":"i2157529-a-very-good-condition-red-r15v3-bike-sell.html","name":" A Very Good Condition Red R15v3 Bike Sell","price":"3,10,000"},{"type":"bike","date":"2020-07-05","url":"i2203916-yamaha-enticer-fully-conditioned-bike-125cc.html","name":" Yamaha Enticer Fully Conditioned Bike 125cc","price":"37,000"},{"type":"bike","date":"2020-07-05","url":"i2205930-benelli-tnt-300-on-sale.html","name":" Benelli Tnt 300 On Sale","price":"4,80,000"},{"type":"bike","date":"2020-07-05","url":"i2195978-fresh-bullet-on-sale.html","name":" Fresh Bullet On Sale","price":"4,00,000"},{"type":"bike","date":"2020-07-05","url":"i2189237-pulsar-ns-200.html","name":" Pulsar Ns 200","price":"2,30,000"},{"type":"bike","date":"2020-07-05","url":"i2184410-urgent-sale-fzs-v3.html","name":" Urgent Sale Fzs V3","price":"2,75,000"},{"type":"bike","date":"2020-07-05","url":"i2200957-fz-150.html","name":" Fz 150","price":"1,50,000"},{"type":"bike","date":"2020-07-05","url":"i2201628-fresh-pulsar-220-sell-or-exchange-with-dio-scooty.html","name":" Fresh Pulsar 220 Sell Or Exchange With Dio Scooty","price":"80,000"},{"type":"bike","date":"2020-07-05","url":"i2190304-dominar-400-sale-or-exchange.html","name":" Dominar 400 Sale Or Exchange","price":"2,75,000"},{"type":"bike","date":"2020-07-05","url":"i2126944-suzuki-gsr-600cc.html","name":" Suzuki Gsr 600cc","price":"10,75,000"},{"type":"bike","date":"2020-07-05","url":"i2095253-cbr-250.html","name":" Cbr 250","price":"1,80,000"},{"type":"bike","date":"2020-07-05","url":"i2200518-bullet-electra.html","name":" Bullet Electra","price":"3,50,000"},{"type":"bike","date":"2020-07-05","url":"i2193279-bajaj-pulsar-150.html","name":" Bajaj Pulsar 150","price":"1,00,000"},{"type":"bike","date":"2020-07-05","url":"i2148299-crossfire-on-sale.html","name":" Crossfire On Sale","price":"3,15,000"},{"type":"bike","date":"2020-07-05","url":"i2177005-gt535.html","name":" Gt-535","price":"3,70,000"},{"type":"bike","date":"2020-07-05","url":"i2179086-crossfire-gr7-250cc-dirt.html","name":" Crossfire Gr7 250cc (dirt)","price":"4,27,000"},{"type":"bike","date":"2020-07-05","url":"i2198169-suzuki-gixxer-sf-155cc-on-sale.html","name":" Suzuki Gixxer Sf 155cc On Sale","price":"1,75,000"},{"type":"bike","date":"2020-07-05","url":"i2192777-electric-scooter.html","name":" Electric Scooter","price":"1,45,000"},{"type":"bike","date":"2020-07-05","url":"i2194840-xpluse.html","name":" Xpluse","price":"3,10,000"},{"type":"bike","date":"2020-07-05","url":"i2186036-aviator.html","name":" Aviator","price":"80,000"},{"type":"bike","date":"2020-07-05","url":"i2192184-honda-crf.html","name":" Honda Crf","price":"8,90,000"},{"type":"bike","date":"2020-07-05","url":"i2197436-bullet-bike-bikri-ma.html","name":" Bullet Bike Bikri Ma","price":"3,50,000"},{"type":"bike","date":"2020-07-05","url":"i2194231-yamaha-r3.html","name":" Yamaha R3","price":"7,10,000"},{"type":"bike","date":"2020-07-05","url":"i2201395-bike-on-sale-its-urgent.html","name":" Bike On Sale Its Urgent","price":"70,000"},{"type":"bike","date":"2020-07-05","url":"i2104008-ktm-duke-200.html","name":" Ktm Duke 200.","price":"2,30,000"},{"type":"bike","date":"2020-07-05","url":"i2202147-yamaha-yzf-r3-for-sale.html","name":" Yamaha Yzf R3 For Sale!","price":"7,00,000"},{"type":"bike","date":"2020-07-05","url":"i2185855-re-interceptor-for-sale.html","name":" Re Interceptor For Sale.","price":"11,75,000"},{"type":"bike","date":"2020-07-05","url":"i2171081-ns-200.html","name":" Ns 200","price":"1,95,000"},{"type":"bike","date":"2020-07-05","url":"i2166426-ducati-796.html","name":" Ducati 796","price":"14,25,000"},{"type":"bike","date":"2020-07-05","url":"i2181306-platina-125.html","name":" Platina 125","price":"55,000"},{"type":"bike","date":"2020-07-05","url":"i2170956-crossfire-xz-250rr-urgent-sale.html","name":" Crossfire Xz 250rr Urgent Sale","price":"3,10,000"},{"type":"bike","date":"2020-07-05","url":"i2191206-nk-250-sale.html","name":" Nk 250 Sale...","price":"3,60,000"},{"type":"bike","date":"2020-07-05","url":"i2202063-gixxer-sf-full-upgraded.html","name":" Gixxer Sf Full Upgraded","price":"1,70,000"},{"type":"bike","date":"2020-07-05","url":"i2192724-royal-enfield-classic-350.html","name":" Royal Enfield Classic 350","price":"4,70,000"},{"type":"bike","date":"2020-07-05","url":"i2206414-fz-150.html","name":" Fz 150","price":"1,80,000"},{"type":"bike","date":"2020-07-05","url":"i2193139-crossfire-xz250rr.html","name":" Crossfire Xz250rr","price":"4,19,999"},{"type":"bike","date":"2020-07-05","url":"i2187963-dominar-400cc-97-lot.html","name":" Dominar - 400cc 97 Lot","price":"2,95,000"},{"type":"bike","date":"2020-07-05","url":"i2186349-honda-navi-scooter.html","name":" Honda Navi Scooter","price":"78,000"},{"type":"bike","date":"2020-07-05","url":"i2205015-scuty-sell.html","name":" Scuty Sell","price":"55,000"},{"type":"bike","date":"2020-07-05","url":"i2205017-super-splendor-lot-60-black.html","name":" Super Splendor Lot 60 Black","price":"80,000"},{"type":"bike","date":"2020-07-05","url":"i2190108-r15-v1.html","name":" R15 V1","price":"85,000"},{"type":"bike","date":"2020-07-05","url":"i2189176-pulsar-220f.html","name":" Pulsar 220f","price":"99,999"},{"type":"bike","date":"2020-07-05","url":"i2192280-220f-pulsar-on-sell.html","name":" 220f Pulsar On Sell","price":"1,63,000"},{"type":"bike","date":"2020-07-05","url":"i2179105-bajaj-220-pulsar-in-fresh-condition-urgent-sell-can-be-exchange.html","name":" Bajaj 220 Pulsar In Fresh Condition....urgent Sell Can Be Exchange","price":"1,30,000"},{"type":"bike","date":"2020-07-05","url":"i2196853-cbz-extreme.html","name":" Cbz Extreme","price":"57,000"},{"type":"bike","date":"2020-07-05","url":"i2196277-crossfire-rm250-bike.html","name":" Crossfire Rm250 Bike","price":"4,75,000"},{"type":"bike","date":"2020-07-05","url":"i2204528-bajaj-ns-200-sale.html","name":" Bajaj Ns 200 Sale","price":"2,30,000"},{"type":"bike","date":"2020-07-05","url":"i2148966-duke250.html","name":" Duke-250","price":"3,50,000"},{"type":"bike","date":"2020-07-05","url":"i2175606-bullet-350-thunderbird.html","name":" Bullet 350 Thunderbird","price":"2,05,000"},{"type":"bike","date":"2020-07-05","url":"i2177274-hero-honda-glamour-21-lot-helmet-free.html","name":" Hero Honda Glamour 21 Lot _ Helmet Free","price":"39,900"},{"type":"bike","date":"2020-07-05","url":"i2192645-ntorq.html","name":" Ntorq","price":"1,85,000"},{"type":"bike","date":"2020-07-05","url":"i2190452-crf250l.html","name":" Crf250l","price":"7,65,000"},{"type":"bike","date":"2020-07-05","url":"i2188776-pulsar-150-on-sale.html","name":" Pulsar 150 On Sale","price":"60,000"},{"type":"bike","date":"2020-07-05","url":"i2202565-arugent-bikrima-78-lot.html","name":" Arugent Bikrima 78 Lot","price":"1,15,000"},{"type":"bike","date":"2020-07-05","url":"i1975564-gpx-gentleman-bike-on-sale.html","name":" Gpx Gentleman Bike On Sale","price":"3,50,000"},{"type":"bike","date":"2020-07-05","url":"i2202582-aviator-scooty-on-urgent-sale.html","name":" Aviator Scooty On Urgent Sale","price":"40,000"},{"type":"bike","date":"2020-07-05","url":"i2175525-honda-xr250-tornado.html","name":" Honda Xr250 Tornado","price":"5,50,000"},{"type":"bike","date":"2020-07-05","url":"i2193647-ktm-duke-bike-on-sale.html","name":" Ktm Duke Bike On Sale...","price":"2,35,000"},{"type":"bike","date":"2020-07-05","url":"i2200655-tnt-300on-sell.html","name":" Tnt 300on Sell","price":"4,20,000"},{"type":"bike","date":"2020-07-05","url":"i2184001-royal-enfield-electra-350.html","name":" Royal Enfield Electra 350","price":"3,15,000"},{"type":"bike","date":"2020-07-05","url":"i2181190-aviator-94-lot-no-scratch.html","name":" Aviator 94 Lot (no Scratch)","price":"1,65,000"},{"type":"bike","date":"2020-07-05","url":"i2183628-yamaha-r15-v2.html","name":" Yamaha R15 V2","price":"1,29,000"},{"type":"bike","date":"2020-07-05","url":"i2198599-ktm-duke-250-white-not-even-a-single-scratch.html","name":" Ktm Duke 250 White (not Even A Single Scratch)","price":"5,00,000"},{"type":"bike","date":"2020-07-05","url":"i2202576-101-lot-honda-dio-fresh-condition-for-sale.html","name":" 101 Lot Honda Dio Fresh Condition For Sale","price":"1,60,000"},{"type":"bike","date":"2020-07-05","url":"i2199541-yamaha-fz-for-sale.html","name":" Yamaha Fz For Sale","price":"1,90,000"},{"type":"bike","date":"2020-07-05","url":"i2194867-royal-enfield-bullet-classic-350.html","name":" Royal Enfield Bullet Classic 350","price":"2,52,500"},{"type":"bike","date":"2020-07-05","url":"i2147898-yamaha-fz-version-1-0.html","name":" Yamaha Fz Version 1.0","price":"68,000"},{"type":"bike","date":"2020-07-05","url":"i2184481-suzuki-gsr600.html","name":" Suzuki Gsr600","price":"11,00,000"},{"type":"bike","date":"2020-07-05","url":"i2161457-benelli-tnt-600i-abs.html","name":" Benelli Tnt 600i (abs)","price":"13,00,000"},{"type":"bike","date":"2020-07-05","url":"i2189734-kawashaki-ninja-300.html","name":" Kawashaki Ninja 300","price":"7,00,000"},{"type":"bike","date":"2020-07-05","url":"i2101720-electra-bullet-royal-enfield.html","name":" Electra Bullet Royal Enfield","price":"2,20,000"},{"type":"bike","date":"2020-07-05","url":"i2190759-fz-v1.html","name":" Fz V1","price":"70,000"},{"type":"bike","date":"2020-07-05","url":"i2181289-apache-200.html","name":" Apache 200","price":"1,80,000"},{"type":"bike","date":"2020-07-05","url":"i2184655-bajaj-avenger-220-cruise-bike.html","name":" Bajaj Avenger 220 Cruise Bike","price":"1,50,000"},{"type":"bike","date":"2020-07-05","url":"i2182844-fzs-bike.html","name":" Fzs Bike","price":"1,55,000"},{"type":"bike","date":"2020-07-05","url":"i2205328-ns-200-86-lot-full-fresh-no-any-scratch.html","name":" Ns 200 86 Lot Full Fresh (no Any Scratch)","price":"2,09,999"},{"type":"bike","date":"2020-07-05","url":"i2199116-royal-enfield-350.html","name":" Royal Enfield 350","price":"4,75,000"},{"type":"bike","date":"2020-07-05","url":"i2197361-dio.html","name":" Dio","price":"97,000"},{"type":"bike","date":"2020-07-05","url":"i2201190-fzs-v-2-0.html","name":" Fzs V 2.0","price":"1,35,000"},{"type":"bike","date":"2020-07-05","url":"i2097396-pulsar-rs-200-on-sale.html","name":" Pulsar Rs 200 On Sale","price":"1,75,000"},{"type":"bike","date":"2020-07-05","url":"i2200887-bajaj-rs200.html","name":" Bajaj Rs200","price":"2,00,000"},{"type":"bike","date":"2020-07-05","url":"i2183681-fz-v2-150.html","name":" Fz V2 150","price":"1,40,000"},{"type":"bike","date":"2020-07-05","url":"i2187852-um-renegade-180.html","name":" Um Renegade 180","price":"1,35,000"},{"type":"bike","date":"2020-07-05","url":"i2194623-aviator.html","name":" Aviator","price":"1,05,000"},{"type":"bike","date":"2020-07-05","url":"i2197074-like-brand-new-ktm-duke-390cc.html","name":" Like Brand New Ktm Duke 390cc","price":"2,65,000"},{"type":"bike","date":"2020-07-05","url":"i2181362-crossx-250-se.html","name":" Crossx 250 Se","price":"5,00,000"},{"type":"bike","date":"2020-07-05","url":"i2205853-benelli-tnt-25-urgent-sale.html","name":" Benelli Tnt 25 (urgent Sale)","price":"1,75,000"},{"type":"bike","date":"2020-07-05","url":"i2205549-aviator-scooty-on-urgent-sale.html","name":" Aviator Scooty On Urgent Sale","price":"75,000"},{"type":"bike","date":"2020-07-05","url":"i2182762-66-lot-dio-scoty-on-sale.html","name":" 66 Lot Dio Scoty On Sale","price":"1,05,000"},{"type":"bike","date":"2020-07-05","url":"i2190893-gixxer-bike-on-sale.html","name":" Gixxer Bike On Sale","price":"1,50,000"},{"type":"bike","date":"2020-07-05","url":"i2160489-electra.html","name":" Electra","price":"1,60,000"},{"type":"bike","date":"2020-07-05","url":"i1893210-yamaha-mt-15.html","name":" Yamaha Mt 15","price":"4,29,900"},{"type":"bike","date":"2020-07-05","url":"i2146137-fresh-crossfire-rm-250-on-sale.html","name":" Fresh Crossfire Rm 250 On Sale","price":"5,75,000"},{"type":"bike","date":"2020-07-05","url":"i2192111-bike-ramro-xa-pokhara-masbar-lakeside-15-model-ko-ho-line-vaye-call-me.html","name":" Bike Ramro Xa Pokhara Masbar Lakeside 15 Model Ko Ho Line Vaye Call Me","price":"1,50,000"},{"type":"bike","date":"2020-07-05","url":"i2107596-cbr-600-red-2019-model-pr-3-105-lot.html","name":" Cbr 600 Red 2019 Model Pr 3 105 Lot","price":"29,50,000"},{"type":"bike","date":"2020-07-05","url":"i2164480-pulsar-180-sell.html","name":" Pulsar 180 Sell","price":"85,000"},{"type":"bike","date":"2020-07-05","url":"i2189385-black-honda-tornado-250.html","name":" Black Honda Tornado 250","price":"6,00,000"},{"type":"bike","date":"2020-07-05","url":"i2200341-reiju-marathon-pro.html","name":" Reiju Marathon Pro","price":"2,00,000"},{"type":"bike","date":"2020-07-05","url":"i2201795-yamaha-r15-v3.html","name":" Yamaha R15 V3","price":"3,30,000"},{"type":"bike","date":"2020-07-05","url":"i2189883-lemoto-lrf-250-on-sale-with-discount.html","name":" Lemoto Lrf 250 On Sale With Discount","price":"4,50,000"},{"type":"bike","date":"2020-07-05","url":"i2045284-150-pulsar.html","name":" 150 Pulsar","price":"60,000"},{"type":"bike","date":"2020-07-05","url":"i2201225-new-royal-enfield-350cc-classic.html","name":" New Royal Enfield 350cc Classic","price":"2,80,000"},{"type":"bike","date":"2020-07-05","url":"i2203662-ktm-duke-200-on-sale.html","name":" Ktm Duke 200 On Sale","price":"1,60,000"},{"type":"bike","date":"2020-07-05","url":"i2191765-foldable-electric-scooter.html","name":" Foldable Electric Scooter","price":"45,000"},{"type":"bike","date":"2020-07-05","url":"i2168612-royal-enfield-thunderbird-x-350-new-model-red.html","name":" Royal Enfield Thunderbird X 350 New Model Red","price":"5,00,000"},{"type":"bike","date":"2020-07-05","url":"i2196619-hero-pleasure-59lot.html","name":" Hero Pleasure (59lot)","price":"67,000"},{"type":"bike","date":"2020-07-05","url":"i2177014-apache-rtr-200-4v-exchange-with-avengar-220-and-sell.html","name":" Apache Rtr 200 4v Exchange With Avengar 220 And Sell","price":"2,20,000"},{"type":"bike","date":"2020-07-05","url":"i2163161-bajaj-pulsar-150.html","name":" Bajaj Pulsar 150","price":"1,32,000"},{"type":"bike","date":"2020-07-05","url":"i2207844-benelli-2017-abs-86-lot.html","name":" Benelli 2017 Abs 86 Lot","price":"4,80,000"},{"type":"bike","date":"2020-07-05","url":"i2201586-bullet-on-sale-contact-no-9843192009.html","name":" Bullet On Sale Contact No 9843192009","price":"2,50,000"},{"type":"bike","date":"2020-07-05","url":"i2204477-fz-sfi-v3-abs-150cc-on-sale.html","name":" Fz S-fi V3 Abs 150cc On Sale","price":"2,80,000"},{"type":"bike","date":"2020-07-05","url":"i2205293-honda-crf-250cc-61-lot.html","name":" Honda Crf 250cc (61 Lot)","price":"7,68,000"},{"type":"bike","date":"2020-07-05","url":"i2192939-black-bullet.html","name":" Black Bullet","price":"4,22,000"},{"type":"bike","date":"2020-07-05","url":"i2058887-yamaha-rx-100.html","name":" Yamaha Rx 100","price":"90,000"},{"type":"bike","date":"2020-07-05","url":"i2202871-honda-dio-43-lot.html","name":" Honda Dio 43 Lot","price":"40,000"},{"type":"bike","date":"2020-07-05","url":"i2203364-yamaha-rx-100-lot-6.html","name":" Yamaha Rx 100 (lot 6)","price":"25,000"},{"type":"bike","date":"2020-07-05","url":"i2190430-himalaya-black-pokhara-exchange-wth-honda-dirt-thunderbird.html","name":" Himalaya Black(pokhara) Exchange Wth Honda Dirt, Thunderbird","price":"3,75,000"},{"type":"bike","date":"2020-07-05","url":"i2200788-pulsar-220f.html","name":" Pulsar 220f","price":"2,00,000"},{"type":"bike","date":"2020-07-05","url":"i2204856-sell-or-exchange-with-bike.html","name":" Sell Or Exchange With Bike","price":"1,55,000"},{"type":"bike","date":"2020-07-05","url":"i2187670-as150-for-sale.html","name":" As150 For Sale","price":"1,10,000"},{"type":"bike","date":"2020-07-05","url":"i2178484-honda-cb-1000r-abs-finance-available.html","name":" Honda Cb 1000r Abs Finance Available","price":"24,50,000"},{"type":"bike","date":"2020-07-05","url":"i2169841-yamaha-fzs-v2.html","name":" Yamaha Fzs V2","price":"1,20,000"},{"type":"bike","date":"2020-07-05","url":"i2190448-dio-scooty-88-lot-urgent-sell-only-6500km.html","name":" Dio Scooty 88 Lot Urgent Sell Only 6500km","price":"1,50,000"},{"type":"bike","date":"2020-07-05","url":"i2205076-bike-150-tds-pulse.html","name":" Bike 150 Tds Pulse","price":"2,40,000"},{"type":"bike","date":"2020-07-05","url":"i2054686-1987-honda-xl600r.html","name":" 1987 Honda Xl600r","price":"1,50,000"},{"type":"bike","date":"2020-07-05","url":"i2204057-royal-enfield-bullet-bike-79-lot.html","name":" Royal Enfield Bullet Bike 79 Lot","price":"3,25,000"},{"type":"bike","date":"2020-07-05","url":"i2204012-avenger-lot-38-black.html","name":" Avenger Lot 38 Black","price":"70,000"},{"type":"bike","date":"2020-07-05","url":"i2166666-honda-tornado-250.html","name":" Honda Tornado 250","price":"5,00,000"},{"type":"bike","date":"2020-07-05","url":"i2192026-scotty-sale.html","name":" Scotty Sale","price":"85,000"},{"type":"bike","date":"2020-07-05","url":"i2200925-150-pulsar.html","name":" 150 Pulsar","price":"75,000"},{"type":"bike","date":"2020-07-05","url":"i2207275-honda-gl125cc-2-lot-made-in-japan.html","name":" Honda Gl-125cc (2 Lot) Made In Japan","price":"1,28,000"},{"type":"bike","date":"2020-07-05","url":"i2206140-dio-scooter-for-sale.html","name":" Dio Scooter For Sale","price":"49,000"},{"type":"bike","date":"2020-07-05","url":"i2194242-motrac-bike-on-sell.html","name":" Motrac Bike On Sell","price":"1,25,000"},{"type":"bike","date":"2020-07-05","url":"i2069934-ktm-duke-200-on-sale-or-exchange-with-scooter.html","name":" Ktm Duke 200 On Sale Or Exchange With Scooter","price":"2,76,000"},{"type":"bike","date":"2020-07-05","url":"i2199287-150-cc-pulsar-urgent-sale.html","name":" 150 Cc Pulsar Urgent Sale","price":"1,35,000"},{"type":"bike","date":"2020-07-05","url":"i2190026-cross-fire-gr7-250-motard.html","name":" Cross Fire Gr7 250 Motard","price":"4,40,000"},{"type":"bike","date":"2020-07-05","url":"i2154851-fzs150-sale.html","name":" Fzs150 Sale","price":"1,45,000"},{"type":"bike","date":"2020-07-05","url":"i2203967-bullet-on-sell.html","name":" Bullet On Sell","price":"2,10,000"},{"type":"bike","date":"2020-07-05","url":"i2187334-ktm-duke-200.html","name":" Ktm Duke 200","price":"2,55,000"},{"type":"bike","date":"2020-07-05","url":"i1911127-electric-scooter-for-city-ride.html","name":" Electric Scooter For City Ride.","price":"85,000"},{"type":"bike","date":"2020-07-05","url":"i2063402-gsx-750cc-traffic-edition.html","name":" Gsx 750cc Traffic Edition..","price":"7,70,000"},{"type":"bike","date":"2020-07-05","url":"i2117676-honda-hornet-160r.html","name":" Honda Hornet 160r","price":"1,30,000"},{"type":"bike","date":"2020-07-05","url":"i2201264-bajaj-avenger-150cc-street-74-lot.html","name":" Bajaj Avenger 150cc Street - 74 Lot","price":"1,45,000"},{"type":"bike","date":"2020-07-05","url":"i2162152-royal-enfield-good-fair.html","name":" Royal Enfield(good Fair)","price":"2,90,000"},{"type":"bike","date":"2020-07-05","url":"i2206307-arjent-scooty-cahiyo.html","name":" Arjent Scooty Cahiyo","price":"10,000"},{"type":"bike","date":"2020-07-05","url":"i2202998-honda-xr-150-lot-90.html","name":" Honda Xr 150 Lot 90","price":"3,30,000"},{"type":"bike","date":"2020-07-05","url":"i2172962-benelli-tnt-150i.html","name":" Benelli Tnt 150i","price":"2,80,000"},{"type":"bike","date":"2020-07-05","url":"i2205481-tvs-apache-180.html","name":" Tvs Apache 180","price":"55,000"},{"type":"bike","date":"2020-07-05","url":"i2196733-ismart-bike.html","name":" Ismart Bike","price":"95,000"},{"type":"bike","date":"2020-07-05","url":"i2177883-honda-unicorn-urgent-sale.html","name":" Honda Unicorn Urgent Sale","price":"75,000"},{"type":"bike","date":"2020-07-05","url":"i2122039-pulsar-200ns-fresh-conditions.html","name":" Pulsar 200ns(fresh Conditions)","price":"1,85,000"},{"type":"bike","date":"2020-07-05","url":"i2200345-xcd-125.html","name":" Xcd 125","price":"35,000"},{"type":"bike","date":"2020-07-05","url":"i2193436-dio.html","name":" Dio","price":"95"},{"type":"bike","date":"2020-07-05","url":"i2173204-ktm-duke-250-90-lot.html","name":" Ktm Duke 250 90 Lot","price":"3,65,000"},{"type":"bike","date":"2020-07-05","url":"i2193560-honda-shine.html","name":" Honda Shine","price":"1,20,000"},{"type":"bike","date":"2020-07-05","url":"i2207904-scrambler-250-on-sale.html","name":" Scrambler 250 On Sale","price":"2,80,000"},{"type":"bike","date":"2020-07-05","url":"i2196159-bajaj-pulsar-150.html","name":" Bajaj Pulsar 150","price":"87,000"},{"type":"bike","date":"2020-07-05","url":"i2130844-yamaha-fz25-bike-on-sale-very-good-condition-fz-25-fz25-250cc.html","name":" Yamaha Fz25 Bike On Sale ... Very Good Condition Fz 25 Fz-25 250cc","price":"2,60,000"},{"type":"bike","date":"2020-07-05","url":"i2154135-r15-v2.html","name":" R15 V2","price":"1,50,000"},{"type":"bike","date":"2020-07-05","url":"i2206914-hero-honda-karizma-59-lot.html","name":" Hero Honda Karizma (59 Lot)","price":"59,000"},{"type":"bike","date":"2020-07-05","url":"i2207100-fzs-v2-on-sale.html","name":" Fzs V2 On Sale","price":"1,95,000"},{"type":"bike","date":"2020-07-05","url":"i2121570-r15-v2.html","name":" R15 V2","price":"1,25,000"},{"type":"bike","date":"2020-07-05","url":"i2202208-urgent-sell-ktm-duke-200-in-fresh-condition.html","name":" Urgent Sell Ktm Duke 200 In Fresh Condition","price":"3,70,000"},{"type":"bike","date":"2020-07-05","url":"i2199573-honda-crf-250l.html","name":" Honda Crf 250l","price":"8,65,000"},{"type":"bike","date":"2020-07-05","url":"i2167801-honda-dio-scooter.html","name":" Honda Dio Scooter","price":"70,000"},{"type":"bike","date":"2020-07-05","url":"i2168795-r15v2-on-sale.html","name":" R15v2 On Sale","price":"1,39,000"},{"type":"bike","date":"2020-07-05","url":"i1995555-cbr-600-rr.html","name":" Cbr 600 Rr","price":"17,80,000"},{"type":"bike","date":"2020-07-05","url":"i2198536-royel-enfield-fresh-condition.html","name":" Royel Enfield Fresh Condition","price":"1,93,000"}]