[{"type":"bike","date":"2020-06-10","url":"i2170956-crossfire-xz-250rr-urgent-sale.html","name":" Crossfire Xz 250rr Urgent Sale","price":"3,10,000"},{"type":"bike","date":"2020-06-10","url":"i2140330-pulsar-220f-black-red92-lot-urgent-bikrima.html","name":" Pulsar 220f Black Red92 Lot Urgent Bikrima","price":"1,88,000"},{"type":"bike","date":"2020-06-10","url":"i2177005-gt535.html","name":" Gt-535","price":"3,70,000"},{"type":"bike","date":"2020-06-10","url":"i2107596-cbr-600-red-2019-model-pr-3-105-lot.html","name":" Cbr 600 Red 2019 Model Pr 3 105 Lot","price":"29,50,000"},{"type":"bike","date":"2020-06-10","url":"i2177543-fresh-dio-on-sell.html","name":" Fresh Dio On Sell","price":"95,000"},{"type":"bike","date":"2020-06-10","url":"i2176922-90-lot-honda-xr150.html","name":" 90 Lot Honda Xr150","price":"3,60,000"},{"type":"bike","date":"2020-06-10","url":"i2175705-xblade.html","name":" Xblade","price":"1,70,000"},{"type":"bike","date":"2020-06-10","url":"i2175525-honda-xr250-tornado.html","name":" Honda Xr250 Tornado","price":"5,50,000"},{"type":"bike","date":"2020-06-10","url":"i2170749-bajaj-discover-100t-model-bike-on-sale.html","name":" Bajaj Discover 100t Model Bike On Sale","price":"47,500"},{"type":"bike","date":"2020-06-10","url":"i2147261-machismo-bullet.html","name":" Machismo Bullet","price":"2,60,000"},{"type":"bike","date":"2020-06-10","url":"i1914621-crossfire-xz-250-rr.html","name":" Crossfire Xz 250 Rr","price":"2,40,000"},{"type":"bike","date":"2020-06-10","url":"i2177591-fresh-dio-on-sell.html","name":" Fresh Dio On Sell","price":"49,000"},{"type":"bike","date":"2020-06-10","url":"i2125676-reiju-marathon-sale-or-exchange.html","name":" Reiju Marathon Sale Or Exchange","price":"1,90,000"},{"type":"bike","date":"2020-06-10","url":"i2174243-bullet-on-sale.html","name":" Bullet On Sale","price":"3,60,000"},{"type":"bike","date":"2020-06-10","url":"i2161944-benelli-tnt-300.html","name":" Benelli Tnt 300","price":"5,40,000"},{"type":"bike","date":"2020-06-10","url":"i2177252-fz-25-2020-fi-abs.html","name":" Fz 25 2020 Fi Abs","price":"4,15,000"},{"type":"bike","date":"2020-06-10","url":"i2171103-dio.html","name":" Dio","price":"92,000"},{"type":"bike","date":"2020-06-10","url":"i2118088-vintage-rx.html","name":" Vintage - Rx","price":"15,000"},{"type":"bike","date":"2020-06-10","url":"i2166211-ktm-duke390.html","name":" Ktm Duke390","price":"2,35,000"},{"type":"bike","date":"2020-06-10","url":"i2177282-hinda-dio-scooter.html","name":" Hinda Dio Scooter","price":"37,000"},{"type":"bike","date":"2020-06-10","url":"i2173030-ktm-duke-200.html","name":" Ktm Duke 200","price":"3,60,000"},{"type":"bike","date":"2020-06-10","url":"i2172660-honda-shine-silver-colour.html","name":" Honda Shine Silver Colour","price":"75,000"},{"type":"bike","date":"2020-06-10","url":"i2161970-r15-urgent-sell.html","name":" R15 Urgent Sell","price":"80,000"},{"type":"bike","date":"2020-06-10","url":"i2113478-ktm-rc-200.html","name":" Ktm Rc 200","price":"2,60,000"},{"type":"bike","date":"2020-06-10","url":"i2177014-exchange-with-avengar-220-and-sell.html","name":" Exchange With Avengar 220 And Sell","price":"2,10,000"},{"type":"bike","date":"2020-06-10","url":"i2174315-220-bike-sale-or-exchange-with-scooty.html","name":" 220 Bike Sale Or Exchange With Scooty","price":"1,80,000"},{"type":"bike","date":"2020-06-10","url":"i2166027-bajaj-220-pulsar-fresh.html","name":" Bajaj 220 Pulsar Fresh","price":"1,85,000"},{"type":"bike","date":"2020-06-10","url":"i2126944-suzuki-gsr-600cc.html","name":" Suzuki Gsr 600cc","price":"11,50,000"},{"type":"bike","date":"2020-06-10","url":"i2171489-pulsar150-for-sale.html","name":" Pulsar150 For Sale","price":"1,00,000"},{"type":"bike","date":"2020-06-10","url":"i2157529-a-very-good-condition-red-r15v3-bike-sell.html","name":" A Very Good Condition Red R15v3 Bike Sell","price":"3,10,000"},{"type":"bike","date":"2020-06-10","url":"i2147025-pulsar-ns-200.html","name":" Pulsar Ns 200","price":"1,50,000"},{"type":"bike","date":"2020-06-10","url":"i2173215-bullet-classic-350-battle-green.html","name":" Bullet Classic 350 Battle Green","price":"4,35,000"},{"type":"bike","date":"2020-06-10","url":"i2171081-ns-200.html","name":" Ns 200","price":"1,95,000"},{"type":"bike","date":"2020-06-10","url":"i2148299-crossfire-on-sale.html","name":" Crossfire On Sale","price":"3,15,000"},{"type":"bike","date":"2020-06-10","url":"i2166426-ducati-796.html","name":" Ducati 796","price":"14,25,000"},{"type":"bike","date":"2020-06-10","url":"i2176532-electric-cycle-taiwanese.html","name":" Electric Cycle(taiwanese)","price":"50,000"},{"type":"bike","date":"2020-06-10","url":"i2173038-suzuki-gsxr-600.html","name":" Suzuki Gsxr 600","price":"18,00,000"},{"type":"bike","date":"2020-06-10","url":"i2162152-royal-enfield-good-fair.html","name":" Royal Enfield(good Fair)","price":"2,90,000"},{"type":"bike","date":"2020-06-10","url":"i2172962-benelli-tnt-150i.html","name":" Benelli Tnt 150i","price":"2,80,000"},{"type":"bike","date":"2020-06-10","url":"i2173192-need-money-khe-problem-xaena-fine-xa-scooty.html","name":" Need Money Khe Problem Xaena Fine Xa Scooty","price":"1,15,000"},{"type":"bike","date":"2020-06-10","url":"i2177274-hero-honda-glamour-21-lot-helmet-free.html","name":" Hero Honda Glamour 21 Lot _ Helmet Free","price":"22,500"},{"type":"bike","date":"2020-06-10","url":"i2160574-pulsar-220-for-exchange.html","name":" Pulsar 220 For Exchange","price":"1,75,000"},{"type":"bike","date":"2020-06-10","url":"i2095253-cbr-250.html","name":" Cbr 250","price":"1,80,000"},{"type":"bike","date":"2020-06-10","url":"i2172869-aprilia-sr-150.html","name":" Aprilia Sr 150","price":"2,00,000"},{"type":"bike","date":"2020-06-10","url":"i2168612-royal-enfield-thunderbird-x-350-new-model-red.html","name":" Royal Enfield Thunderbird X 350 New Model Red","price":"5,00,000"},{"type":"bike","date":"2020-06-10","url":"i2175899-pleasure-scooty-on-sale.html","name":" Pleasure Scooty On Sale","price":"60,000"},{"type":"bike","date":"2020-06-10","url":"i2153353-low-run-redditch-edition-bullet-350-classic.html","name":" Low Run- Redditch Edition Bullet 350 Classic","price":"3,75,000"},{"type":"bike","date":"2020-06-10","url":"i2170018-duke-125.html","name":" Duke 125","price":"4,30,000"},{"type":"bike","date":"2020-06-10","url":"i2175354-xl-jialing-150cc-uegent-sale.html","name":" Xl Jialing 150cc Uegent Sale","price":"1,50,000"},{"type":"bike","date":"2020-06-10","url":"i2035825-royal-enfield-350-electra.html","name":" Royal Enfield 350 Electra","price":"2,45,000"},{"type":"bike","date":"2020-06-10","url":"i2177454-re-350-classic-in-mint-condition.html","name":" Re 350 Classic In Mint Condition","price":"2,10,000"},{"type":"bike","date":"2020-06-10","url":"i2104008-ktm-duke-200.html","name":" Ktm Duke 200.","price":"2,30,000"},{"type":"bike","date":"2020-06-10","url":"i2097396-pulsar-rs-200-on-sale.html","name":" Pulsar Rs 200 On Sale","price":"1,75,000"},{"type":"bike","date":"2020-06-10","url":"i2166666-honda-tornado-250.html","name":" Honda Tornado 250","price":"5,00,000"},{"type":"bike","date":"2020-06-10","url":"i2166076-honda-crf250l.html","name":" Honda Crf250l","price":"10,80,000"},{"type":"bike","date":"2020-06-10","url":"i2169950-crossfire-gr7.html","name":" Crossfire Gr7","price":"4,90,000"},{"type":"bike","date":"2020-06-10","url":"i2174087-gasto-on-sell.html","name":" Gasto On Sell","price":"75,000"},{"type":"bike","date":"2020-06-10","url":"i2176111-aapache-bike-sell.html","name":" Aapache Bike Sell","price":"120"},{"type":"bike","date":"2020-06-10","url":"i2170843-pulsar-rs200.html","name":" Pulsar Rs200","price":"2,00,000"},{"type":"bike","date":"2020-06-10","url":"i2119380-crossfire-61.html","name":" Crossfire 61","price":"2,20,000"},{"type":"bike","date":"2020-06-10","url":"i2158227-220-pulsar-bike-on-sale.html","name":" 220 Pulsar Bike On Sale","price":"2,50,000"},{"type":"bike","date":"2020-06-10","url":"i2171731-activa-125-scooter.html","name":" Activa 125 Scooter","price":"1,20,000"},{"type":"bike","date":"2020-06-10","url":"i2077522-pulsar-150-bike-on-sale.html","name":" Pulsar 150 Bike On Sale.","price":"45,000"},{"type":"bike","date":"2020-06-10","url":"i2173953-aviator-scooty-on-sale.html","name":" Aviator Scooty On Sale","price":"70,000"},{"type":"bike","date":"2020-06-10","url":"i2146137-fresh-crossfire-rm-250-on-sale.html","name":" Fresh Crossfire Rm 250 On Sale","price":"5,75,000"},{"type":"bike","date":"2020-06-10","url":"i2175606-bullet-350-thunderbird.html","name":" Bullet 350 Thunderbird","price":"2,05,000"},{"type":"bike","date":"2020-06-10","url":"i1975564-gpx-gentleman-bike-on-sale.html","name":" Gpx Gentleman Bike On Sale","price":"3,50,000"},{"type":"bike","date":"2020-06-10","url":"i2177555-urgent-sell-ma.html","name":" Urgent Sell Ma","price":"58,000"},{"type":"bike","date":"2020-06-10","url":"i2159144-yamaha-fzs-v2.html","name":" Yamaha Fzs V2","price":"1,60,000"},{"type":"bike","date":"2020-06-10","url":"i2171110-dominar-400-single-handed-full-fress.html","name":" Dominar 400 Single Handed Full Fress","price":"2,65,000"},{"type":"bike","date":"2020-06-10","url":"i2160489-electra.html","name":" Electra","price":"1,60,000"},{"type":"bike","date":"2020-06-10","url":"i2171847-apache-rtr-200-4v.html","name":" Apache Rtr 200 4v","price":"2,00,000"},{"type":"bike","date":"2020-06-10","url":"i2161457-benelli-tnt-600i-abs.html","name":" Benelli Tnt 600i (abs)","price":"12,90,000"},{"type":"bike","date":"2020-06-10","url":"i2175482-dominar-400-sale-or-exchange.html","name":" Dominar 400 Sale Or Exchange","price":"2,85,000"},{"type":"bike","date":"2020-06-10","url":"i2169841-yamaha-fzs-v2.html","name":" Yamaha Fzs V2","price":"1,20,000"},{"type":"bike","date":"2020-06-10","url":"i2171420-powerfull-and-attractive-scooter-sale-and-exchange.html","name":" Powerfull And Attractive Scooter Sale And Exchange","price":"1,60,000"},{"type":"bike","date":"2020-06-10","url":"i2163161-bajaj-pulsar-150.html","name":" Bajaj Pulsar 150","price":"1,30,000"},{"type":"bike","date":"2020-06-10","url":"i2174389-urgent-sale-benelli-150i-black-with-red-frame.html","name":" Urgent Sale Benelli 150i (black With Red Frame)","price":"2,65,000"},{"type":"bike","date":"2020-06-10","url":"i2173719-pulsar-as200-blue.html","name":" Pulsar As200 Blue","price":"1,40,000"},{"type":"bike","date":"2020-06-10","url":"i2147898-yamaha-fz-version-1-0.html","name":" Yamaha Fz Version 1.0","price":"68,000"},{"type":"bike","date":"2020-06-10","url":"i2174495-ktm-duke.html","name":" Ktm Duke","price":"1,90,000"},{"type":"bike","date":"2020-06-10","url":"i2101720-electra-bullet-royal-enfield.html","name":" Electra Bullet Royal Enfield","price":"2,20,000"},{"type":"bike","date":"2020-06-10","url":"i2177576-urgent-sell-ma.html","name":" Urgent Sell Ma","price":"48,000"},{"type":"bike","date":"2020-06-10","url":"i2173465-pulsar-220-77lot.html","name":" Pulsar 220 77lot","price":"1,65,000"},{"type":"bike","date":"2020-06-10","url":"i2177710-pulsar-220-blue-and-black.html","name":" Pulsar 220 Blue And Black","price":"1,03,000"},{"type":"bike","date":"2020-06-10","url":"i2161489-yahama-fz25-250cc-14-lot-only-300-km-run-fi-with-abs-2019-version.html","name":" Yahama Fz25 (250cc) 14 Lot Only 300 Km Run Fi With Abs 2019 Version","price":"4,18,000"},{"type":"bike","date":"2020-06-10","url":"i2148966-duke250.html","name":" Duke-250","price":"3,50,000"},{"type":"bike","date":"2020-06-10","url":"i2175986-royel-enfield-350classic.html","name":" Royel Enfield 350classic","price":"2,60,000"},{"type":"bike","date":"2020-06-10","url":"i2117676-honda-hornet-160r.html","name":" Honda Hornet 160r","price":"1,30,000"},{"type":"bike","date":"2020-06-10","url":"i1893210-yamaha-mt-15.html","name":" Yamaha Mt 15","price":"4,29,900"},{"type":"bike","date":"2020-06-10","url":"i1911127-electric-scooter-for-city-ride.html","name":" Electric Scooter For City Ride.","price":"85,000"},{"type":"bike","date":"2020-06-10","url":"i2172434-royal-enfield-350cc-sell-urgent.html","name":" Royal Enfield 350cc Sell Urgent","price":"2,05,000"},{"type":"bike","date":"2020-06-10","url":"i2116766-hero-xpulse200-offroad-bike.html","name":" Hero Xpulse200 Off-road Bike","price":"3,65,000"},{"type":"bike","date":"2020-06-10","url":"i2173939-ducati-scrambler-800.html","name":" Ducati Scrambler 800","price":"15,00,000"},{"type":"bike","date":"2020-06-10","url":"i2045284-150-pulsar.html","name":" 150 Pulsar","price":"60,000"},{"type":"bike","date":"2020-06-10","url":"i2178594-royal-enfield-classic-350-on-sale.html","name":" Royal Enfield Classic 350 On Sale","price":"3,55,000"},{"type":"bike","date":"2020-06-10","url":"i2123309-aprilia-sx125.html","name":" Aprilia Sx125","price":"4,25,000"},{"type":"bike","date":"2020-06-10","url":"i2164480-pulsar-180-sell.html","name":" Pulsar 180 Sell","price":"85,000"},{"type":"bike","date":"2020-06-10","url":"i2063402-gsx-750cc-traffic-edition.html","name":" Gsx 750cc Traffic Edition..","price":"7,70,000"},{"type":"bike","date":"2020-06-10","url":"i2170209-2016-royal-enfield-himalayan.html","name":" 2016 Royal Enfield Himalayan","price":"3,75,000"},{"type":"bike","date":"2020-06-10","url":"i2153824-royal-enfield-classic-350.html","name":" Royal Enfield Classic 350","price":"3,30,000"},{"type":"bike","date":"2020-06-10","url":"i2176729-unicorn-56.html","name":" Unicorn 56","price":"86,000"},{"type":"bike","date":"2020-06-10","url":"i2175534-pulsar-220-only-exchange.html","name":" Pulsar 220 Only Exchange","price":"1,75,000"},{"type":"bike","date":"2020-06-10","url":"i2161279-apache-200v4.html","name":" Apache 200v4","price":"1,50,000"},{"type":"bike","date":"2020-06-10","url":"i2178184-180-is-for-urgent-sale.html","name":" 180 Is For Urgent Sale","price":"65,000"},{"type":"bike","date":"2020-06-10","url":"i2054686-1987-honda-xl600r.html","name":" 1987 Honda Xl600r","price":"1,50,000"},{"type":"bike","date":"2020-06-10","url":"i2154135-r15-v2.html","name":" R15 V2","price":"1,50,000"},{"type":"bike","date":"2020-06-10","url":"i2172032-scomadi-tl-125.html","name":" Scomadi Tl 125","price":"1,00,000"},{"type":"bike","date":"2020-06-10","url":"i2174069-ns200-76-lot-on-sale-or-exchange.html","name":" Ns200(76 Lot) On Sale Or Exchange","price":"1,55,000"},{"type":"bike","date":"2020-06-10","url":"i2095849-bullet.html","name":" Bullet","price":"2,20,000"},{"type":"bike","date":"2020-06-10","url":"i2069934-ktm-duke-200-on-sale-or-exchange-with-scooter.html","name":" Ktm Duke 200 On Sale Or Exchange With Scooter","price":"2,76,000"},{"type":"bike","date":"2020-06-10","url":"i2136299-royal-enfield-350-gun-grey.html","name":" Royal Enfield 350 Gun.grey","price":"5,00,000"},{"type":"bike","date":"2020-06-10","url":"i2160689-gixxer-sf154.html","name":" Gixxer Sf154","price":"1,25,000"},{"type":"bike","date":"2020-06-10","url":"i2122039-pulsar-200ns-fresh-conditions.html","name":" Pulsar 200ns(fresh Conditions)","price":"1,85,000"},{"type":"bike","date":"2020-06-10","url":"i2121570-r15-v2.html","name":" R15 V2","price":"1,25,000"},{"type":"bike","date":"2020-06-10","url":"i2177836-apache-200.html","name":" Apache 200","price":"1,45,000"},{"type":"bike","date":"2020-06-10","url":"i2168396-lifan-scooter.html","name":" Lifan Scooter","price":"30,000"},{"type":"bike","date":"2020-06-10","url":"i2058887-yamaha-rx-100.html","name":" Yamaha Rx 100","price":"90,000"},{"type":"bike","date":"2020-06-10","url":"i2175791-yamaha-enticer.html","name":" Yamaha Enticer","price":"25,000"},{"type":"bike","date":"2020-06-10","url":"i2177128-aviator-scooter-on-sell.html","name":" Aviator Scooter On Sell","price":"1,50,000"},{"type":"bike","date":"2020-06-10","url":"i2174527-ktm-duke-250-abs.html","name":" Ktm Duke 250(abs)","price":"5,15,000"},{"type":"bike","date":"2020-06-10","url":"i2173929-urjent-shell-apachertr180-40lot.html","name":" Urjent Shell Apachertr180 40lot","price":"50,000"},{"type":"bike","date":"2020-06-10","url":"i2154851-fzs150-sale.html","name":" Fzs150 Sale","price":"1,45,000"},{"type":"bike","date":"2020-06-10","url":"i2109991-honda-crf250l.html","name":" Honda Crf250l","price":"10,90,000"},{"type":"bike","date":"2020-06-10","url":"i2127269-ns-200-pra-3-007-lot-serious-buyer-only.html","name":" Ns 200 Pra 3 007 Lot || Serious Buyer Only","price":"2,50,000"},{"type":"bike","date":"2020-06-10","url":"i2120325-honda-c70.html","name":" Honda C70","price":"35,000"},{"type":"bike","date":"2020-06-10","url":"i2171488-vespa-125s.html","name":" Vespa 125s","price":"1,65,000"},{"type":"bike","date":"2020-06-10","url":"i2177449-suzuki-gixxer-155cc-on-sale.html","name":" Suzuki Gixxer 155cc On Sale!","price":"95,000"},{"type":"bike","date":"2020-06-10","url":"i2168553-honda-xr190l.html","name":" Honda Xr190l","price":"5,05,000"},{"type":"bike","date":"2020-06-10","url":"i2116349-crossfire-250-urjent-sale.html","name":" Crossfire 250 Urjent Sale","price":"2,25,000"},{"type":"bike","date":"2020-06-10","url":"i2178484-honda-cb-1000r-abs-finance-available.html","name":" Honda Cb 1000r Abs Finance Available","price":"24,50,000"},{"type":"bike","date":"2020-06-10","url":"i2134293-royal-enfield-bullet-right-geared-2002-model-electra-350cc-on-sale.html","name":" Royal Enfield Bullet Right Geared 2002 Model Electra 350cc On Sale","price":"2,65,000"},{"type":"bike","date":"2020-06-10","url":"i2165934-benelli-tnt-300-abs.html","name":" Benelli Tnt 300 (abs)","price":"5,75,000"},{"type":"bike","date":"2020-06-10","url":"i2165276-cbr-250r-for-sale.html","name":" Cbr 250r For Sale","price":"3,80,000"},{"type":"bike","date":"2020-06-10","url":"i1995555-cbr-600-rr.html","name":" Cbr 600 Rr","price":"17,80,000"},{"type":"bike","date":"2020-06-10","url":"i2131659-yamaha-fzs-150cc-only-serious-buyers.html","name":" Yamaha Fzs 150cc (only Serious Buyers)","price":"80,000"},{"type":"bike","date":"2020-06-10","url":"i2130844-yamaha-fz25-bike-on-sale-very-good-condition-fz-25-fz25-250cc.html","name":" Yamaha Fz25 Bike On Sale ... Very Good Condition Fz 25 Fz-25 250cc","price":"2,60,000"},{"type":"bike","date":"2020-06-10","url":"i2151443-honda-cb-600f-hornet.html","name":" Honda Cb 600f (hornet)","price":"15,50,000"},{"type":"bike","date":"2020-06-10","url":"i2150735-like-new-ktm-duke-390-showroom-condition-new-model-motorcycle-on-sale.html","name":" Like New Ktm Duke 390 Showroom Condition New Model Motorcycle On Sale","price":"5,55,000"},{"type":"bike","date":"2020-06-10","url":"i2166129-pulsar-rs200.html","name":" Pulsar Rs200","price":"1,95,000"},{"type":"bike","date":"2020-06-10","url":"i2148595-ns-160.html","name":" Ns 160","price":"1,50,000"},{"type":"bike","date":"2020-06-10","url":"i2140768-ktm-duke-200-very-resonable.html","name":" Ktm Duke 200 Very Resonable","price":"2,40,000"},{"type":"bike","date":"2020-06-10","url":"i2122346-fresh-ktm-duke-200-can-exchange-with-bullet-also.html","name":" Fresh Ktm Duke 200 Can Exchange With Bullet Also","price":"1,99,999"},{"type":"bike","date":"2020-06-10","url":"i2052414-royal-enfield-interceptor-650cc-dual-channel-abs.html","name":" Royal Enfield Interceptor 650cc Dual Channel Abs","price":"12,49,000"},{"type":"bike","date":"2020-06-10","url":"i2103832-electra-350-royal-enfield-bullet.html","name":" Electra 350 Royal Enfield (bullet)","price":"2,95,000"},{"type":"bike","date":"2020-06-10","url":"i2176968-apache-rtr-160-4v.html","name":" Apache Rtr 160 4v","price":"2,10,000"},{"type":"bike","date":"2020-06-10","url":"i2085550-fresh-crossfire-rm250.html","name":" Fresh Crossfire Rm250","price":"3,20,000"},{"type":"bike","date":"2020-06-10","url":"i2178097-dio.html","name":" Dio","price":"1,51,000"},{"type":"bike","date":"2020-06-10","url":"i2033736-daelim-evolution-vt-125cc.html","name":" Daelim Evolution Vt 125cc","price":"1,50,000"},{"type":"bike","date":"2020-06-10","url":"i2143047-r15-v2-urgent-sell.html","name":" R15 V2 Urgent Sell","price":"1,10,000"},{"type":"bike","date":"2020-06-10","url":"i2178273-scooter.html","name":" Scooter","price":"52,000"},{"type":"bike","date":"2020-06-10","url":"i2176896-ns-200-bike-in-sale-73-lot.html","name":" Ns 200 Bike In Sale 73 Lot","price":"1,45,000"},{"type":"bike","date":"2020-06-10","url":"i2159026-crossfire-rm-250.html","name":" Crossfire Rm 250","price":"5,80,000"},{"type":"bike","date":"2020-06-10","url":"i2169520-pulsar-220.html","name":" Pulsar 220","price":"1,25,000"},{"type":"bike","date":"2020-06-10","url":"i2115311-pulsar-200-34-lot.html","name":" Pulsar 200/34 Lot","price":"58,999"},{"type":"bike","date":"2020-06-10","url":"i2138243-crossfire-gr7-with-explicit-decal.html","name":" Crossfire Gr7 With Explicit Decal","price":"4,50,000"},{"type":"bike","date":"2020-06-10","url":"i2074456-bse-a6-dirt-bike.html","name":" Bse A6 Dirt Bike","price":"1,70,000"},{"type":"bike","date":"2020-06-10","url":"i1519765-yamaha-r15-v3.html","name":" Yamaha R15 V3","price":"4,64,900"},{"type":"bike","date":"2020-06-10","url":"i2166406-r15-v2-2014-free-new-helmate.html","name":" R15 V2.. 2014 ... Free New Helmate...","price":"1,40,000"},{"type":"bike","date":"2020-06-10","url":"i2148791-bullet-classic-350.html","name":" Bullet Classic 350","price":"4,20,000"},{"type":"bike","date":"2020-06-10","url":"i2134527-beneli-302s-black-on-sale.html","name":" Beneli 302s Black On Sale","price":"8,05,000"},{"type":"bike","date":"2020-06-10","url":"i2116679-italica-moto-nevada-motorcycle-is-on-sale.html","name":" Italica Moto Nevada Motorcycle Is On Sale...","price":"4,35,000"},{"type":"bike","date":"2020-06-10","url":"i2166819-discover-st-125-bikrima.html","name":" Discover St 125 Bikrima","price":"70,000"},{"type":"bike","date":"2020-06-10","url":"i2175500-yamaha-fz-250.html","name":" Yamaha Fz 250","price":"2,40,000"},{"type":"bike","date":"2020-06-10","url":"i2178178-avenger-220cc-urgent.html","name":" Avenger 220cc Urgent","price":"1,10,000"},{"type":"bike","date":"2020-06-10","url":"i2168933-ns-200.html","name":" Ns 200","price":"1,90,000"},{"type":"bike","date":"2020-06-10","url":"i2176631-exchange-with-dio-99-lot-need-aprilia.html","name":" Exchange With Dio 99 Lot(need Aprilia)","price":"1,60,000"},{"type":"bike","date":"2020-06-10","url":"i2124963-daelim-bike.html","name":" Daelim Bike","price":"50,000"},{"type":"bike","date":"2020-06-10","url":"i1675159-scomadi-scrambler-150.html","name":" Scomadi Scrambler 150","price":"3,60,000"},{"type":"bike","date":"2020-06-10","url":"i2173204-ktm-duke-250-90-lot.html","name":" Ktm Duke 250 90 Lot","price":"3,65,000"},{"type":"bike","date":"2020-06-10","url":"i2096204-kawasaki-ninja-300-excellent-condition.html","name":" Kawasaki Ninja 300 Excellent Condition","price":"6,99,999"},{"type":"bike","date":"2020-06-10","url":"i2167801-honda-dio-scooter.html","name":" Honda Dio Scooter","price":"70,000"},{"type":"bike","date":"2020-06-10","url":"i2152728-dio-70-lot.html","name":" Dio 70 Lot","price":"1,08,000"},{"type":"bike","date":"2020-06-10","url":"i2178481-ktm-duke-200-urgent-sale.html","name":" Ktm Duke 200 Urgent Sale","price":"2,60,000"},{"type":"bike","date":"2020-06-10","url":"i2171107-dio-on-urgent-sale.html","name":" Dio On Urgent Sale","price":"1,35,000"},{"type":"bike","date":"2020-06-10","url":"i2155461-crossx-250se-on-sell-hurry-up.html","name":" Crossx 250se On Sell (hurry Up)","price":"5,30,000"},{"type":"bike","date":"2020-06-10","url":"i2176720-urgent-sales-220-finance-pani-gerdenxu.html","name":" Urgent Sales 220 Finance Pani Gerdenxu","price":"285"},{"type":"bike","date":"2020-06-10","url":"i2166954-pulsar150-bike-on-sale.html","name":" Pulsar150 Bike On Sale","price":"1,95,000"},{"type":"bike","date":"2020-06-10","url":"i2177502-fzs-v2.html","name":" Fz-s V2","price":"1,30,000"},{"type":"bike","date":"2020-06-10","url":"i2134899-ktm-duke-250.html","name":" Ktm Duke 250","price":"4,20,000"},{"type":"bike","date":"2020-06-10","url":"i2173452-scotty-new.html","name":" Scotty New","price":"85,000"},{"type":"bike","date":"2020-06-10","url":"i2136188-dominar.html","name":" Dominar","price":"3,00,000"},{"type":"bike","date":"2020-06-10","url":"i2175685-rtr-200cc.html","name":" Rtr 200cc","price":"1,95,000"},{"type":"bike","date":"2020-06-10","url":"i1895884-ktm-duke-125-abs.html","name":" Ktm Duke 125 Abs","price":"4,49,900"},{"type":"bike","date":"2020-06-10","url":"i2175780-fz25.html","name":" Fz25","price":"2,60,000"},{"type":"bike","date":"2020-06-10","url":"i2150221-cafe-racer-continental-gt.html","name":" Cafe Racer (continental Gt )","price":"4,00,000"},{"type":"bike","date":"2020-06-10","url":"i2157984-benelli-bn-251-for-sale.html","name":" Benelli Bn 251 For Sale","price":"4,00,000"},{"type":"bike","date":"2020-06-10","url":"i2171738-yamaha-xtz-125.html","name":" Yamaha Xtz 125","price":"3,30,000"},{"type":"bike","date":"2020-06-10","url":"i2119291-commando.html","name":" Commando","price":"95,000"},{"type":"bike","date":"2020-06-10","url":"i2095335-benelli-302r.html","name":" Benelli 302r","price":"4,80,000"},{"type":"bike","date":"2020-06-10","url":"i2156248-r15-v3-one-piece-in-nepal-indonesia-model-l.html","name":" R15 V3 One Piece In Nepal (indonesia Model)l","price":"3,40,000"},{"type":"bike","date":"2020-06-10","url":"i2173062-honda-cb-trigger-150-cc.html","name":" Honda Cb Trigger 150 Cc","price":"99,000"},{"type":"bike","date":"2020-06-10","url":"i2161495-italjet-bucanner.html","name":" Italjet Bucanner","price":"3,40,000"},{"type":"bike","date":"2020-06-10","url":"i2163727-honda-cb-hornet-160.html","name":" Honda Cb Hornet 160","price":"1,38,000"},{"type":"bike","date":"2020-06-10","url":"i2124641-um-hypersport-230-dirt-bike-on-sale.html","name":" Um Hypersport 230 Dirt Bike On Sale","price":"1,60,000"},{"type":"bike","date":"2020-06-10","url":"i2159463-apache-rtr160-on-sale.html","name":" Apache Rtr160 On Sale","price":"1,20,000"},{"type":"bike","date":"2020-06-10","url":"i2115407-suzuki-750-full-custom.html","name":" Suzuki 750 Full Custom","price":"10,00,000"},{"type":"bike","date":"2020-06-10","url":"i2165890-vr-200-2016-model.html","name":" Vr 200 2016 Model","price":"2,80,000"},{"type":"bike","date":"2020-06-10","url":"i2163649-royal-enfield-bike.html","name":" Royal Enfield Bike","price":"4,20,000"},{"type":"bike","date":"2020-06-10","url":"i2167149-renegade-180.html","name":" Renegade 180","price":"1,50,000"},{"type":"bike","date":"2020-06-10","url":"i2157512-royal-enfield-sell.html","name":" Royal Enfield Sell","price":"3,45,000"},{"type":"bike","date":"2020-06-10","url":"i2161788-royal-enfield-classic-350.html","name":" Royal Enfield Classic 350","price":"3,45,000"},{"type":"bike","date":"2020-06-10","url":"i2164847-r15-v3.html","name":" R15 V3","price":"4,25,000"},{"type":"bike","date":"2020-06-10","url":"i2134073-xpulse-200t.html","name":" Xpulse 200t","price":"3,20,000"},{"type":"bike","date":"2020-06-10","url":"i2160393-pulsar-ns-200.html","name":" Pulsar Ns 200","price":"2,35,000"},{"type":"bike","date":"2020-06-10","url":"i2034249-apache-200-4v-ba-78-pa3970.html","name":" Apache 200 4v Ba 78 Pa3970","price":"1,35,000"},{"type":"bike","date":"2020-06-10","url":"i2121589-r15-v3-red-pradesh020028161.html","name":" R15 V3 Red( Pradesh-02-002-8161)","price":"3,25,000"},{"type":"bike","date":"2020-06-10","url":"i1575146-bajaj-pulsar-150-td.html","name":" Bajaj Pulsar 150 Td","price":"2,66,900"},{"type":"bike","date":"2020-06-10","url":"i2151154-pulsar-220f-57-lot.html","name":" Pulsar 220f 57 Lot","price":"1,10,000"},{"type":"bike","date":"2020-06-10","url":"i1820350-hanway-furious-150.html","name":" Hanway Furious 150","price":"3,15,000"},{"type":"bike","date":"2020-06-10","url":"i2108518-yamaha-rxg-135cc.html","name":" Yamaha Rxg 135cc","price":"50,000"},{"type":"bike","date":"2020-06-10","url":"i2177259-ktm-rc-390-for-sale.html","name":" Ktm Rc 390 For Sale","price":"4,00,000"},{"type":"bike","date":"2020-06-10","url":"i2054196-harley-davidson-iron-883.html","name":" Harley Davidson Iron 883","price":"40,00,000"},{"type":"bike","date":"2020-06-10","url":"i2149922-ktm-duke-200-on-sale.html","name":" Ktm Duke 200 On Sale","price":"2,24,999"},{"type":"bike","date":"2020-06-10","url":"i2163603-bajaj-discover-125-st-fresh-bike.html","name":" Bajaj Discover 125 St Fresh Bike","price":"89,000"},{"type":"bike","date":"2020-06-10","url":"i2169523-pulsar-ns-200.html","name":" Pulsar Ns 200","price":"2,20,000"},{"type":"bike","date":"2020-06-10","url":"i2133825-2016-classic-royal-enfield-for-sale-in-pokhara-or-kathmandu.html","name":" 2016 Classic Royal Enfield For Sale In Pokhara Or Kathmandu","price":"1,80,000"},{"type":"bike","date":"2020-06-10","url":"i2098291-honda-xr.html","name":" Honda Xr","price":"2,55,000"},{"type":"bike","date":"2020-06-10","url":"i2091512-avenger-bike.html","name":" Avenger Bike","price":"30,000"},{"type":"bike","date":"2020-06-10","url":"i2176218-pulsar-150-on-sale-urgent.html","name":" Pulsar 150 On Sale (urgent)","price":"65,000"},{"type":"bike","date":"2020-06-10","url":"i2156356-urgent-sell-pulsar-220f-with-new-engine.html","name":" Urgent Sell Pulsar 220f With New Engine","price":"1,70,000"},{"type":"bike","date":"2020-06-10","url":"i2134243-96-lot-white-fz250-bike.html","name":" 96 Lot White Fz250 Bike","price":"2,80,000"},{"type":"bike","date":"2020-06-10","url":"i2136896-benelli-300.html","name":" Benelli 300","price":"3,75,000"},{"type":"bike","date":"2020-06-10","url":"i2150020-royel-bullet-350.html","name":" Royel Bullet 350","price":"2,65,000"},{"type":"bike","date":"2020-06-10","url":"i2161251-suzuki-gixxer.html","name":" Suzuki Gixxer","price":"1,05,000"},{"type":"bike","date":"2020-06-10","url":"i2114147-yamaha-mt15-for-sell.html","name":" Yamaha Mt15 For Sell","price":"3,75,000"},{"type":"bike","date":"2020-06-10","url":"i2141411-crossfire-at-sale.html","name":" Crossfire At Sale.","price":"4,50,000"},{"type":"bike","date":"2020-06-10","url":"i2140378-crossfire-rm-250-twin.html","name":" Crossfire Rm 250 Twin","price":"6,70,000"},{"type":"bike","date":"2020-06-10","url":"i2073674-pulsar-150-rarely-used-only-1618km-fully-insured.html","name":" Pulsar 150 Rarely Used Only 1618km Fully Insured","price":"2,50,000"},{"type":"bike","date":"2020-06-10","url":"i2136702-royal-enfield-classic-350.html","name":" Royal Enfield Classic 350","price":"4,72,000"},{"type":"bike","date":"2020-06-10","url":"i2154170-dio-scooter-urgent-parera-ho-so-serious-buyer-only-contact.html","name":" Dio Scooter (urgent Parera Ho So Serious Buyer Only Contact)","price":"1,45,000"},{"type":"bike","date":"2020-06-10","url":"i2109767-special-royal-enfield-350.html","name":" Special Royal Enfield 350","price":"3,38,000"},{"type":"bike","date":"2020-06-10","url":"i1457598-yamaha-fazer-25.html","name":" Yamaha Fazer 25","price":"4,14,900"},{"type":"bike","date":"2020-06-10","url":"i2164609-higway-king-sxl-150.html","name":" Higway King Sxl 150","price":"2,20,000"},{"type":"bike","date":"2020-06-10","url":"i2102221-black-rs-200.html","name":" Black Rs 200","price":"2,50,000"},{"type":"bike","date":"2020-06-10","url":"i2143669-benelli-tnt-302s.html","name":" Benelli Tnt 302s","price":"6,90,000"},{"type":"bike","date":"2020-06-10","url":"i2132416-asian-beast.html","name":" Asian Beast","price":"4,50,000"},{"type":"bike","date":"2020-06-10","url":"i2153783-hero-splendor.html","name":" Hero Splendor","price":"50,000"},{"type":"bike","date":"2020-06-10","url":"i2174544-fzs-v3.html","name":" Fzs V3","price":"255"},{"type":"bike","date":"2020-06-10","url":"i2174794-cbz.html","name":" Cbz","price":"60,000"}]