[{"type":"cars","date":"2020-06-17","url":"i2183936-2004-kia-carens-7-seat-suv.html","name":" 2004 Kia Carens 7 Seat Suv","price":"7,50,000"},{"type":"cars","date":"2020-06-17","url":"i2183805-tata-indica-ev2.html","name":" Tata Indica Ev2","price":"8,60,000"},{"type":"cars","date":"2020-06-17","url":"i2145479-daihatsu-charmant.html","name":" Daihatsu Charmant","price":"5,15,000"},{"type":"cars","date":"2020-06-17","url":"i2182412-i20-active-diesel-excellent-condition.html","name":" I20 Active Diesel Excellent Condition","price":"29,50,000"},{"type":"cars","date":"2020-06-17","url":"i2180529-suzuki-swift-dezire-2018-model-car-on-sale.html","name":" Suzuki Swift Dezire 2018 Model Car On Sale","price":"28,00,000"},{"type":"cars","date":"2020-06-17","url":"i2183943-i10era-sale.html","name":" I10era Sale","price":"11,10,000"},{"type":"cars","date":"2020-06-17","url":"i2177033-tata-sumo-gold-ex.html","name":" Tata Sumo Gold Ex","price":"14,00,000"},{"type":"cars","date":"2020-06-17","url":"i2182536-eco-sport-titanium.html","name":" Eco Sport Titanium","price":"28,00,000"},{"type":"cars","date":"2020-06-17","url":"i2182861-tata-indigo-cs.html","name":" Tata Indigo Cs","price":"17,00,000"},{"type":"cars","date":"2020-06-17","url":"i2165697-alto-lx-800.html","name":" Alto Lx 800","price":"8,85,000"},{"type":"cars","date":"2020-06-17","url":"i2181997-tata-vista-quadrajet-2010-model.html","name":" Tata Vista Quadrajet 2010 Model","price":"10,50,000"},{"type":"cars","date":"2020-06-17","url":"i2180499-swift-dezire-2016.html","name":" Swift Dezire 2016","price":"23,50,000"},{"type":"cars","date":"2020-06-17","url":"i2179289-taxi-2017.html","name":" Taxi 2017","price":"26,50,000"},{"type":"cars","date":"2020-06-17","url":"i2184790-creta-sx-2015-sale-with-mint-condition-dalal-le-kasta-nagarnu-hola.html","name":" **creta Sx 2015 Sale With Mint Condition** Dalal Le Kasta Nagarnu Hola","price":"37,50,000"},{"type":"cars","date":"2020-06-17","url":"i2176339-toyota-corolla-lx.html","name":" Toyota Corolla Lx","price":"20,00,000"},{"type":"cars","date":"2020-06-17","url":"i2181170-excellent-condition-hyundai-creta-s-2016-model-for-sale.html","name":" Excellent Condition Hyundai Creta S 2016 Model For Sale","price":"35,50,000"},{"type":"cars","date":"2020-06-17","url":"i2184630-toyota-land-cruiser-prado-urgent-sale.html","name":" Toyota Land Cruiser Prado Urgent Sale","price":"18,00,000"},{"type":"cars","date":"2020-06-17","url":"i2180109-kia-picanto.html","name":" Kia Picanto","price":"11,50,000"},{"type":"cars","date":"2020-06-17","url":"i2168656-hyundai-i20-asta.html","name":" Hyundai I20 Asta","price":"17,00,000"},{"type":"cars","date":"2020-06-17","url":"i2179717-ford-classic-for-sale.html","name":" Ford Classic For Sale","price":"10,00,000"},{"type":"cars","date":"2020-06-17","url":"i2175713-renault-duster-rxz-amt-for-sale.html","name":" Renault Duster Rxz Amt For Sale","price":"43,00,000"},{"type":"cars","date":"2020-06-17","url":"i2173484-suzuki-swift-dezire-vxi-2019-on-sale.html","name":" Suzuki Swift Dezire Vxi 2019 On Sale","price":"27,00,000"},{"type":"cars","date":"2020-06-17","url":"i2182540-santro-2012-sell.html","name":" Santro 2012 Sell","price":"1,390"},{"type":"cars","date":"2020-06-17","url":"i2166423-perodua-viva-850.html","name":" Perodua Viva 850","price":"5,25,000"},{"type":"cars","date":"2020-06-17","url":"i2177795-nissan-super-saloon-sale.html","name":" Nissan Super Saloon Sale","price":"14,50,000"},{"type":"cars","date":"2020-06-17","url":"i2177508-nissan-xtrail-jeep-for-sale-or-exchange.html","name":" Nissan Xtrail Jeep For Sale Or Exchange","price":"20,00,000"},{"type":"cars","date":"2020-06-17","url":"i2164807-alto-car-vxi-1100cc-full-option.html","name":" Alto Car Vxi 1100cc Full Option","price":"7,00,000"},{"type":"cars","date":"2020-06-17","url":"i2183755-ford-figo-zxi-2014.html","name":" Ford Figo Zxi 2014","price":"12,75,000"},{"type":"cars","date":"2020-06-17","url":"i2179963-alto-sami-option-2013.html","name":" Alto Sami Option 2013","price":"10,40,000"},{"type":"cars","date":"2020-06-17","url":"i2178829-ford-figo-2011-model-run-by-jobholder.html","name":" Ford Figo 2011 Model Run By Jobholder","price":"11,00,000"},{"type":"cars","date":"2020-06-17","url":"i2183586-like-brand-new-2018-vw-polo-trendline-plus-w-company-fitted-touchscreen.html","name":" Like Brand New 2018 Vw Polo Trendline+ (w/company Fitted Touchscreen)","price":"22,75,000"},{"type":"cars","date":"2020-06-17","url":"i2184412-fresh-kia-sportage-on-sale.html","name":" Fresh Kia Sportage On Sale","price":"25,34,777"},{"type":"cars","date":"2020-06-17","url":"i2179156-eeco-van.html","name":" Eeco Van","price":"11,50,000"},{"type":"cars","date":"2020-06-17","url":"i2177874-tata-nexon-xm.html","name":" Tata Nexon Xm","price":"28,50,000"},{"type":"cars","date":"2020-06-17","url":"i2081156-modified-swift-vxi-black-allow-wheels.html","name":" Modified Swift Vxi ,black Allow Wheels","price":"11,99,999"},{"type":"cars","date":"2020-06-17","url":"i2179775-single-hand-grand-i10-magna-2017.html","name":" Single Hand Grand I10 Magna 2017","price":"22,50,000"},{"type":"cars","date":"2020-06-17","url":"i2183836-single-handed-kia-sorento-4wd-suv-urgent-sale.html","name":" Single Handed Kia Sorento 4wd Suv Urgent Sale","price":"19,99,999"},{"type":"cars","date":"2020-06-17","url":"i2177479-maruti-van.html","name":" Maruti Van","price":"5,50,000"},{"type":"cars","date":"2020-06-17","url":"i2181833-well-maintained-maruti-astar-vxi-2009-model-for-sale.html","name":" Well Maintained Maruti A-star Vxi 2009 Model For Sale","price":"10,50,000"},{"type":"cars","date":"2020-06-17","url":"i2175004-single-handed-hyundai-creta-2015-sx-plus-petrol-on-sale.html","name":" Single Handed Hyundai Creta 2015 Sx+ Petrol On Sale","price":"39,00,000"},{"type":"cars","date":"2020-06-17","url":"i2158570-scorpio-s4-for-sell.html","name":" Scorpio S4 For Sell","price":"30,00,000"},{"type":"cars","date":"2020-06-17","url":"i2168965-tata-vista.html","name":" Tata Vista","price":"12,70,000"},{"type":"cars","date":"2020-06-17","url":"i2181501-2013-toyota-etios-v-on-sale.html","name":" 2013 Toyota Etios V On Sale","price":"17,50,000"},{"type":"cars","date":"2020-06-17","url":"i2184202-mitsubishi-lancer-on-sale.html","name":" Mitsubishi Lancer On Sale","price":"5,50,000"},{"type":"cars","date":"2020-06-17","url":"i2184796-honda-crv.html","name":" Honda Cr-v","price":"35,00,000"},{"type":"cars","date":"2020-06-17","url":"i2176754-kia-picanto-full-option-car-2004-model-for-seal.html","name":" Kia Picanto Full Option Car 2004 Model For Seal","price":"7,00,000"},{"type":"cars","date":"2020-06-17","url":"i2163167-renault-duster-2016.html","name":" Renault Duster 2016","price":"29,50,000"},{"type":"cars","date":"2020-06-17","url":"i2182182-maruti-alto-2001-model.html","name":" Maruti Alto 2001 Model","price":"5,50,000"},{"type":"cars","date":"2020-06-17","url":"i2161284-santro-zing-xs-full-option-absolutely-fine-car-on-sale.html","name":" Santro Zing Xs Full Option, Absolutely Fine Car On Sale","price":"9,75,000"},{"type":"cars","date":"2020-06-17","url":"i2179260-ford-fiesta-classic-for-sale.html","name":" Ford Fiesta Classic For Sale","price":"13,00,000"},{"type":"cars","date":"2020-06-17","url":"i2163235-ford-figo-titanium.html","name":" Ford Figo Titanium","price":"10,65,000"},{"type":"cars","date":"2020-06-17","url":"i2163052-i10-sports-for-sale.html","name":" I10 Sports For Sale","price":"17,00,000"},{"type":"cars","date":"2020-06-17","url":"i2182254-alto-vxi-2015-model.html","name":" Alto Vxi 2015 Model","price":"12,25,000"},{"type":"cars","date":"2020-06-17","url":"i2162793-suzuki-swift-dzire-2016-vxi-for-sale.html","name":" Suzuki Swift Dzire 2016 Vxi For Sale","price":"22,50,000"},{"type":"cars","date":"2020-06-17","url":"i2180517-mahindra-scorpio-s4-plus-4-wd-jeep.html","name":" Mahindra Scorpio S4+ 4 Wd Jeep","price":"35,50,000"},{"type":"cars","date":"2020-06-17","url":"i2179883-2015-suzuki-baleno-sale-or-exchange-with-pick-up.html","name":" 2015 Suzuki Baleno Sale Or Exchange With Pick Up","price":"21,50,000"},{"type":"cars","date":"2020-06-17","url":"i2184499-hyundai-i-10-1-2cc-of-model-year-2019.html","name":" Hyundai I 10 1.2cc Of Model Year 2019","price":"24,00,000"},{"type":"cars","date":"2020-06-17","url":"i2177216-toyota-hilux-on-sale.html","name":" Toyota Hilux On Sale","price":"40,00,000"},{"type":"cars","date":"2020-06-17","url":"i2177989-maruti-suzuki-zen.html","name":" Maruti Suzuki Zen","price":"5,00,000"},{"type":"cars","date":"2020-06-17","url":"i2032467-freelander-lr2.html","name":" Freelander Lr2","price":"55,00,000"},{"type":"cars","date":"2020-06-17","url":"i2183318-maruti-suzuki-vitara-brezza-zdi-plus-2017-for-sale.html","name":" Maruti Suzuki Vitara Brezza Zdi+ 2017 For Sale","price":"33,25,000"},{"type":"cars","date":"2020-06-17","url":"i2184199-suv-on-sale.html","name":" Suv On Sale","price":"68,00,000"},{"type":"cars","date":"2020-06-17","url":"i2175504-maruti-800-on-sale-2006.html","name":" Maruti 800 On Sale 2006","price":"5,23,000"},{"type":"cars","date":"2020-06-17","url":"i2177054-swift-zxi-2013.html","name":" Swift Zxi 2013","price":"1,90,000"},{"type":"cars","date":"2020-06-17","url":"i2184780-eon-era-plus-on-sale.html","name":" Eon Era Plus On Sale","price":"12,00,000"},{"type":"cars","date":"2020-06-17","url":"i2157605-ford-ecosport-2018-trend-plus-facelift-version.html","name":" Ford Ecosport 2018 Trend Plus Facelift Version","price":"32,50,000"},{"type":"cars","date":"2020-06-17","url":"i2170507-suzuki-baleno-delta-2016-sale-or-exchange-with-pick-up-truck.html","name":" Suzuki Baleno Delta 2016 Sale Or Exchange With Pick Up Truck","price":"22,00,000"},{"type":"cars","date":"2020-06-17","url":"i2164289-hilux-pick-up-jeep.html","name":" Hilux Pick Up Jeep","price":"35,00,000"},{"type":"cars","date":"2020-06-17","url":"i2169569-nissan-micra.html","name":" Nissan Micra","price":"24,00,000"},{"type":"cars","date":"2020-06-17","url":"i2164008-ford-ecosport-trend-2017-12900-km.html","name":" Ford Ecosport Trend 2017 (12900 Km)","price":"28,25,000"},{"type":"cars","date":"2020-06-17","url":"i2081240-alto-k10-on-sale.html","name":" Alto K10 On Sale","price":"11,00,000"},{"type":"cars","date":"2020-06-17","url":"i2177197-datsun-go-excellent-condition-single-handed-home-used-car.html","name":" Datsun Go Excellent Condition Single Handed Home Used Car","price":"15,75,000"},{"type":"cars","date":"2020-06-17","url":"i2169370-fiat-linea-diseal-body-and-engine-part-at-half-cost.html","name":" Fiat Linea Diseal Body And Engine Part At Half Cost","price":"5,00,000"},{"type":"cars","date":"2020-06-17","url":"i2169998-volkswagen-vento-1-6.html","name":" Volkswagen Vento 1.6","price":"18,00,000"},{"type":"cars","date":"2020-06-17","url":"i2156479-santro.html","name":" Santro","price":"11,00,000"},{"type":"cars","date":"2020-06-17","url":"i2173876-blue-plate-tata-safari-storme-4x4-vx-2019-only-11000km.html","name":" Blue Plate Tata Safari Storme 4x4, Vx 2019, Only 11000km","price":"19,00,000"},{"type":"cars","date":"2020-06-17","url":"i2178920-hyundai-grand-i10-magna-1-2-2014-on-sale.html","name":" Hyundai Grand I10 Magna 1.2 2014 On Sale","price":"18,50,000"},{"type":"cars","date":"2020-06-17","url":"i2170513-kia-rio-2013-auto-gear.html","name":" Kia Rio 2013 Auto Gear","price":"26,25,000"},{"type":"cars","date":"2020-06-17","url":"i2184031-wagon-r.html","name":" Wagon R","price":"17,25,000"},{"type":"cars","date":"2020-06-17","url":"i2166028-scorpio-s2-like-new.html","name":" Scorpio S2 Like New","price":"26,50,000"},{"type":"cars","date":"2020-06-17","url":"i2180273-rav-4-on-sale.html","name":" Rav 4 On Sale","price":"16,00,000"},{"type":"cars","date":"2020-06-17","url":"i2173871-creta-sx-sale.html","name":" Creta Sx Sale","price":"36,50,000"},{"type":"cars","date":"2020-06-17","url":"i2181162-tucson.html","name":" Tucson","price":"25,00,000"},{"type":"cars","date":"2020-06-17","url":"i2180816-excellent-condition-hyundai-i20-asta.html","name":" Excellent Condition Hyundai I20 Asta","price":"15,50,000"},{"type":"cars","date":"2020-06-17","url":"i2163459-renault-kwid-rxt-used-by-doctor.html","name":" Renault Kwid Rxt Used By Doctor","price":"15,50,000"},{"type":"cars","date":"2020-06-17","url":"i2104815-kia-rio-sedan-car.html","name":" Kia Rio Sedan Car","price":"10,50,000"},{"type":"cars","date":"2020-06-17","url":"i2182318-santro-xing-full-option-2007-model.html","name":" Santro Xing Full Option 2007 Model","price":"10,15,000"},{"type":"cars","date":"2020-06-17","url":"i2179812-grand-i10-magna-2019-excellent-condition.html","name":" Grand I10 Magna 2019, Excellent Condition","price":"27,15,000"},{"type":"cars","date":"2020-06-17","url":"i2174287-hyundai-creta.html","name":" Hyundai Creta","price":"40,00,000"},{"type":"cars","date":"2020-06-17","url":"i2180677-daihatsu-sirion-2008-excellent-condition.html","name":" Daihatsu Sirion 2008 Excellent Condition","price":"9,90,000"},{"type":"cars","date":"2020-06-17","url":"i2185062-kia-picanto-2012-auto-fully-reloaded.html","name":" Kia Picanto 2012 Auto Fully Reloaded","price":"18,00,000"},{"type":"cars","date":"2020-06-17","url":"i2184908-swift-zxi-2015.html","name":" Swift Zxi 2015","price":"22,50,000"},{"type":"cars","date":"2020-06-17","url":"i2128993-tata-indica-diesel-car-on-sell.html","name":" Tata Indica Diesel Car On Sell","price":"4,50,000"},{"type":"cars","date":"2020-06-17","url":"i2164273-santro-car.html","name":" Santro Car","price":"4,75,500"},{"type":"cars","date":"2020-06-17","url":"i2178756-maruti-800.html","name":" Maruti 800","price":"4,65,000"},{"type":"cars","date":"2020-06-17","url":"i2172875-tata-vista-car-for-sale.html","name":" Tata Vista Car For Sale","price":"11,50,000"},{"type":"cars","date":"2020-06-17","url":"i2175662-scorpio-s4-plus-sale.html","name":" Scorpio S4+ Sale","price":"41,75,000"},{"type":"cars","date":"2020-06-17","url":"i2139234-xuv-500.html","name":" Xuv 500","price":"28,45,000"},{"type":"cars","date":"2020-06-17","url":"i2183736-gypsy-king.html","name":" Gypsy King","price":"6,00,000"},{"type":"cars","date":"2020-06-17","url":"i2172722-mazda-3.html","name":" Mazda 3","price":"26,00,000"},{"type":"cars","date":"2020-06-17","url":"i2171129-grand-i10-asta-sliver.html","name":" Grand I10 Asta Sliver","price":"21,00,000"},{"type":"cars","date":"2020-06-17","url":"i2176973-tata-mobile-pickup-kamai-khane-gadi-bikri-ma.html","name":" Tata Mobile Pickup Kamai Khane Gadi Bikri Ma","price":"2,75,000"},{"type":"cars","date":"2020-06-17","url":"i2175269-volkswagen-passat-2015-1-8-tsi-luxury-sedan.html","name":" Volkswagen Passat 2015 1.8 Tsi Luxury Sedan","price":"72,00,000"},{"type":"cars","date":"2020-06-17","url":"i2183311-ramro-xa-condition-arko-gadhi-linu-lako-vayara-bechna-lako.html","name":" Ramro Xa Condition Arko Gadhi Linu Lako Vayara Bechna Lako","price":"3,30,000"},{"type":"cars","date":"2020-06-17","url":"i2176151-2014-model-tipper-on-sale.html","name":" 2014 Model Tipper On Sale","price":"16,00,000"},{"type":"cars","date":"2020-06-17","url":"i2180919-ford-figo-titanium-2013.html","name":" Ford Figo Titanium 2013","price":"13,75,000"},{"type":"cars","date":"2020-06-17","url":"i2165770-suzuki-swift.html","name":" Suzuki Swift","price":"19,50,000"},{"type":"cars","date":"2020-06-17","url":"i2166744-tata-vista-2011-diesel-version.html","name":" Tata Vista 2011 Diesel Version","price":"9,00,000"},{"type":"cars","date":"2020-06-17","url":"i2168742-suzuki-japanese-vitara-4x4.html","name":" Suzuki Japanese Vitara 4x4","price":"8,50,000"},{"type":"cars","date":"2020-06-17","url":"i2181731-excellent-swift-dzire-2013-vxi-on-sale.html","name":" Excellent Swift Dzire 2013 Vxi On Sale","price":"18,50,000"},{"type":"cars","date":"2020-06-17","url":"i2175569-santro-zip-drive.html","name":" Santro Zip Drive","price":"5,60,000"},{"type":"cars","date":"2020-06-17","url":"i2180821-excellent-honda-brio-2012-smt-full-service-history.html","name":" Excellent Honda Brio 2012 Smt Full Service History","price":"15,00,000"},{"type":"cars","date":"2020-06-17","url":"i2081948-ford-figo-titanium-2011-diesel.html","name":" Ford Figo Titanium 2011 Diesel","price":"11,50,000"},{"type":"cars","date":"2020-06-17","url":"i2180173-volkswagen-tiguan-petrol-2010-for-sale.html","name":" Volkswagen Tiguan Petrol 2010 For Sale","price":"38,75,000"},{"type":"cars","date":"2020-06-17","url":"i2180386-fresh-wagon.html","name":" Fresh Wagon","price":"8,00,000"},{"type":"cars","date":"2020-06-17","url":"i2173135-maruti-suzuki-celerio-vxi.html","name":" Maruti Suzuki Celerio Vxi","price":"17,00,000"},{"type":"cars","date":"2020-06-17","url":"i2174576-hyundai-grand-i10-asta.html","name":" Hyundai Grand I10 Asta","price":"22,00,000"},{"type":"cars","date":"2020-06-17","url":"i2184111-alto-car-on-sales.html","name":" Alto Car On Sales","price":"9,25,000"},{"type":"cars","date":"2020-06-17","url":"i2179290-excellent-swift-vxi-2007-full-option.html","name":" Excellent Swift Vxi 2007 (full Option)","price":"11,20,000"},{"type":"cars","date":"2020-06-17","url":"i2179434-zen-estilo-2007.html","name":" Zen Estilo 2007","price":"6,75,000"},{"type":"cars","date":"2020-06-17","url":"i2183494-toyota-hilux.html","name":" Toyota Hilux","price":"70,00,000"},{"type":"cars","date":"2020-06-17","url":"i2159897-800-cc-alto-car-on-sales.html","name":" 800 Cc Alto Car On Sales","price":"6,00,000"},{"type":"cars","date":"2020-06-17","url":"i2180606-tata-grandee-10-lakhs.html","name":" Tata Grandee 10 Lakhs","price":"10,00,000"},{"type":"cars","date":"2020-06-17","url":"i2153576-volkswagen-polo-1-2.html","name":" Volkswagen Polo 1.2","price":"16,00,000"},{"type":"cars","date":"2020-06-17","url":"i2181688-excellent-condition-hyundai-i10-magna-2012-model-for-sale.html","name":" Excellent Condition Hyundai I10 Magna 2012 Model For Sale","price":"16,00,000"},{"type":"cars","date":"2020-06-17","url":"i2177175-ford-figo-titanium.html","name":" Ford Figo Titanium","price":"11,95,000"},{"type":"cars","date":"2020-06-17","url":"i2181763-tata-bolt-car.html","name":" Tata Bolt Car","price":"24,00,000"},{"type":"cars","date":"2020-06-17","url":"i2172166-hyundai-accent.html","name":" Hyundai Accent","price":"12,75,000"},{"type":"cars","date":"2020-06-17","url":"i2153249-wagonr.html","name":" Wagonr","price":"7,50,000"},{"type":"cars","date":"2020-06-17","url":"i2183773-wagon-r.html","name":" Wagon R","price":"14,00,000"},{"type":"cars","date":"2020-06-17","url":"i2058698-hyundai-santro-urgent-sale.html","name":" Hyundai Santro Urgent Sale","price":"9,50,000"},{"type":"cars","date":"2020-06-17","url":"i2182906-car-on-sale-urgent.html","name":" Car On Sale Urgent","price":"6,50,000"},{"type":"cars","date":"2020-06-17","url":"i2174290-nissan-navara-d22-pickup-like-hilux.html","name":" Nissan Navara D22 Pickup Like Hilux","price":"19,75,000"},{"type":"cars","date":"2020-06-17","url":"i2184014-sell-sell-sell.html","name":" Sell Sell Sell","price":"25,00,000"},{"type":"cars","date":"2020-06-17","url":"i2147297-land-cruiser.html","name":" Land Cruiser","price":"21,00,000"},{"type":"cars","date":"2020-06-17","url":"i1963542-honda-stream-7-seater-blue-number-plate-for-sale.html","name":" Honda Stream 7 Seater Blue Number Plate For Sale","price":"11,20,000"},{"type":"cars","date":"2020-06-17","url":"i2178906-very-fresh-santro-2009-model-on-sale.html","name":" Very Fresh Santro 2009 Model On Sale","price":"11,25,000"},{"type":"cars","date":"2020-06-17","url":"i2087114-hyundai-matrix-2004.html","name":" Hyundai Matrix 2004","price":"5,20,000"},{"type":"cars","date":"2020-06-17","url":"i2181270-i-20-active.html","name":" I 20 Active","price":"25,95,000"},{"type":"cars","date":"2020-06-17","url":"i2183324-maruti-suzuki-vitara-brezza-vdi-2016-for-sale.html","name":" Maruti Suzuki Vitara Brezza Vdi 2016 For Sale","price":"29,25,000"},{"type":"cars","date":"2020-06-17","url":"i2154762-matiz-car-fresh.html","name":" Matiz Car Fresh","price":"3,70,000"},{"type":"cars","date":"2020-06-17","url":"i2169962-scorpio-s4-white-2015.html","name":" Scorpio S4 White 2015","price":"31,50,000"},{"type":"cars","date":"2020-06-17","url":"i2160500-mitsubishi-pajero-sport-2018-7seater-sunroof-like-brand-new.html","name":" Mitsubishi Pajero Sport 2018 7-seater Sunroof - Like Brand New","price":"1,35,00,000"},{"type":"cars","date":"2020-06-17","url":"i2183525-toyota-is-a-real-car-company.html","name":" Toyota Is A Real Car Company.","price":"15,00,000"},{"type":"cars","date":"2020-06-17","url":"i2106052-honda-city-2005-model.html","name":" Honda City 2005 Model","price":"9,75,000"},{"type":"cars","date":"2020-06-17","url":"i2150050-mazda-b2500-on-sale-or-exchange.html","name":" Mazda B2500 On Sale Or Exchange","price":"9,00,000"},{"type":"cars","date":"2020-06-17","url":"i2113739-honda-civic-2008.html","name":" Honda Civic 2008","price":"24,00,000"},{"type":"cars","date":"2020-06-17","url":"i2183371-maruti-zen-car.html","name":" Maruti Zen Car","price":"4,35,000"},{"type":"cars","date":"2020-06-17","url":"i2184076-honda-civic.html","name":" Honda Civic","price":"18,50,000"},{"type":"cars","date":"2020-06-17","url":"i2153924-tata-safari-dicor-2-2-vtt-7-sitter-family-car-urgernt-for-sale.html","name":" Tata Safari Dicor 2.2 Vtt 7 Sitter Family Car ( Urgernt For Sale)","price":"17,00,000"},{"type":"cars","date":"2020-06-17","url":"i2169379-kia-sportage-4wd.html","name":" Kia Sportage 4wd","price":"19,75,000"},{"type":"cars","date":"2020-06-17","url":"i2180241-urgent-sale.html","name":" Urgent Sale","price":"16,00,000"},{"type":"cars","date":"2020-06-17","url":"i2182133-chevrolet-spark-on-sale.html","name":" Chevrolet Spark On Sale","price":"6,25,000"},{"type":"cars","date":"2020-06-17","url":"i2140727-new-on-test-scorpio-s10.html","name":" New On Test , Scorpio S10,","price":"38,00,000"},{"type":"cars","date":"2020-06-17","url":"i2184463-honda-civic-sporty-luxury-sedan.html","name":" Honda Civic Sporty Luxury Sedan","price":"24,50,000"},{"type":"cars","date":"2020-06-17","url":"i2180593-single-hand-creta-diesel-sx-on-sale.html","name":" Single Hand Creta Diesel Sx On Sale","price":"41,00,000"},{"type":"cars","date":"2020-06-17","url":"i2180689-skoda-rapid-tdi-urgent-sale.html","name":" Skoda Rapid Tdi Urgent Sale","price":"16,40,000"},{"type":"cars","date":"2020-06-17","url":"i2179849-maruti-cargo-van.html","name":" Maruti Cargo Van","price":"5,50,000"},{"type":"cars","date":"2020-06-17","url":"i2177186-kia-rio.html","name":" Kia Rio","price":"11,95,000"},{"type":"cars","date":"2020-06-17","url":"i2177155-perodua-viva.html","name":" Perodua Viva","price":"6,35,000"},{"type":"cars","date":"2020-06-17","url":"i2110793-mercedes-car-sale.html","name":" Mercedes Car Sale","price":"15,00,000"},{"type":"cars","date":"2020-06-17","url":"i2185420-maruti-suzuki-gypsy-4wd.html","name":" Maruti Suzuki Gypsy 4wd","price":"4,50,000"},{"type":"cars","date":"2020-06-17","url":"i2126285-maruti-suzuki-swift-lxi.html","name":" Maruti Suzuki Swift Lxi","price":"11,50,000"},{"type":"cars","date":"2020-06-17","url":"i2180829-new-hyundai-eon-2016.html","name":" New Hyundai Eon 2016","price":"14,50,000"},{"type":"cars","date":"2020-06-17","url":"i1997918-mahindra-jeep-mm-550-xdb.html","name":" Mahindra Jeep Mm 550 Xdb","price":"14,50,000"},{"type":"cars","date":"2020-06-17","url":"i2171094-good-condision-tata-tipper-on-sale.html","name":" Good Condision Tata Tipper On Sale","price":"19,00,000"},{"type":"cars","date":"2020-06-17","url":"i1929511-toyota-lexus-rs-350-f-sport.html","name":" Toyota Lexus Rs 350 F Sport","price":"3,68,00,000"},{"type":"cars","date":"2020-06-17","url":"i2080706-fresh-alto-on-sale.html","name":" Fresh Alto On Sale","price":"4,99,999"},{"type":"cars","date":"2020-06-17","url":"i2177142-alto.html","name":" Alto","price":"11,00,000"},{"type":"cars","date":"2020-06-17","url":"i2178956-brand-new-volkswagen-tiguan-on-sale.html","name":" Brand New Volkswagen Tiguan On Sale","price":"1,11,00,000"},{"type":"cars","date":"2020-06-17","url":"i2171099-renault-kwid-on-urgent-sale.html","name":" Renault Kwid On Urgent Sale","price":"15,00,000"},{"type":"cars","date":"2020-06-17","url":"i2027869-toyota-qualis-8-seater-jeep.html","name":" Toyota Qualis 8 Seater Jeep","price":"9,00,000"},{"type":"cars","date":"2020-06-17","url":"i2179000-hyundai-i10-magna-on-sale-2010.html","name":" Hyundai I10 Magna On Sale 2010","price":"15,00,000"},{"type":"cars","date":"2020-06-17","url":"i2146609-ford-ecosport-trend.html","name":" Ford Ecosport Trend","price":"21,50,000"},{"type":"cars","date":"2020-06-17","url":"i2170898-santro-for-sale.html","name":" Santro For Sale","price":"5,50,000"},{"type":"cars","date":"2020-06-17","url":"i2178854-volkswagen-polo-1-6-highline-2015-for-sale.html","name":" Volkswagen Polo 1.6 Highline 2015 For Sale","price":"22,50,000"},{"type":"cars","date":"2020-06-17","url":"i2184225-tata-bus.html","name":" Tata Bus","price":"45,00,00,000"},{"type":"cars","date":"2020-06-17","url":"i2147854-fiesta1-5-full-option.html","name":" Fiesta1.5 Full Option","price":"17,00,000"},{"type":"cars","date":"2020-06-17","url":"i2184915-excellent-condition-car-on-sell.html","name":" Excellent Condition Car On Sell","price":"29,50,000"},{"type":"cars","date":"2020-06-17","url":"i2170080-bolero-pickup.html","name":" Bolero Pickup","price":"16,75,000"},{"type":"cars","date":"2020-06-17","url":"i2138659-single-handed-ecosport-titanium-ecoboost-2014-on-sale.html","name":" Single Handed Ecosport Titanium (ecoboost) 2014 On Sale","price":"22,50,000"},{"type":"cars","date":"2020-06-17","url":"i2184456-sunny-nissan-luxury-sedan.html","name":" Sunny Nissan Luxury Sedan","price":"24,60,000"},{"type":"cars","date":"2020-06-17","url":"i2149300-brezza.html","name":" Brezza","price":"32,00,000"},{"type":"cars","date":"2020-06-17","url":"i2169832-maruti-zen-on-sale.html","name":" Maruti Zen On Sale","price":"4,00,000"},{"type":"cars","date":"2020-06-17","url":"i2172730-tata-bus-euro-3-2016-last-deluxe-volvo.html","name":" Tata Bus Euro 3 2016 Last Deluxe Volvo","price":"35,00,000"},{"type":"cars","date":"2020-06-17","url":"i2179996-santro-2011.html","name":" Santro 2011","price":"12,20,000"},{"type":"cars","date":"2020-06-17","url":"i2181952-2012-maruti-suzuki-ecco-van-on-sale.html","name":" 2012 Maruti Suzuki Ecco Van On Sale","price":"11,99,000"},{"type":"cars","date":"2020-06-17","url":"i2181595-eco-sports-titanium-2014-diesal.html","name":" Eco Sports Titanium 2014 Diesal","price":"26,75,000"},{"type":"cars","date":"2020-06-17","url":"i2125215-ford-fiesta-classic-2014.html","name":" Ford Fiesta Classic 2014","price":"11,50,000"},{"type":"cars","date":"2020-06-17","url":"i2182179-zotye-mini-suv-jeep-japanese-dna-full-option.html","name":" Zotye Mini Suv Jeep Japanese Dna Full Option","price":"8,00,000"},{"type":"cars","date":"2020-06-17","url":"i2155243-ford-ikon-on-sales.html","name":" Ford Ikon On Sales","price":"4,50,000"},{"type":"cars","date":"2020-06-17","url":"i2139039-hyundai-i20-asta.html","name":" Hyundai I20 Asta","price":"15,90,000"},{"type":"cars","date":"2020-06-17","url":"i2159399-figo-on-sale.html","name":" Figo On Sale.","price":"10,75,000"},{"type":"cars","date":"2020-06-17","url":"i2157648-renault-kwid-excellent-condition-car.html","name":" Renault Kwid Excellent Condition Car","price":"15,50,000"},{"type":"cars","date":"2020-06-17","url":"i2182325-single-handed-ford-ecosport-trend-2014-model-for-sale.html","name":" Single Handed Ford Ecosport Trend 2014 Model For Sale","price":"23,50,000"},{"type":"cars","date":"2020-06-17","url":"i2181925-single-owner-full-option-toyota-corolla-lx-w-full-service-history.html","name":" Single Owner Full Option Toyota Corolla Lx (w/ Full Service History)","price":"20,95,000"},{"type":"cars","date":"2020-06-17","url":"i2181903-ford-figo-automatic.html","name":" Ford Figo Automatic","price":"27,57,000"},{"type":"cars","date":"2020-06-17","url":"i2101282-mahindra-scorpio.html","name":" Mahindra Scorpio","price":"8,00,000"},{"type":"cars","date":"2020-06-17","url":"i2169500-swift-dzire-fully-loaded-on-sale.html","name":" Swift Dzire Fully Loaded On Sale","price":"21,50,000"},{"type":"cars","date":"2020-06-17","url":"i2183770-i10-2008.html","name":" I10 2008","price":"12,50,000"},{"type":"cars","date":"2020-06-17","url":"i2043773-chevrolet-optra-2004.html","name":" Chevrolet Optra 2004","price":"8,50,000"},{"type":"cars","date":"2020-06-17","url":"i2159762-excellent-condition-hyundai-grand-i10-megna-2016.html","name":" Excellent Condition Hyundai Grand I10 Megna 2016","price":"20,00,000"},{"type":"cars","date":"2020-06-17","url":"i2183200-pajero-on-sale.html","name":" Pajero On Sale","price":"28,00,000"},{"type":"cars","date":"2020-06-17","url":"i2180150-chevrolet-spark-lt-2008-model-67000km-car-on-sale.html","name":" Chevrolet Spark Lt 2008 Model, 67000km Car On Sale","price":"6,50,000"},{"type":"cars","date":"2020-06-17","url":"i2152156-2003-excellent-condition-nissan-xtrail-on-sale.html","name":" 2003 Excellent Condition Nissan Xtrail On Sale","price":"18,50,000"},{"type":"cars","date":"2020-06-17","url":"i2183591-single-owner-full-option-hyundai-grand-i10-asta-o-push-button-start.html","name":" Single Owner Full Option Hyundai Grand I10 Asta(o) (push Button Start)","price":"22,75,000"},{"type":"cars","date":"2020-06-17","url":"i2175236-taxi.html","name":" Taxi","price":"23,00,000"},{"type":"cars","date":"2020-06-17","url":"i2176858-tata-telecoline-2012-double-cab-on-sell.html","name":" Tata Telecoline 2012 Double Cab On Sell","price":"10,00,000"},{"type":"cars","date":"2020-06-17","url":"i2182538-mahindra-maximo-plus-for-sale.html","name":" Mahindra Maximo Plus For Sale","price":"4,50,000"},{"type":"cars","date":"2020-06-17","url":"i2177013-grand-i10-on-sale.html","name":" Grand I10 On Sale","price":"23,25,000"},{"type":"cars","date":"2020-06-17","url":"i2177227-toyota-prado-on-sale.html","name":" Toyota Prado On Sale","price":"80,00,000"},{"type":"cars","date":"2020-06-17","url":"i2175251-scorpio-slx-4wd-for-sale.html","name":" Scorpio Slx 4wd For Sale","price":"21,00,000"},{"type":"cars","date":"2020-06-17","url":"i2185239-9851185781.html","name":" 9851185781","price":"5,00,000"},{"type":"cars","date":"2020-06-17","url":"i2178314-landrover-freelander-2-silver-colour.html","name":" Landrover Freelander 2 (silver Colour)","price":"64,00,000"},{"type":"cars","date":"2020-06-17","url":"i2174623-alto-car-2001-argent-bigrema.html","name":" Alto Car 2001 Argent Bigrema","price":"5,50,000"},{"type":"cars","date":"2020-06-17","url":"i2164270-hyundai-santro-2001.html","name":" Hyundai Santro 2001","price":"5,00,000"},{"type":"cars","date":"2020-06-17","url":"i2176527-mahindra-bolero-double-cab.html","name":" Mahindra Bolero Double Cab","price":"17,99,999"},{"type":"cars","date":"2020-06-17","url":"i2181152-captur.html","name":" Captur","price":"35,00,000"},{"type":"cars","date":"2020-06-17","url":"i2175602-kia-sportage-4wd-2010-for-sale.html","name":" Kia Sportage 4wd 2010 For Sale","price":"31,75,000"},{"type":"cars","date":"2020-06-17","url":"i2180780-hyundai-santro-gls-2009-immaculate-condition.html","name":" Hyundai Santro Gls 2009 Immaculate Condition","price":"10,75,000"},{"type":"cars","date":"2020-06-17","url":"i2182712-four-sale.html","name":" Four Sale","price":"6,00,000"},{"type":"cars","date":"2020-06-17","url":"i2072328-excellent-condition-swift-dzire-car.html","name":" Excellent Condition Swift Dzire Car","price":"19,00,000"},{"type":"cars","date":"2020-06-17","url":"i2183259-baleno-delta-on-sale.html","name":" Baleno Delta On Sale","price":"24,00,000"},{"type":"cars","date":"2020-06-17","url":"i2129576-daihatsu-terios-4x4.html","name":" Daihatsu Terios 4x4","price":"11,00,000"},{"type":"cars","date":"2020-06-17","url":"i2171682-excellent-condition-swift-vxi.html","name":" Excellent Condition Swift Vxi","price":"11,00,000"},{"type":"cars","date":"2020-06-17","url":"i2122064-nissan.html","name":" Nissan","price":"15,00,000"},{"type":"cars","date":"2020-06-17","url":"i2168324-zotye-urgent-sale.html","name":" Zotye Urgent Sale","price":"7,50,000"},{"type":"cars","date":"2020-06-17","url":"i2164904-ford-fiesta-style-titanium-2014-for-sale.html","name":" Ford Fiesta Style Titanium 2014 For Sale","price":"21,50,000"},{"type":"cars","date":"2020-06-17","url":"i2172900-i20-asta.html","name":" I20 Asta","price":"15,50,000"},{"type":"cars","date":"2020-06-17","url":"i2111366-mahindra-scorpio-vlx.html","name":" Mahindra Scorpio Vlx","price":"18,60,000"},{"type":"cars","date":"2020-06-17","url":"i2165326-nissan-sunny-on-sale.html","name":" Nissan Sunny On Sale","price":"23,00,000"},{"type":"cars","date":"2020-06-17","url":"i2184196-landcruiser-on-sale.html","name":" Landcruiser On Sale","price":"35,00,000"},{"type":"cars","date":"2020-06-17","url":"i2182299-2015-model-grand-i10-magna-single-hand-forsale.html","name":" 2015 Model Grand I10 Magna Single Hand Forsale","price":"19,45,000"},{"type":"cars","date":"2020-06-17","url":"i2155980-santro-xing-semi-option-car-on-sale.html","name":" Santro Xing Semi Option Car On Sale!","price":"7,75,000"},{"type":"cars","date":"2020-06-17","url":"i2031889-volkswagen-polo.html","name":" Volkswagen Polo","price":"15,50,000"},{"type":"cars","date":"2020-06-17","url":"i2107604-hyundai-eon-magna-plus-2015.html","name":" Hyundai Eon Magna+ 2015","price":"13,00,000"},{"type":"cars","date":"2020-06-17","url":"i2049773-land-rover-td5-for-sell.html","name":" Land Rover Td5 For Sell","price":"40,00,000"},{"type":"cars","date":"2020-06-17","url":"i2149221-i20-hunday-like-new.html","name":" I20 Hunday Like New","price":"15,50,000"},{"type":"cars","date":"2020-06-17","url":"i2175920-japan-is-toyota-jeep-sale.html","name":" Japan Is Toyota Jeep Sale","price":"16,00,000"},{"type":"cars","date":"2020-06-17","url":"i2167898-land-rover-freelander-2.html","name":" Land Rover Freelander 2","price":"79,00,000"}]