[{"type":"cars","date":"2020-06-27","url":"i2193445-1999-model-maruti-800.html","name":" 1999 Model Maruti 800","price":"2,80,000"},{"type":"cars","date":"2020-06-27","url":"i2191786-swift-2010.html","name":" Swift 2010","price":"15,00,000"},{"type":"cars","date":"2020-06-27","url":"i2145479-daihatsu-charmant.html","name":" Daihatsu Charmant","price":"5,15,000"},{"type":"cars","date":"2020-06-27","url":"i2184790-creta-sx-2015-sale-with-mint-condition-dalal-le-kasta-nagarnu-hola.html","name":" **creta Sx 2015 Sale With Mint Condition** Dalal Le Kasta Nagarnu Hola","price":"37,50,000"},{"type":"cars","date":"2020-06-27","url":"i2183936-2004-kia-carens-7-seat-suv.html","name":" 2004 Kia Carens 7 Seat Suv","price":"6,90,000"},{"type":"cars","date":"2020-06-27","url":"i2186689-nissan-super-saloon-2007.html","name":" Nissan Super Saloon 2007","price":"14,50,000"},{"type":"cars","date":"2020-06-27","url":"i2191852-swift-vxi-2005.html","name":" Swift Vxi 2005","price":"10,50,000"},{"type":"cars","date":"2020-06-27","url":"i2191311-santro-2007-full-option-fresh-condition.html","name":" Santro 2007 Full Option Fresh Condition","price":"10,50,000"},{"type":"cars","date":"2020-06-27","url":"i2181170-excellent-condition-hyundai-creta-s-2016-model-for-sale.html","name":" Excellent Condition Hyundai Creta S 2016 Model For Sale","price":"35,50,000"},{"type":"cars","date":"2020-06-27","url":"i2191010-urgent-sell-swift-zxi-2017.html","name":" Urgent Sell Swift Zxi 2017","price":"24,75,000"},{"type":"cars","date":"2020-06-27","url":"i2191075-cargo-van.html","name":" Cargo Van","price":"3,95,000"},{"type":"cars","date":"2020-06-27","url":"i2194036-outlander.html","name":" Outlander","price":"100"},{"type":"cars","date":"2020-06-27","url":"i2189316-hyundai-i10-magna-2010-for-sale.html","name":" Hyundai I10 Magna 2010 For Sale","price":"14,00,000"},{"type":"cars","date":"2020-06-27","url":"i2193733-maruti-suzuki-alto-800-in-sale.html","name":" Maruti Suzuki Alto 800 In Sale","price":"6,20,000"},{"type":"cars","date":"2020-06-27","url":"i2191875-i-10-2010-megna-exchange-pani-huncha.html","name":" I 10 2010 Megna Exchange Pani Huncha","price":"13,50,000"},{"type":"cars","date":"2020-06-27","url":"i2196487-car-for-sale.html","name":" Car For Sale","price":"7,85,000"},{"type":"cars","date":"2020-06-27","url":"i2177874-tata-nexon-xm.html","name":" Tata Nexon Xm","price":"28,50,000"},{"type":"cars","date":"2020-06-27","url":"i2181997-tata-vista-quadrajet-2010-model.html","name":" Tata Vista Quadrajet 2010 Model","price":"10,50,000"},{"type":"cars","date":"2020-06-27","url":"i2168656-hyundai-i20-asta.html","name":" Hyundai I20 Asta","price":"17,00,000"},{"type":"cars","date":"2020-06-27","url":"i2195789-eon.html","name":" Eon","price":"12,50,000"},{"type":"cars","date":"2020-06-27","url":"i2180109-kia-picanto.html","name":" Kia Picanto","price":"11,50,000"},{"type":"cars","date":"2020-06-27","url":"i2191843-swift-dezire-2009.html","name":" Swift Dezire 2009","price":"12,50,000"},{"type":"cars","date":"2020-06-27","url":"i2191074-hilux.html","name":" Hilux","price":"73,50,000"},{"type":"cars","date":"2020-06-27","url":"i2189770-bolero-pickup-on-sale.html","name":" Bolero Pickup On Sale","price":"12,25,000"},{"type":"cars","date":"2020-06-27","url":"i2187744-suzuki-ignis.html","name":" Suzuki Ignis","price":"23,00,00,000"},{"type":"cars","date":"2020-06-27","url":"i2187579-single-handed-kia-rio-sadan.html","name":" Single Handed Kia Rio Sadan","price":"5,70,000"},{"type":"cars","date":"2020-06-27","url":"i2197282-maruti-suzuki-ignis.html","name":" Maruti Suzuki Ignis","price":"8,75,555"},{"type":"cars","date":"2020-06-27","url":"i2190768-ford-figo-titanium-2012-for-urgent-sale.html","name":" Ford Figo Titanium 2012 For Urgent Sale","price":"12,25,000"},{"type":"cars","date":"2020-06-27","url":"i2184412-fresh-kia-sportage-on-sale.html","name":" Fresh Kia Sportage On Sale","price":"25,34,777"},{"type":"cars","date":"2020-06-27","url":"i2177197-datsun-go-excellent-condition-single-handed-home-used-car.html","name":" Datsun Go Excellent Condition Single Handed Home Used Car","price":"15,75,000"},{"type":"cars","date":"2020-06-27","url":"i2182412-i20-active-diesel-excellent-condition.html","name":" I20 Active Diesel Excellent Condition","price":"29,50,000"},{"type":"cars","date":"2020-06-27","url":"i2190183-santro-xing.html","name":" Santro Xing","price":"11,50,000"},{"type":"cars","date":"2020-06-27","url":"i2192797-hyundai-santro-2006.html","name":" Hyundai Santro 2006","price":"8,75,000"},{"type":"cars","date":"2020-06-27","url":"i2192375-alto-maruti-suzuki-lxi-2018.html","name":" Alto Maruti Suzuki Lxi 2018","price":"15,90,000"},{"type":"cars","date":"2020-06-27","url":"i2172722-mazda-3.html","name":" Mazda 3","price":"26,00,000"},{"type":"cars","date":"2020-06-27","url":"i2187473-opel-corsa.html","name":" Opel Corsa","price":"4,20,000"},{"type":"cars","date":"2020-06-27","url":"i2193554-ford-ecosports-trend.html","name":" Ford Ecosports Trend","price":"25,25,000"},{"type":"cars","date":"2020-06-27","url":"i2190620-chevrolet-aveo-2008-model-for-sale.html","name":" Chevrolet Aveo 2008 Model For Sale","price":"9,75,000"},{"type":"cars","date":"2020-06-27","url":"i2185548-ssangyong-korando-2011.html","name":" Ssangyong Korando_2011","price":"19,99,000"},{"type":"cars","date":"2020-06-27","url":"i2182536-eco-sport-titanium.html","name":" Eco Sport Titanium","price":"28,00,000"},{"type":"cars","date":"2020-06-27","url":"i2172166-hyundai-accent.html","name":" Hyundai Accent","price":"12,75,000"},{"type":"cars","date":"2020-06-27","url":"i2178756-maruti-800.html","name":" Maruti 800","price":"4,65,000"},{"type":"cars","date":"2020-06-27","url":"i2189209-hyundai-creta-e-plus-sale.html","name":" Hyundai Creta E+ Sale","price":"37,00,000"},{"type":"cars","date":"2020-06-27","url":"i2193017-fresh-honda-city-for-sale.html","name":" Fresh Honda City For Sale","price":"13,50,000"},{"type":"cars","date":"2020-06-27","url":"i2183943-i10era-sale.html","name":" I10era Sale","price":"11,10,000"},{"type":"cars","date":"2020-06-27","url":"i2181833-well-maintained-maruti-astar-vxi-2009-model-for-sale.html","name":" Well Maintained Maruti Astar Vxi 2009 Model For Sale","price":"10,50,000"},{"type":"cars","date":"2020-06-27","url":"i2189962-maruti-omni-van-on-sale-urgent.html","name":" Maruti Omni Van On Sale Urgent","price":"6,50,000"},{"type":"cars","date":"2020-06-27","url":"i2187221-tata-sumo-on-sell.html","name":" Tata Sumo On Sell","price":"4,25,000"},{"type":"cars","date":"2020-06-27","url":"i2182297-swift.html","name":" Swift","price":"11,99,000"},{"type":"cars","date":"2020-06-27","url":"i2188353-creta-sx-plus-for-sale.html","name":" Creta Sx Plus For Sale","price":"41,90,000"},{"type":"cars","date":"2020-06-27","url":"i2180529-suzuki-swift-dezire-2018-model-car-on-sale.html","name":" Suzuki Swift Dezire 2018 Model Car On Sale","price":"28,00,000"},{"type":"cars","date":"2020-06-27","url":"i2188750-automatic-4motion-tiguan.html","name":" Automatic 4motion Tiguan","price":"41,50,000"},{"type":"cars","date":"2020-06-27","url":"i2185575-daihatsu-sirion.html","name":" Daihatsu Sirion","price":"8,90,000"},{"type":"cars","date":"2020-06-27","url":"i2164807-alto-car-vxi-1100cc-full-option.html","name":" Alto Car Vxi 1100cc Full Option","price":"7,00,000"},{"type":"cars","date":"2020-06-27","url":"i2166423-perodua-viva-850.html","name":" Perodua Viva 850","price":"5,25,000"},{"type":"cars","date":"2020-06-27","url":"i2188951-honda-city-car.html","name":" Honda City Car","price":"18,99,000"},{"type":"cars","date":"2020-06-27","url":"i2188945-maruti-van-vrfca00.html","name":" Maruti Van Vrfca00","price":"2,50,000"},{"type":"cars","date":"2020-06-27","url":"i2183318-maruti-suzuki-vitara-brezza-zdi-plus-2017-for-sale.html","name":" Maruti Suzuki Vitara Brezza Zdi+ 2017 For Sale","price":"33,25,000"},{"type":"cars","date":"2020-06-27","url":"i2181152-renault-captur.html","name":" Renault Captur","price":"35,00,000"},{"type":"cars","date":"2020-06-27","url":"i2179434-zen-estilo-2007.html","name":" Zen Estilo 2007","price":"6,75,000"},{"type":"cars","date":"2020-06-27","url":"i2179883-2015-suzuki-baleno-sale-or-exchange-with-pick-up.html","name":" 2015 Suzuki Baleno Sale Or Exchange With Pick Up","price":"21,50,000"},{"type":"cars","date":"2020-06-27","url":"i2194799-tata-grandy.html","name":" Tata Grandy","price":"12,50,000"},{"type":"cars","date":"2020-06-27","url":"i2179996-santro-2011.html","name":" Santro 2011","price":"12,20,000"},{"type":"cars","date":"2020-06-27","url":"i2187423-volkswagen-passat-cc.html","name":" Volkswagen Passat Cc","price":"56,00,000"},{"type":"cars","date":"2020-06-27","url":"i2190863-tata-xenon-4x4.html","name":" Tata Xenon 4x4","price":"23,50,000"},{"type":"cars","date":"2020-06-27","url":"i2188490-hyundai-accent.html","name":" Hyundai Accent","price":"13,25,000"},{"type":"cars","date":"2020-06-27","url":"i2191830-scorpio.html","name":" Scorpio","price":"48,00,000"},{"type":"cars","date":"2020-06-27","url":"i2032467-freelander-lr2.html","name":" Freelander Lr2","price":"55,00,000"},{"type":"cars","date":"2020-06-27","url":"i2184908-swift-zxi-2015.html","name":" Swift Zxi 2015","price":"22,00,000"},{"type":"cars","date":"2020-06-27","url":"i2194950-hyundai-verna-sx-1-6-2012-fully-loaded.html","name":" Hyundai Verna Sx 1.6 2012 Fully Loaded","price":"23,75,000"},{"type":"cars","date":"2020-06-27","url":"i2196951-santro-2003-on-sale.html","name":" Santro 2003 On Sale","price":"6,05,000"},{"type":"cars","date":"2020-06-27","url":"i2183525-toyota-yaris-car.html","name":" Toyota Yaris Car","price":"15,00,000"},{"type":"cars","date":"2020-06-27","url":"i2177054-swift-zxi-2013.html","name":" Swift Zxi 2013","price":"19,49,000"},{"type":"cars","date":"2020-06-27","url":"i2187278-2015-hyundai-verna-1-6-s-0.html","name":" 2015 Hyundai Verna 1.6 S (0)","price":"28,50,000"},{"type":"cars","date":"2020-06-27","url":"i2193401-fiat-avventura-dynamic-1-4-petrol.html","name":" Fiat Avventura Dynamic 1.4 Petrol","price":"21,00,000"},{"type":"cars","date":"2020-06-27","url":"i2194805-excellent-condition-santro-for-sale.html","name":" Excellent Condition Santro For Sale","price":"14,40,000"},{"type":"cars","date":"2020-06-27","url":"i2166028-scorpio-s2-like-new.html","name":" Scorpio S2 Like New","price":"26,50,000"},{"type":"cars","date":"2020-06-27","url":"i2189715-school-van-on-sale.html","name":" School Van On Sale","price":"4,00,000"},{"type":"cars","date":"2020-06-27","url":"i2193252-suzuki-celerio-2014-model.html","name":" Suzuki Celerio 2014 Model","price":"15,50,000"},{"type":"cars","date":"2020-06-27","url":"i2190420-sumo-gold.html","name":" Sumo Gold","price":"16,50,000"},{"type":"cars","date":"2020-06-27","url":"i2168965-tata-vista.html","name":" Tata Vista","price":"12,70,000"},{"type":"cars","date":"2020-06-27","url":"i2177033-tata-sumo-gold-ex.html","name":" Tata Sumo Gold Ex","price":"14,00,000"},{"type":"cars","date":"2020-06-27","url":"i2163167-renault-duster-2016.html","name":" Renault Duster 2016","price":"29,50,000"},{"type":"cars","date":"2020-06-27","url":"i2192379-swift.html","name":" Swift","price":"10,50,000"},{"type":"cars","date":"2020-06-27","url":"i2181925-single-owner-full-option-toyota-corolla-lx-w-full-service-history.html","name":" Single Owner Full Option Toyota Corolla Lx (w/ Full Service History)","price":"20,95,000"},{"type":"cars","date":"2020-06-27","url":"i2161284-santro-zing-xs-full-option-absolutely-fine-car-on-sale.html","name":" Santro Zing Xs Full Option, Absolutely Fine Car On Sale","price":"9,75,000"},{"type":"cars","date":"2020-06-27","url":"i2190676-excellent-condition-swift-vxi.html","name":" Excellent Condition Swift Vxi","price":"11,00,000"},{"type":"cars","date":"2020-06-27","url":"i2184014-suzuki-dzire-2017.html","name":" Suzuki Dzire 2017","price":"25,00,000"},{"type":"cars","date":"2020-06-27","url":"i2188563-sunny-2014.html","name":" Sunny 2014","price":"20,50,000"},{"type":"cars","date":"2020-06-27","url":"i2182861-tata-indigo-cs.html","name":" Tata Indigo Cs","price":"17,00,000"},{"type":"cars","date":"2020-06-27","url":"i2158570-scorpio-s4-for-sell.html","name":" Scorpio S4 For Sell","price":"30,00,000"},{"type":"cars","date":"2020-06-27","url":"i2194676-aventura-affordable.html","name":" Aventura Affordable","price":"17,50,000"},{"type":"cars","date":"2020-06-27","url":"i2195403-hundai-i10-sale.html","name":" Hundai I10 Sale","price":"11,50,000"},{"type":"cars","date":"2020-06-27","url":"i2157605-ford-ecosport-2018-trend-plus-facelift-version.html","name":" Ford Ecosport 2018 Trend Plus Facelift Version","price":"32,50,000"},{"type":"cars","date":"2020-06-27","url":"i2081240-alto-k10-on-sale.html","name":" Alto K10 On Sale","price":"11,00,000"},{"type":"cars","date":"2020-06-27","url":"i2164289-hilux-pick-up-jeep.html","name":" Hilux Pick Up Jeep","price":"35,00,000"},{"type":"cars","date":"2020-06-27","url":"i2191172-japanese-isuzu-bighorn.html","name":" Japanese Isuzu Bighorn","price":"2,25,000"},{"type":"cars","date":"2020-06-27","url":"i2186050-hyundai-i10-magna.html","name":" Hyundai I10, Magna","price":"15,00,000"},{"type":"cars","date":"2020-06-27","url":"i2191766-mahindra-bolero.html","name":" Mahindra Bolero","price":"8,00,000"},{"type":"cars","date":"2020-06-27","url":"i2163052-i10-sports-for-sale.html","name":" I10 Sports For Sale","price":"17,00,000"},{"type":"cars","date":"2020-06-27","url":"i2187995-dzire-zxi-2015.html","name":" Dzire Zxi 2015","price":"23,25,000"},{"type":"cars","date":"2020-06-27","url":"i2169998-volkswagen-vento-1-6.html","name":" Volkswagen Vento 1.6","price":"18,00,000"},{"type":"cars","date":"2020-06-27","url":"i2187915-toyota-micro-bas.html","name":" Toyota Micro Bas","price":"33,00,000"},{"type":"cars","date":"2020-06-27","url":"i2166744-tata-vista-2011-diesel-version.html","name":" Tata Vista 2011 Diesel Version","price":"9,00,000"},{"type":"cars","date":"2020-06-27","url":"i2194472-swift-dzire-zxi-2015.html","name":" Swift Dzire Zxi 2015","price":"23,25,000"},{"type":"cars","date":"2020-06-27","url":"i2180241-datsun-redigo-urgent-sale.html","name":" Datsun Redigo Urgent Sale","price":"16,00,000"},{"type":"cars","date":"2020-06-27","url":"i2194979-hyundai-santro-xing-gls-2014.html","name":" Hyundai Santro Xing Gls 2014","price":"15,75,000"},{"type":"cars","date":"2020-06-27","url":"i2128993-tata-indica-diesel-car-on-sell.html","name":" Tata Indica Diesel Car On Sell","price":"4,50,000"},{"type":"cars","date":"2020-06-27","url":"i2191975-hyundai-i10-magna.html","name":" Hyundai I10 Magna","price":"14,25,000"},{"type":"cars","date":"2020-06-27","url":"i2184630-toyota-land-cruiser-prado-urgent-sale.html","name":" Toyota Land Cruiser Prado Urgent Sale","price":"18,00,000"},{"type":"cars","date":"2020-06-27","url":"i2104815-kia-rio-sedan-car.html","name":" Kia Rio Sedan Car","price":"10,50,000"},{"type":"cars","date":"2020-06-27","url":"i2180517-mahindra-scorpio-s4-plus-4wd-jeep.html","name":" Mahindra Scorpio S4+ 4wd Jeep","price":"35,50,000"},{"type":"cars","date":"2020-06-27","url":"i2191319-swift-vxi-2008-fresh-car-allow-wheels-no-bargaining.html","name":" Swift Vxi 2008 , Fresh Car ,allow Wheels , No Bargaining","price":"11,99,000"},{"type":"cars","date":"2020-06-27","url":"i2163459-renault-kwid-rxt-used-by-doctor.html","name":" Renault Kwid Rxt Used By Doctor","price":"15,50,000"},{"type":"cars","date":"2020-06-27","url":"i2162793-suzuki-swift-dzire-2016-vxi-for-sale.html","name":" Suzuki Swift Dzire 2016 Vxi For Sale","price":"21,75,000"},{"type":"cars","date":"2020-06-27","url":"i2187105-datsun-go-t-o-for-sale-in-hetauda.html","name":" Datsun Go T \"o\" For Sale In Hetauda.","price":"17,00,000"},{"type":"cars","date":"2020-06-27","url":"i2184031-wagon-r.html","name":" Wagon R","price":"17,25,000"},{"type":"cars","date":"2020-06-27","url":"i2193179-mazda-3.html","name":" Mazda 3","price":"14,00,000"},{"type":"cars","date":"2020-06-27","url":"i2139234-xuv-500.html","name":" Xuv 500","price":"28,45,000"},{"type":"cars","date":"2020-06-27","url":"i2194973-daihatsu-terios-sx-2007-abs-and-airbags.html","name":" Daihatsu Terios Sx 2007 Abs And Airbags","price":"26,75,000"},{"type":"cars","date":"2020-06-27","url":"i2164008-ford-ecosport-trend-2017-12900-km.html","name":" Ford Ecosport Trend 2017 (12900 Km)","price":"28,25,000"},{"type":"cars","date":"2020-06-27","url":"i2189552-car.html","name":" Car","price":"5,20,000"},{"type":"cars","date":"2020-06-27","url":"i2191546-2018-kia-rio.html","name":" 2018 Kia Rio","price":"29,50,000"},{"type":"cars","date":"2020-06-27","url":"i2178829-ford-figo-2011-model-run-by-jobholder.html","name":" Ford Figo 2011 Model Run By Jobholder","price":"11,00,000"},{"type":"cars","date":"2020-06-27","url":"i2180919-ford-figo-titanium-2013.html","name":" Ford Figo Titanium 2013","price":"13,75,000"},{"type":"cars","date":"2020-06-27","url":"i2183200-pajero-on-sale.html","name":" Pajero On Sale","price":"28,00,000"},{"type":"cars","date":"2020-06-27","url":"i2182325-single-handed-ford-ecosport-trend-2014-model-for-sale.html","name":" Single Handed Ford Ecosport Trend 2014 Model For Sale","price":"23,50,000"},{"type":"cars","date":"2020-06-27","url":"i2175269-volkswagen-passat-2015-1-8-tsi-luxury-sedan.html","name":" Volkswagen Passat 2015 1.8 Tsi Luxury Sedan   \n        9.1 / 10","price":"72,00,000"},{"type":"cars","date":"2020-06-27","url":"i2187929-mahindra-2wd.html","name":" Mahindra 2wd","price":"13,00,000"},{"type":"cars","date":"2020-06-27","url":"i2186598-ssangyong-korando.html","name":" Ssangyong Korando","price":"20,00,000"},{"type":"cars","date":"2020-06-27","url":"i2183805-tata-indica-ev2.html","name":" Tata Indica Ev2","price":"8,60,000"},{"type":"cars","date":"2020-06-27","url":"i2181731-excellent-swift-dzire-2013-vxi-on-sale.html","name":" Excellent Swift Dzire 2013 Vxi On Sale","price":"18,50,000"},{"type":"cars","date":"2020-06-27","url":"i2181162-tucson.html","name":" Tucson","price":"25,00,000"},{"type":"cars","date":"2020-06-27","url":"i2183324-maruti-suzuki-vitara-brezza-vdi-2016-for-sale.html","name":" Maruti Suzuki Vitara Brezza Vdi 2016 For Sale","price":"29,25,000"},{"type":"cars","date":"2020-06-27","url":"i2181688-excellent-condition-hyundai-i10-magna-2012-model-for-sale.html","name":" Excellent Condition Hyundai I10 Magna 2012 Model For Sale","price":"16,00,000"},{"type":"cars","date":"2020-06-27","url":"i2186364-kia-sportage-diesel.html","name":" Kia Sportage Diesel","price":"35,00,000"},{"type":"cars","date":"2020-06-27","url":"i2169569-nissan-micra.html","name":" Nissan Micra","price":"24,00,000"},{"type":"cars","date":"2020-06-27","url":"i2195425-toyota-landcruiser-hj60-4wd.html","name":" Toyota Landcruiser Hj60 4wd","price":"13,00,000"},{"type":"cars","date":"2020-06-27","url":"i2192609-mahindra-scerpio-2015-model-4-4-on-sale.html","name":" Mahindra Scerpio 2015 Model 4*4 On Sale","price":"29,00,000"},{"type":"cars","date":"2020-06-27","url":"i2195848-swift-dizer-2009.html","name":" Swift Dizer 2009","price":"12,75,000"},{"type":"cars","date":"2020-06-27","url":"i2185430-figo.html","name":" Figo","price":"12,00,000"},{"type":"cars","date":"2020-06-27","url":"i2190944-honda-city-2012.html","name":" Honda City 2012","price":"18,50,000"},{"type":"cars","date":"2020-06-27","url":"i2184499-hyundai-i10-1-2cc-of-model-year-2019.html","name":" Hyundai I10 1.2cc Of Model Year 2019","price":"24,00,000"},{"type":"cars","date":"2020-06-27","url":"i2187264-drs-alto-800-for-sell-bhairahawa.html","name":" Drs Alto 800 For Sell \\ Bhairahawa","price":"7,50,000"},{"type":"cars","date":"2020-06-27","url":"i2193184-baleno-delta-brand-new-condition.html","name":" Baleno Delta Brand New Condition","price":"26,50,000"},{"type":"cars","date":"2020-06-27","url":"i2182538-mahindra-maximo-plus-for-sale.html","name":" Mahindra Maximo Plus For Sale","price":"4,50,000"},{"type":"cars","date":"2020-06-27","url":"i2189530-maruti-suzuki-alto-k10-vxi-2011-for-sale.html","name":" Maruti Suzuki Alto K10 Vxi 2011 For Sale","price":"11,25,000"},{"type":"cars","date":"2020-06-27","url":"i2153249-wagonr.html","name":" Wagonr","price":"7,50,000"},{"type":"cars","date":"2020-06-27","url":"i2058698-hyundai-santro-urgent-sale.html","name":" Hyundai Santro Urgent Sale","price":"9,50,000"},{"type":"cars","date":"2020-06-27","url":"i2196637-car.html","name":" Car","price":"8,50,000"},{"type":"cars","date":"2020-06-27","url":"i2189067-scorpio-2016-4x4.html","name":" Scorpio 2016 4x4","price":"26,50,000"},{"type":"cars","date":"2020-06-27","url":"i2168742-suzuki-japanese-vitara-4x4.html","name":" Suzuki Japanese Vitara 4x4","price":"8,50,000"},{"type":"cars","date":"2020-06-27","url":"i2193203-kia-soul-diesel-2014-single-handed.html","name":" Kia Soul Diesel 2014 Single Handed","price":"29,50,000"},{"type":"cars","date":"2020-06-27","url":"i2187578-daihatsu-terios-excellent-condition-4wd.html","name":" Daihatsu Terios Excellent Condition 4wd","price":"13,25,000"},{"type":"cars","date":"2020-06-27","url":"i1963542-honda-stream-7-seater-blue-number-plate-for-sale.html","name":" Honda Stream 7 Seater Blue Number Plate For Sale","price":"11,20,000"},{"type":"cars","date":"2020-06-27","url":"i2196742-kia-rio-2004.html","name":" Kia Rio 2004","price":"6,50,000"},{"type":"cars","date":"2020-06-27","url":"i2195011-ford-ecosport-2018-model-sale-or-exchange.html","name":" Ford Ecosport 2018 Model Sale Or Exchange","price":"29,50,000"},{"type":"cars","date":"2020-06-27","url":"i2153576-volkswagen-polo-1-2.html","name":" Volkswagen Polo 1.2","price":"16,00,000"},{"type":"cars","date":"2020-06-27","url":"i2175004-single-handed-hyundai-creta-2015-sx-plus-petrol-on-sale.html","name":" Single Handed Hyundai Creta 2015 Sx+ Petrol On Sale","price":"39,00,000"},{"type":"cars","date":"2020-06-27","url":"i2177216-toyota-hilux-on-sale.html","name":" Toyota Hilux On Sale","price":"40,00,000"},{"type":"cars","date":"2020-06-27","url":"i2106052-honda-city-2005-model.html","name":" Honda City 2005 Model","price":"9,75,000"},{"type":"cars","date":"2020-06-27","url":"i2196521-datsun-go-2015.html","name":" Datsun Go 2015","price":"13,50,000"},{"type":"cars","date":"2020-06-27","url":"i2150050-mazda-b2500-on-sale-or-exchange.html","name":" Mazda B2500 On Sale Or Exchange","price":"9,00,000"},{"type":"cars","date":"2020-06-27","url":"i2164273-santro-car.html","name":" Santro Car","price":"4,75,500"},{"type":"cars","date":"2020-06-27","url":"i2178920-hyundai-grand-i10-magna-1-2-2014-on-sale.html","name":" Hyundai Grand I10 Magna 1.2 2014 On Sale","price":"18,50,000"},{"type":"cars","date":"2020-06-27","url":"i2187597-volkswagen-2013-polo-highline-fully-loaded-airbags-steering-ctrl.html","name":" Volkswagen 2013 Polo High-line(fully Loaded) Airbags, Steering Ctrl","price":"19,75,000"},{"type":"cars","date":"2020-06-27","url":"i2180499-swift-dezire-2016.html","name":" Swift Dezire 2016","price":"23,50,000"},{"type":"cars","date":"2020-06-27","url":"i2188897-wagnor.html","name":" Wagnor","price":"14,00,000"},{"type":"cars","date":"2020-06-27","url":"i2181763-tata-bolt-car.html","name":" Tata Bolt Car","price":"24,00,000"},{"type":"cars","date":"2020-06-27","url":"i2177989-maruti-suzuki-zen.html","name":" Maruti Suzuki Zen","price":"5,00,000"},{"type":"cars","date":"2020-06-27","url":"i2173484-suzuki-swift-dezire-vxi-2019-on-sale.html","name":" Suzuki Swift Dezire Vxi 2019 On Sale","price":"27,00,000"},{"type":"cars","date":"2020-06-27","url":"i2197498-urgent-sale-datsun-redi-go.html","name":" Urgent Sale Datsun Redi Go","price":"9,00,000"},{"type":"cars","date":"2020-06-27","url":"i2087114-hyundai-matrix-2004.html","name":" Hyundai Matrix 2004","price":"5,20,000"},{"type":"cars","date":"2020-06-27","url":"i2186381-hyundai-i10-sports-2010.html","name":" Hyundai I10 Sports 2010","price":"14,50,000"},{"type":"cars","date":"2020-06-27","url":"i2188592-santro-car-for-sale.html","name":" Santro Car For Sale","price":"11,00,000"},{"type":"cars","date":"2020-06-27","url":"i2140727-new-on-test-scorpio-s10.html","name":" New On Test , Scorpio S10,","price":"38,00,000"},{"type":"cars","date":"2020-06-27","url":"i2185722-ford-ecosport-titanium-for-sale.html","name":" Ford Ecosport Titanium For Sale","price":"23,50,000"},{"type":"cars","date":"2020-06-27","url":"i2190168-ford-figo-trend-fresh-18-lot-21-000-km-run-car-on-sale.html","name":" Ford Figo Trend (fresh - 18 Lot | 21,000 Km Run) Car On Sale","price":"19,50,000"},{"type":"cars","date":"2020-06-27","url":"i2180816-excellent-condition-hyundai-i20-asta.html","name":" Excellent Condition Hyundai I20 Asta","price":"15,50,000"},{"type":"cars","date":"2020-06-27","url":"i2190102-santro-2012-for-sell.html","name":" Santro 2012 For Sell","price":"13,90,000"},{"type":"cars","date":"2020-06-27","url":"i2180273-rav4-on-sale.html","name":" Rav4 On Sale","price":"16,00,000"},{"type":"cars","date":"2020-06-27","url":"i2194960-hyundai-grand-i10-magna-2016.html","name":" Hyundai Grand I10 Magna 2016","price":"21,75,000"},{"type":"cars","date":"2020-06-27","url":"i2113739-honda-civic-2008.html","name":" Honda Civic 2008","price":"24,00,000"},{"type":"cars","date":"2020-06-27","url":"i2169962-scorpio-s4-white-2015.html","name":" Scorpio S4 White 2015","price":"31,50,000"},{"type":"cars","date":"2020-06-27","url":"i2196165-excellent-condition-marute-wagonr-2006-lx.html","name":" Excellent Condition Marute Wagonr 2006 Lx","price":"6,75,000"},{"type":"cars","date":"2020-06-27","url":"i2184202-mitsubishi-lancer-on-sale.html","name":" Mitsubishi Lancer On Sale","price":"5,50,000"},{"type":"cars","date":"2020-06-27","url":"i2184796-honda-crv.html","name":" Honda Crv","price":"33,90,000"},{"type":"cars","date":"2020-06-27","url":"i2081948-ford-figo-titanium-2011-diesel.html","name":" Ford Figo Titanium 2011 Diesel","price":"11,50,000"},{"type":"cars","date":"2020-06-27","url":"i2196215-maruti-suzuki-alto-k10-vxi-2015.html","name":" Maruti Suzuki Alto K10 Vxi 2015","price":"15,50,000"},{"type":"cars","date":"2020-06-27","url":"i2196451-swift-vxi.html","name":" Swift Vxi","price":"14,20,000"},{"type":"cars","date":"2020-06-27","url":"i2188764-car-urgent-sell.html","name":" Car Urgent Sell","price":"3,25,000"},{"type":"cars","date":"2020-06-27","url":"i2189419-skoda-rapid-on-sale-and-exchange.html","name":" Skoda Rapid On Sale And Exchange","price":"14,50,000"},{"type":"cars","date":"2020-06-27","url":"i2194364-ford-ecosport-1-5-trend-2014.html","name":" Ford Ecosport 1.5 Trend 2014","price":"22,50,000"},{"type":"cars","date":"2020-06-27","url":"i2189671-ford-ecosport-trend-diesel-2014-for-sale.html","name":" Ford Ecosport Trend Diesel 2014 For Sale","price":"24,50,000"},{"type":"cars","date":"2020-06-27","url":"i2176339-toyota-corolla-lx.html","name":" Toyota Corolla Lx","price":"20,00,000"},{"type":"cars","date":"2020-06-27","url":"i2191728-grand-magna-2017.html","name":" Grand Magna 2017","price":"23,00,000"},{"type":"cars","date":"2020-06-27","url":"i2191025-picanto-well-condition.html","name":" Picanto Well Condition","price":"7,50,000"},{"type":"cars","date":"2020-06-27","url":"i2169379-kia-sportage-4wd.html","name":" Kia Sportage 4wd","price":"19,75,000"},{"type":"cars","date":"2020-06-27","url":"i2194638-mg-gs.html","name":" Mg Gs","price":"60,00,000"},{"type":"cars","date":"2020-06-27","url":"i2159897-800-cc-alto-car-on-sales.html","name":" 800 Cc Alto Car On Sales","price":"6,00,000"},{"type":"cars","date":"2020-06-27","url":"i2196455-alto-lxi-2015-model.html","name":" Alto Lxi 2015 Model","price":"12,50,000"},{"type":"cars","date":"2020-06-27","url":"i2194574-car-for-sale.html","name":" Car For Sale","price":"24,50,000"},{"type":"cars","date":"2020-06-27","url":"i1997918-mahindra-jeep-mm-550-xdb.html","name":" Mahindra Jeep Mm 550 Xdb","price":"14,50,000"},{"type":"cars","date":"2020-06-27","url":"i2194115-kia-picanto.html","name":" Kia Picanto","price":"17,50,000"},{"type":"cars","date":"2020-06-27","url":"i2178974-single-owner-hyundai-i20-magna-w-alloy-wheels.html","name":" Single Owner Hyundai I20 Magna (w/ Alloy Wheels)","price":"14,35,000"},{"type":"cars","date":"2020-06-27","url":"i2180173-volkswagen-tiguan-petrol-2010-for-sale.html","name":" Volkswagen Tiguan Petrol 2010 For Sale","price":"38,75,000"},{"type":"cars","date":"2020-06-27","url":"i2153924-tata-safari-dicor-2-2-vtt-7-sitter-family-car-urgernt-for-sale.html","name":" Tata Safari Dicor 2.2 Vtt 7 Sitter Family Car ( Urgernt For Sale)","price":"17,00,000"},{"type":"cars","date":"2020-06-27","url":"i2170080-bolero-pickup.html","name":" Bolero Pickup","price":"16,75,000"},{"type":"cars","date":"2020-06-27","url":"i2080706-fresh-alto-on-sale.html","name":" Fresh Alto On Sale","price":"4,99,999"},{"type":"cars","date":"2020-06-27","url":"i2183494-toyota-hilux.html","name":" Toyota Hilux","price":"70,00,000"},{"type":"cars","date":"2020-06-27","url":"i2175602-kia-sportage-4wd-2010-for-sale.html","name":" Kia Sportage 4wd 2010 For Sale","price":"31,75,000"},{"type":"cars","date":"2020-06-27","url":"i2126285-maruti-suzuki-swift-lxi.html","name":" Maruti Suzuki Swift Lxi","price":"11,50,000"},{"type":"cars","date":"2020-06-27","url":"i2196282-ford-figo-2012-on-sale.html","name":" Ford Figo 2012 On Sale","price":"11,25,000"},{"type":"cars","date":"2020-06-27","url":"i2146609-ford-ecosport-trend.html","name":" Ford Ecosport Trend","price":"21,50,000"},{"type":"cars","date":"2020-06-27","url":"i2173876-blue-plate-tata-safari-storme-4x4-vx-2019-only-11000km.html","name":" Blue Plate Tata Safari Storme 4x4, Vx 2019, Only 11000km","price":"19,00,000"},{"type":"cars","date":"2020-06-27","url":"i2188668-full-option-facelift-kia-sportage-awd-w-drls-plus-parking-camera.html","name":" Full Option Facelift Kia Sportage Awd (w/drls + Parking Camera)","price":"46,50,000"},{"type":"cars","date":"2020-06-27","url":"i2193601-kia-picanto-2007.html","name":" Kia Picanto 2007","price":"8,00,000"},{"type":"cars","date":"2020-06-27","url":"i2183736-gypsy-king.html","name":" Gypsy King","price":"6,00,000"},{"type":"cars","date":"2020-06-27","url":"i2182182-maruti-alto-2001-model.html","name":" Maruti Alto 2001 Model","price":"5,50,000"},{"type":"cars","date":"2020-06-27","url":"i2183773-wagon-r.html","name":" Wagon R","price":"14,00,000"},{"type":"cars","date":"2020-06-27","url":"i2188958-brand-new-volkswagen-polo-1-0-trendline-plus.html","name":" Brand New Volkswagen Polo 1.0 Trendline Plus","price":"29,45,000"},{"type":"cars","date":"2020-06-27","url":"i2192646-terios.html","name":" Terios","price":"9,00,000"},{"type":"cars","date":"2020-06-27","url":"i2185062-kia-picanto-2012-auto-fully-reloaded.html","name":" Kia Picanto 2012 Auto Fully Reloaded","price":"18,00,000"},{"type":"cars","date":"2020-06-27","url":"i2190222-astar-2009-vxi.html","name":" Astar 2009 Vxi","price":"9,50,000"},{"type":"cars","date":"2020-06-27","url":"i2189903-volskwagen-polo-1-6-highline-2013.html","name":" Volskwagen Polo 1.6 Highline 2013","price":"20,00,000"},{"type":"cars","date":"2020-06-27","url":"i2027869-toyota-qualis-8-seater-jeep.html","name":" Toyota Qualis 8 Seater Jeep","price":"9,00,000"},{"type":"cars","date":"2020-06-27","url":"i2193035-maruti-zen-car.html","name":" Maruti Zen Car","price":"4,35,000"},{"type":"cars","date":"2020-06-27","url":"i2194220-hyundai-i20-asta-dual-tone.html","name":" Hyundai I20 Asta Dual Tone","price":"29,00,000"},{"type":"cars","date":"2020-06-27","url":"i2189891-indica-dls.html","name":" Indica Dls","price":"2,50,000"},{"type":"cars","date":"2020-06-27","url":"i2189368-zen.html","name":" Zen","price":"7,50,000"},{"type":"cars","date":"2020-06-27","url":"i2197277-maruti-suzuki-alto-800.html","name":" Maruti Suzuki Alto 800","price":"8,37,777"},{"type":"cars","date":"2020-06-27","url":"i2196789-urgent-sell-daihatsu-car.html","name":" Urgent Sell.daihatsu Car","price":"2,70,000"},{"type":"cars","date":"2020-06-27","url":"i2194317-urgent-buyer-required.html","name":" Urgent Buyer Required","price":"36,00,000"},{"type":"cars","date":"2020-06-27","url":"i2186338-maruti-omni-van-8-seater-2016.html","name":" Maruti Omni Van 8 Seater 2016","price":"8,80,000"},{"type":"cars","date":"2020-06-27","url":"i2183586-like-brand-new-2018-vw-polo-trendline-plus-w-company-fitted-touchscreen.html","name":" Like Brand New 2018 Vw Polo Trendline+ (w/company Fitted Touchscreen)","price":"22,75,000"},{"type":"cars","date":"2020-06-27","url":"i2184111-alto-car-on-sales.html","name":" Alto Car On Sales","price":"9,25,000"},{"type":"cars","date":"2020-06-27","url":"i2183311-tata-ace-pickup.html","name":" Tata Ace Pickup","price":"3,30,000"},{"type":"cars","date":"2020-06-27","url":"i2147854-fiesta1-5-full-option.html","name":" Fiesta1.5 Full Option","price":"17,00,000"},{"type":"cars","date":"2020-06-27","url":"i2185856-2014-datsun-go-driven-for-only-39-000-km-w-full-service-history.html","name":" 2014 Datsun Go (driven For Only 39,000 Km, W/ Full Service History)","price":"11,25,000"},{"type":"cars","date":"2020-06-27","url":"i2175504-maruti-800-on-sale-2006.html","name":" Maruti 800 On Sale 2006","price":"5,23,000"}]