[{"type":"cars","date":"2020-04-25","url":"i2130965-mahindra-thar.html","name":" Mahindra Thar","price":"48,00,000"},{"type":"cars","date":"2020-04-25","url":"i2128993-tata-indica-diesel-car-on-sell.html","name":" Tata Indica Diesel Car On Sell","price":"4,50,000"},{"type":"cars","date":"2020-04-25","url":"i2108869-toyota-rav4.html","name":" Toyota Rav4","price":"11,90,000"},{"type":"cars","date":"2020-04-25","url":"i2142422-sportage-on-sale.html","name":" Sportage On Sale","price":"8,00,000"},{"type":"cars","date":"2020-04-25","url":"i2142121-urgent-sale-honda-city-zx.html","name":" Urgent Sale Honda City Zx","price":"12,25,000"},{"type":"cars","date":"2020-04-25","url":"i2145479-daihatsu-charmant.html","name":" Daihatsu Charmant","price":"4,50,000"},{"type":"cars","date":"2020-04-25","url":"i2099684-hyundai-creta.html","name":" Hyundai Creta","price":"33,50,000"},{"type":"cars","date":"2020-04-25","url":"i2032316-ford-ecosport-1-5l-petrol-2014.html","name":" Ford Ecosport 1.5l Petrol 2014","price":"22,50,000"},{"type":"cars","date":"2020-04-25","url":"i2154663-nissan-xtrai-for-sale-or-exchange.html","name":" Nissan Xtrai For Sale Or Exchange","price":"22,75,000"},{"type":"cars","date":"2020-04-25","url":"i2155256-4-wheller.html","name":" 4 Wheller","price":"18,00,000"},{"type":"cars","date":"2020-04-25","url":"i2147297-land-cruiser.html","name":" Land Cruiser","price":"21,00,000"},{"type":"cars","date":"2020-04-25","url":"i2152156-2003-excellent-condition-nissan-xtrail-on-sale.html","name":" 2003 Excellent Condition Nissan X-trail On Sale","price":"18,50,000"},{"type":"cars","date":"2020-04-25","url":"i2153924-tata-safari-dicor-2-2-vtt-7-sitter-family-car-urgernt-for-sale.html","name":" Tata Safari Dicor 2.2 Vtt 7 Sitter Family Car ( Urgernt For Sale)","price":"17,00,000"},{"type":"cars","date":"2020-04-25","url":"i2110069-toyota-land-cruiser-prado.html","name":" Toyota Land Cruiser Prado","price":"18,00,000"},{"type":"cars","date":"2020-04-25","url":"i2148771-urgent-sale-hyundai-eon-era-plus-2014.html","name":" Urgent Sale Hyundai Eon Era+2014","price":"13,25,000"},{"type":"cars","date":"2020-04-25","url":"i2143598-figo-fully-fresh.html","name":" Figo Fully Fresh","price":"8,99,999"},{"type":"cars","date":"2020-04-25","url":"i2081240-alto-k10-on-sale.html","name":" Alto K10 On Sale","price":"11,00,000"},{"type":"cars","date":"2020-04-25","url":"i2149300-brezza.html","name":" Brezza","price":"32,00,000"},{"type":"cars","date":"2020-04-25","url":"i2119949-excellent-condition-hyundai-creta-s-2016-model-is-for-sale.html","name":" Excellent Condition Hyundai Creta S 2016 Model Is For Sale","price":"35,50,000"},{"type":"cars","date":"2020-04-25","url":"i2088755-hyundai-i20-on-sale.html","name":" Hyundai I20 On Sale","price":"13,90,000"},{"type":"cars","date":"2020-04-25","url":"i2125215-ford-fiesta-classic-2014.html","name":" Ford Fiesta Classic 2014","price":"11,50,000"},{"type":"cars","date":"2020-04-25","url":"i2104815-kia-rio-sedan-car.html","name":" Kia Rio Sedan Car","price":"10,50,000"},{"type":"cars","date":"2020-04-25","url":"i2153249-wagonr.html","name":" Wagonr","price":"7,50,000"},{"type":"cars","date":"2020-04-25","url":"i2153394-ford-classic-1399-cc-variant.html","name":" Ford Classic 1399 Cc Variant","price":"15,50,000"},{"type":"cars","date":"2020-04-25","url":"i2131151-hyundai-i20-active-base-2018-model-only-7600-km-run.html","name":" Hyundai I20 Active Base 2018 Model Only 7600 Km Run","price":"29,25,000"},{"type":"cars","date":"2020-04-25","url":"i2147854-fiesta1-5-full-option.html","name":" Fiesta1.5 Full Option","price":"17,00,000"},{"type":"cars","date":"2020-04-25","url":"i2152919-i-need-old-maruti-gypsy.html","name":" I Need Old Maruti Gypsy","price":"50,000"},{"type":"cars","date":"2020-04-25","url":"i2032467-freelander-lr2.html","name":" Freelander Lr2","price":"55,00,000"},{"type":"cars","date":"2020-04-25","url":"i2153463-grand-i10-magna-2014.html","name":" Grand I10 Magna 2014","price":"18,65,000"},{"type":"cars","date":"2020-04-25","url":"i2113739-honda-civic-2008.html","name":" Honda Civic 2008","price":"24,00,000"},{"type":"cars","date":"2020-04-25","url":"i2081156-modified-swift-vxi-black-allow-wheels.html","name":" Modified Swift Vxi ,black Allow Wheels","price":"12,30,000"},{"type":"cars","date":"2020-04-25","url":"i2098946-hyundy-tucson-2006.html","name":" Hyundy Tucson 2006","price":"18,00,000"},{"type":"cars","date":"2020-04-25","url":"i2087114-hyundai-matrix-2004.html","name":" Hyundai Matrix 2004","price":"5,20,000"},{"type":"cars","date":"2020-04-25","url":"i2123815-2015-hyundai-verna-1-6-s-0.html","name":" 2015 Hyundai Verna 1.6 S (0)","price":"28,50,000"},{"type":"cars","date":"2020-04-25","url":"i2156210-chevrolet-super-deluxe-urgent-sell-7-seter.html","name":" Chevrolet Super Deluxe Urgent Sell 7 Seter","price":"12,75,000"},{"type":"cars","date":"2020-04-25","url":"i2150050-mazda-b2500-on-sale-or-exchange.html","name":" Mazda B2500 On Sale Or Exchange","price":"9,00,000"},{"type":"cars","date":"2020-04-25","url":"i2048184-tata-tiago-2017.html","name":" Tata Tiago 2017","price":"16,00,000"},{"type":"cars","date":"2020-04-25","url":"i2155980-santro-xing-semi-option-car-on-sale.html","name":" Santro Xing Semi Option Car On Sale!","price":"7,75,000"},{"type":"cars","date":"2020-04-25","url":"i2152629-maruti-alto.html","name":" Maruti Alto","price":"6,50,000"},{"type":"cars","date":"2020-04-25","url":"i2139039-hyundai-i20-asta.html","name":" Hyundai I20 Asta","price":"15,90,000"},{"type":"cars","date":"2020-04-25","url":"i2150266-mini-jeep-zyote-with-partial-finance-facility.html","name":" Mini Jeep Zyote ( With Partial Finance Facility)","price":"10,50,000"},{"type":"cars","date":"2020-04-25","url":"i2139234-xuv-500.html","name":" Xuv 500","price":"28,45,000"},{"type":"cars","date":"2020-04-25","url":"i2147057-suzuki-wagonr.html","name":" Suzuki Wagonr","price":"4,10,000"},{"type":"cars","date":"2020-04-25","url":"i2154729-tata-vista-saffire-d-90.html","name":" Tata Vista Saffire D 90","price":"10,50,000"},{"type":"cars","date":"2020-04-25","url":"i2106052-honda-city-2005-model.html","name":" Honda City 2005 Model","price":"9,75,000"},{"type":"cars","date":"2020-04-25","url":"i2058698-hyundai-santro-urgent-sale.html","name":" Hyundai Santro Urgent Sale","price":"9,50,000"},{"type":"cars","date":"2020-04-25","url":"i2153791-wagonr-vxi-2013.html","name":" Wagonr Vxi 2013","price":"14,75,000"},{"type":"cars","date":"2020-04-25","url":"i2140727-new-on-test-scorpio-s10.html","name":" New On Test , Scorpio S10,","price":"38,00,000"},{"type":"cars","date":"2020-04-25","url":"i2149278-creta-base-model-2019.html","name":" Creta Base Model- 2019","price":"43,25,000"},{"type":"cars","date":"2020-04-25","url":"i2148605-toyota-corolla-lx.html","name":" Toyota Corolla Lx","price":"21,60,000"},{"type":"cars","date":"2020-04-25","url":"i2154762-matiz-car-fresh.html","name":" Matiz Car Fresh","price":"3,70,000"},{"type":"cars","date":"2020-04-25","url":"i2149217-hundai-acent.html","name":" Hundai Acent","price":"4,50,000"},{"type":"cars","date":"2020-04-25","url":"i2080706-fresh-alto-on-sale.html","name":" Fresh Alto On Sale","price":"4,99,999"},{"type":"cars","date":"2020-04-25","url":"i2155243-ford-ikon-on-sales.html","name":" Ford Ikon On Sales","price":"4,50,000"},{"type":"cars","date":"2020-04-25","url":"i2150583-hyundai-accent.html","name":" Hyundai Accent","price":"13,00,000"},{"type":"cars","date":"2020-04-25","url":"i2027869-toyota-qualis-8-seater-jeep.html","name":" Toyota Qualis 8 Seater Jeep","price":"9,00,000"},{"type":"cars","date":"2020-04-25","url":"i2107604-hyundai-eon-magna-plus-2015.html","name":" Hyundai Eon Magna+ 2015","price":"13,00,000"},{"type":"cars","date":"2020-04-25","url":"i2149221-i-20-hunday-like-new.html","name":" I 20 Hunday Like New","price":"15,50,000"},{"type":"cars","date":"2020-04-25","url":"i2122064-nissan.html","name":" Nissan","price":"15,00,000"},{"type":"cars","date":"2020-04-25","url":"i2146518-fiat-palio.html","name":" Fiat Palio","price":"3,50,000"},{"type":"cars","date":"2020-04-25","url":"i2146648-hyundai-i10-magna.html","name":" Hyundai I10 Magna","price":"12,00,000"},{"type":"cars","date":"2020-04-25","url":"i2155873-zen-estilo-full-option-2007-model-at-low-cost.html","name":" Zen Estilo Full Option 2007 Model At Low Cost.","price":"7,00,000"},{"type":"cars","date":"2020-04-25","url":"i2081948-ford-figo-titanium-2011-diesel.html","name":" Ford Figo Titanium 2011 Diesel","price":"11,50,000"},{"type":"cars","date":"2020-04-25","url":"i2134072-fresh-santro-xing-for-salee.html","name":" Fresh Santro Xing For Salee.","price":"9,50,000"},{"type":"cars","date":"2020-04-25","url":"i1997918-mahindra-jeep-mm-550-xdb.html","name":" Mahindra Jeep Mm 550 Xdb","price":"14,50,000"},{"type":"cars","date":"2020-04-25","url":"i2128152-2017-kwid-on-sale.html","name":" 2017 Kwid On Sale","price":"17,50,000"},{"type":"cars","date":"2020-04-25","url":"i2148897-serion-daihatsu-1000cc.html","name":" Serion Daihatsu 1000cc","price":"5,40,000"},{"type":"cars","date":"2020-04-25","url":"i2126285-maruti-suzuki-swift-lxi.html","name":" Maruti Suzuki Swift Lxi","price":"11,50,000"},{"type":"cars","date":"2020-04-25","url":"i2129576-daihatsu-terios-4x4.html","name":" Daihatsu Terios 4x4","price":"11,00,000"},{"type":"cars","date":"2020-04-25","url":"i2151309-scoripo-s4-sell-sell-sell.html","name":" Scoripo S4 Sell Sell Sell","price":"30,00,000"},{"type":"cars","date":"2020-04-25","url":"i2153764-2019-verna.html","name":" 2019 Verna","price":"53,00,000"},{"type":"cars","date":"2020-04-25","url":"i2147603-gypsy-king-1300-cc.html","name":" Gypsy King 1300 Cc","price":"8,70,000"},{"type":"cars","date":"2020-04-25","url":"i2116846-tata-sumo.html","name":" Tata Sumo","price":"7,00,000"},{"type":"cars","date":"2020-04-25","url":"i2119830-fresh-tara-safari-storme-lx-2013-model-for-sale.html","name":" Fresh Tara Safari Storme Lx 2013 Model For Sale","price":"20,50,000"},{"type":"cars","date":"2020-04-25","url":"i1929511-toyota-lexus-rs-350-f-sport.html","name":" Toyota Lexus Rs 350 F Sport","price":"3,68,00,000"},{"type":"cars","date":"2020-04-25","url":"i2133047-kia-rio.html","name":" Kia Rio","price":"4,75,000"},{"type":"cars","date":"2020-04-25","url":"i2138558-mitsubishi-pajero-gls-lwb-44-on-sale.html","name":" Mitsubishi Pajero Gls Lwb (44) On Sale","price":"25,00,000"},{"type":"cars","date":"2020-04-25","url":"i2072328-excellent-condition-swift-dzire-car.html","name":" Excellent Condition Swift Dzire Car","price":"19,00,000"},{"type":"cars","date":"2020-04-25","url":"i2131726-sentro-2010-xing-gls.html","name":" Sentro 2010 Xing Gls","price":"11,50,000"},{"type":"cars","date":"2020-04-25","url":"i2146609-ford-ecosport-trend.html","name":" Ford Ecosport Trend","price":"21,50,000"},{"type":"cars","date":"2020-04-25","url":"i1963542-honda-stream-7-seater-blue-number-plate-for-sale.html","name":" Honda Stream 7 Seater Blue Number Plate For Sale","price":"11,20,000"},{"type":"cars","date":"2020-04-25","url":"i2043773-chevrolet-optra-2004.html","name":" Chevrolet Optra 2004","price":"8,50,000"},{"type":"cars","date":"2020-04-25","url":"i2152863-datsun-go-1-2-2017-butwal.html","name":" Datsun Go 1.2 2017 Butwal","price":"5,00,000"},{"type":"cars","date":"2020-04-25","url":"i2150252-santro-good-condition.html","name":" Santro Good Condition","price":"5,50,000"},{"type":"cars","date":"2020-04-25","url":"i2109764-hyundai-tucson-2009-urgent-sale.html","name":" Hyundai Tucson 2009 Urgent Sale","price":"26,50,000"},{"type":"cars","date":"2020-04-25","url":"i2149225-crosspolo-highline-1-6.html","name":" Crosspolo Highline 1.6","price":"25,00,000"},{"type":"cars","date":"2020-04-25","url":"i2150707-swift-vxi-2012.html","name":" Swift Vxi 2012","price":"18,25,000"},{"type":"cars","date":"2020-04-25","url":"i2154777-scorpio.html","name":" Scorpio","price":"29,50,000"},{"type":"cars","date":"2020-04-25","url":"i2120052-suzuki-alto-on-sale.html","name":" Suzuki Alto On Sale","price":"12,50,000"},{"type":"cars","date":"2020-04-25","url":"i2138776-hyundai-santro-2003-for-sale-good-condition.html","name":" Hyundai Santro 2003 For Sale - Good Condition","price":"6,25,000"},{"type":"cars","date":"2020-04-25","url":"i2153665-scarpio.html","name":" Scarpio","price":"24,00,000"},{"type":"cars","date":"2020-04-25","url":"i2031889-volkswagen-polo.html","name":" Volkswagen Polo","price":"15,50,000"},{"type":"cars","date":"2020-04-25","url":"i2129335-toyota-qualis-jeep-2500-cc.html","name":" Toyota Qualis Jeep 2500 Cc","price":"10,50,000"},{"type":"cars","date":"2020-04-25","url":"i2152459-mahindra-crx.html","name":" Mahindra Crx","price":"7,50,000"},{"type":"cars","date":"2020-04-25","url":"i2138659-single-handed-ecosport-titanium-ecoboost-2014-on-sale.html","name":" Single Handed Ecosport Titanium (ecoboost) 2014 On Sale","price":"22,50,000"},{"type":"cars","date":"2020-04-25","url":"i2135880-i10-2009.html","name":" I10 2009","price":"11,50,000"},{"type":"cars","date":"2020-04-25","url":"i2102301-nissan-pickup.html","name":" Nissan Pickup","price":"5,25,000"},{"type":"cars","date":"2020-04-25","url":"i2101282-mahindra-scorpio.html","name":" Mahindra Scorpio","price":"8,00,000"},{"type":"cars","date":"2020-04-25","url":"i2125497-bolero-jeep-4wd-2016.html","name":" Bolero Jeep 4wd 2016","price":"21,50,000"},{"type":"cars","date":"2020-04-25","url":"i2080424-mitsubishi-pajero-1998-model-on-sale.html","name":" Mitsubishi Pajero 1998 Model On Sale","price":"15,00,000"},{"type":"cars","date":"2020-04-25","url":"i2131912-vitara-brezza-excellent-suv-on-sale.html","name":" Vitara Brezza Excellent Suv On Sale","price":"33,49,000"},{"type":"cars","date":"2020-04-25","url":"i2131826-opel-corsa-car.html","name":" Opel Corsa Car","price":"3,75,000"},{"type":"cars","date":"2020-04-25","url":"i2132051-bolero.html","name":" Bolero","price":"15,00,000"},{"type":"cars","date":"2020-04-25","url":"i2144864-air-bus-suspension-tata1512.html","name":" Air Bus Suspension Tata1512","price":"25,00,000"},{"type":"cars","date":"2020-04-25","url":"i2149276-hyundai-santro-zip-drive.html","name":" Hyundai Santro Zip Drive","price":"5,49,999"},{"type":"cars","date":"2020-04-25","url":"i2049773-land-rover-td5-for-sell.html","name":" Land Rover Td5 For Sell","price":"40,00,000"},{"type":"cars","date":"2020-04-25","url":"i2129164-mahindra-bolero-9seaters.html","name":" Mahindra Bolero 9seaters","price":"17,50,000"},{"type":"cars","date":"2020-04-25","url":"i2111366-mahindra-scorpio-vlx.html","name":" Mahindra Scorpio Vlx","price":"18,60,000"},{"type":"cars","date":"2020-04-25","url":"i2138720-creta-white-sx-plus-no-bargain-plz-fixed.html","name":" Creta White Sx Plus( No Bargain) Plz.fixed","price":"38,00,000"},{"type":"cars","date":"2020-04-25","url":"i2104670-ecosport-trend-1500-cc.html","name":" Ecosport Trend 1500 Cc","price":"23,00,000"},{"type":"cars","date":"2020-04-25","url":"i1992401-toyato-land-cruiser-prado-tx.html","name":" Toyato Land Cruiser Prado Tx","price":"1,85,00,000"},{"type":"cars","date":"2020-04-25","url":"i2137722-kia-spotage-2003-with-4w.html","name":" Kia Spotage 2003 With 4w","price":"7,50,000"},{"type":"cars","date":"2020-04-25","url":"i2079115-swift-zxi-push-start-stop-button.html","name":" Swift Zxi Push Start/stop Button","price":"23,50,000"},{"type":"cars","date":"2020-04-25","url":"i2039355-hyundai-tucson.html","name":" Hyundai Tucson","price":"23,50,000"},{"type":"cars","date":"2020-04-25","url":"i2151320-wanted-2005-8-year-mahendra-thar-as-soft-top.html","name":" Wanted 2005/8 Year Mahendra Thar As Soft Top","price":"10,00,000"},{"type":"cars","date":"2020-04-25","url":"i2153478-celerio-for-sale.html","name":" Celerio For Sale","price":"17,00,000"},{"type":"cars","date":"2020-04-25","url":"i2103214-ford-ecosport-2018-model-d-white.html","name":" Ford Ecosport 2018 Model D. White","price":"36,50,000"},{"type":"cars","date":"2020-04-25","url":"i2138177-truck-on-sell.html","name":" Truck On Sell","price":"11,00,000"},{"type":"cars","date":"2020-04-25","url":"i2145539-mazda-pickup-dauble-cab.html","name":" Mazda Pickup Dauble Cab","price":"7,75,000"},{"type":"cars","date":"2020-04-25","url":"i2060449-honda-city-smt-on-sale.html","name":" Honda City Smt On Sale","price":"25,50,000"},{"type":"cars","date":"2020-04-25","url":"i1815643-ford-raptor-a-t.html","name":" Ford Raptor A/t","price":"1,49,00,000"},{"type":"cars","date":"2020-04-25","url":"i2144262-1992-toyota-land-cruiser-2l.html","name":" 1992 Toyota Land Cruiser 2l","price":"21,50,000"},{"type":"cars","date":"2020-04-25","url":"i2127321-pajero-on-sale.html","name":" Pajero On Sale","price":"17,00,000"},{"type":"cars","date":"2020-04-25","url":"i2110793-mercedes-car-sale.html","name":" Mercedes Car Sale","price":"15,00,000"},{"type":"cars","date":"2020-04-25","url":"i2094225-san-storm-roadster-convertible.html","name":" San Storm Roadster Convertible","price":"12,50,000"},{"type":"cars","date":"2020-04-25","url":"i2154505-omni-cargo-van-2012-maruti-suzuki.html","name":" Omni Cargo Van 2012 Maruti Suzuki","price":"5,00,000"},{"type":"cars","date":"2020-04-25","url":"i2151797-alto-800.html","name":" Alto 800","price":"6,80,000"},{"type":"cars","date":"2020-04-25","url":"i2124005-kuv-100-k6-d75-2016.html","name":" Kuv 100 K6 D75 2016","price":"19,50,000"},{"type":"cars","date":"2020-04-25","url":"i2053891-toyota-car-for-sale-urgent.html","name":" Toyota Car For Sale - Urgent","price":"5,75,000"},{"type":"cars","date":"2020-04-25","url":"i2153503-hyundai-santro-for-sale.html","name":" Hyundai Santro For Sale","price":"8,25,000"},{"type":"cars","date":"2020-04-25","url":"i2143206-tata-nexon-xz-plus-2018.html","name":" Tata Nexon Xz+ 2018","price":"32,00,000"},{"type":"cars","date":"2020-04-25","url":"i2139358-japanese-isuzu-bighorn.html","name":" Japanese Isuzu Bighorn","price":"2,50,000"},{"type":"cars","date":"2020-04-25","url":"i2120673-toyota-cerina.html","name":" Toyota Cerina","price":"4,20,000"},{"type":"cars","date":"2020-04-25","url":"i2081654-suzuki-s-presso-std.html","name":" Suzuki S Presso Std","price":"22,99,000"},{"type":"cars","date":"2020-04-25","url":"i2110748-tata-tigor-xt.html","name":" Tata Tigor Xt","price":"20,75,000"},{"type":"cars","date":"2020-04-25","url":"i2144099-single-handed-kia-sportage-2018-model-on-sale.html","name":" Single Handed Kia Sportage 2018 Model On Sale","price":"54,50,000"},{"type":"cars","date":"2020-04-25","url":"i2148811-maruti-suzuki-alto-800-lxi.html","name":" Maruti Suzuki Alto 800 Lxi","price":"15,50,000"},{"type":"cars","date":"2020-04-25","url":"i2065138-hyundai-getz-low-km-run-urgent-sell-no-exchange-only-cash.html","name":" Hyundai Getz Low Km Run. (urgent Sell) (no Exchange Only Cash)","price":"9,00,000"},{"type":"cars","date":"2020-04-25","url":"i2137451-exellent-condition-santro-full-option-car.html","name":" Exellent Condition Santro Full Option Car","price":"10,10,000"},{"type":"cars","date":"2020-04-25","url":"i2142580-ford-ikon-2003-full-option.html","name":" Ford Ikon 2003 Full Option","price":"4,50,000"},{"type":"cars","date":"2020-04-25","url":"i2096402-skoda-rapid-on-sale-2014-model.html","name":" Skoda Rapid On Sale(2014 Model)","price":"16,50,000"},{"type":"cars","date":"2020-04-25","url":"i2014887-nissan-sunny-2013-new-model.html","name":" Nissan Sunny 2013 New Model","price":"19,75,000"},{"type":"cars","date":"2020-04-25","url":"i2130851-hundai-santro-car-on-sale.html","name":" Hundai Santro Car On Sale","price":"6,85,000"},{"type":"cars","date":"2020-04-25","url":"i2105437-zen.html","name":" Zen","price":"3,50,000"},{"type":"cars","date":"2020-04-25","url":"i2151266-electric-car-sell-or-exchanje-bullet-benali-dominar-car.html","name":" Electric Car Sell Or Exchanje Bullet Benali Dominar Car","price":"3,80,000"},{"type":"cars","date":"2020-04-25","url":"i2128603-hyundai-eon-era-plus-2013.html","name":" Hyundai Eon Era Plus 2013","price":"12,50,000"},{"type":"cars","date":"2020-04-25","url":"i2147050-toyota-ae100ten.html","name":" Toyota Ae100ten","price":"4,25,000"},{"type":"cars","date":"2020-04-25","url":"i2103220-ford-figo-2010-excellent-condition-for-sale.html","name":" Ford Figo 2010 Excellent Condition For Sale","price":"9,50,000"},{"type":"cars","date":"2020-04-25","url":"i2105360-maruti-suzuki-vitara-brezza-zdi-plus-2017-for-sale.html","name":" Maruti Suzuki Vitara Brezza Zdi+ 2017 For Sale","price":"34,00,000"},{"type":"cars","date":"2020-04-25","url":"i2148969-polo-comfort.html","name":" Polo Comfort","price":"16,50,000"},{"type":"cars","date":"2020-04-25","url":"i2144213-hyundai-i10-2010-magna.html","name":" Hyundai I10 2010 Magna","price":"13,50,000"},{"type":"cars","date":"2020-04-25","url":"i2132699-nissan-terrano-1997-full-option-fwd-all-new-tyres.html","name":" Nissan Terrano 1997 Full Option Fwd All New Tyres","price":"7,75,000"},{"type":"cars","date":"2020-04-25","url":"i2064417-toyota-fortuner.html","name":" Toyota Fortuner","price":"70,00,000"},{"type":"cars","date":"2020-04-25","url":"i2125691-thar-jeep.html","name":" Thar Jeep","price":"28,00,000"},{"type":"cars","date":"2020-04-25","url":"i2122440-chaffuer-driven-hyundai-sonata-on-sale.html","name":" Chaffuer Driven Hyundai Sonata On Sale","price":"30,00,000"},{"type":"cars","date":"2020-04-25","url":"i2142617-ford-figo-exi-2012.html","name":" Ford Figo Exi 2012","price":"10,25,000"},{"type":"cars","date":"2020-04-25","url":"i2156130-2017-ford-ecosport-trend.html","name":" 2017 Ford Ecosport Trend","price":"27,50,000"},{"type":"cars","date":"2020-04-25","url":"i2133733-tata-indica.html","name":" Tata Indica","price":"2,90,000"},{"type":"cars","date":"2020-04-25","url":"i2104618-santro-2012.html","name":" Santro 2012","price":"13,99,999"},{"type":"cars","date":"2020-04-25","url":"i2019007-terios.html","name":" Terios","price":"13,75,000"},{"type":"cars","date":"2020-04-25","url":"i2121007-toyota-prado-tx-2013.html","name":" Toyota Prado Tx 2013","price":"1,38,00,000"},{"type":"cars","date":"2020-04-25","url":"i2116018-toyota-corolla.html","name":" Toyota Corolla","price":"6,00,000"},{"type":"cars","date":"2020-04-25","url":"i2131981-wagonr-2006.html","name":" Wagonr 2006","price":"6,75,000"},{"type":"cars","date":"2020-04-25","url":"i2151197-swift-dzire-zxi-2015.html","name":" Swift Dzire Zxi 2015","price":"23,50,000"},{"type":"cars","date":"2020-04-25","url":"i2149585-brand-new-grand-i10-magna-2018-model-for-sale.html","name":" Brand New Grand I10 Magna 2018 Model For Sale","price":"27,50,000"},{"type":"cars","date":"2020-04-25","url":"i2024320-baw-warrior-double-cab-pickup.html","name":" Baw Warrior Double Cab Pickup","price":"58,00,000"},{"type":"cars","date":"2020-04-25","url":"i2149947-tata-bus-712.html","name":" Tata Bus 712","price":"25,00,000"},{"type":"cars","date":"2020-04-25","url":"i2140467-santro.html","name":" Santro","price":"8,75,000"},{"type":"cars","date":"2020-04-25","url":"i2136602-toyota-land-cruiser-prodo-sale.html","name":" Toyota Land Cruiser Prodo Sale","price":"31,00,000"},{"type":"cars","date":"2020-04-25","url":"i2116046-sssangyong-korando-2011-suv.html","name":" Sssangyong Korando 2011 Suv","price":"24,30,000"},{"type":"cars","date":"2020-04-25","url":"i2133073-fortuner-2017-at.html","name":" Fortuner 2017 At","price":"1,50,00,000"},{"type":"cars","date":"2020-04-25","url":"i2130886-i10-magna-2010.html","name":" I10 Magna 2010","price":"14,00,000"},{"type":"cars","date":"2020-04-25","url":"i2153172-pajero-for-sale.html","name":" Pajero For Sale","price":"1,25,00,000"},{"type":"cars","date":"2020-04-25","url":"i2144236-toyota-3l-land-cruiser.html","name":" Toyota 3l Land Cruiser","price":"31,50,000"},{"type":"cars","date":"2020-04-25","url":"i2149165-jimny-3-door-suv.html","name":" Jimny 3 Door Suv","price":"17,25,000"},{"type":"cars","date":"2020-04-25","url":"i2149798-scorpio-pickup.html","name":" Scorpio Pick-up","price":"1,500"},{"type":"cars","date":"2020-04-25","url":"i2131579-mahindra-pick-up-4wheeler.html","name":" Mahindra Pick Up 4wheeler","price":"3,50,000"},{"type":"cars","date":"2020-04-25","url":"i2120229-scorpio.html","name":" Scorpio","price":"23,00,000"},{"type":"cars","date":"2020-04-25","url":"i2122608-volkswagen-vento-tdi-2014.html","name":" Volkswagen Vento Tdi 2014","price":"18,25,000"},{"type":"cars","date":"2020-04-25","url":"i2128063-urgent-sale-maruti-zen-car-with-yellow-wheel.html","name":" Urgent Sale Maruti Zen Car With Yellow Wheel","price":"3,50,000"},{"type":"cars","date":"2020-04-25","url":"i2110772-selling-mazda-car.html","name":" Selling Mazda Car","price":"16,00,000"},{"type":"cars","date":"2020-04-25","url":"i2142084-m2di-scorpio-argent-sell.html","name":" M2di Scorpio Argent Sell","price":"14,75,000"},{"type":"cars","date":"2020-04-25","url":"i2119727-hyundai-accent-car-on-sale.html","name":" Hyundai Accent Car On Sale","price":"13,00,000"},{"type":"cars","date":"2020-04-25","url":"i2143966-fully-loaded-excellent-automatic-2009-white-color-land-rover-on-sale.html","name":" Fully Loaded Excellent Automatic 2009 White Color Land Rover On Sale.","price":"78,00,000"},{"type":"cars","date":"2020-04-25","url":"i2108396-tata-indica.html","name":" Tata Indica","price":"5,99,999"},{"type":"cars","date":"2020-04-25","url":"i2138017-swift-vxi-2015-model-silver-colur-single-hand-hatchback-car-on-sell.html","name":" Swift Vxi 2015 Model Silver Colur Single Hand Hatchback Car On Sell","price":"20,00,000"},{"type":"cars","date":"2020-04-25","url":"i2150706-polo-comfort-line-2014.html","name":" Polo Comfort Line 2014","price":"19,50,000"},{"type":"cars","date":"2020-04-25","url":"i2130840-hyundai-santro-2004.html","name":" Hyundai Santro 2004","price":"8,25,000"},{"type":"cars","date":"2020-04-25","url":"i2143531-super-ace.html","name":" Super Ace","price":"4,00,000"},{"type":"cars","date":"2020-04-25","url":"i2147513-toyota-hiace.html","name":" Toyota Hiace","price":"18,00,000"},{"type":"cars","date":"2020-04-25","url":"i2117587-car-tata-manza.html","name":" Car Tata Manza","price":"12,00,000"},{"type":"cars","date":"2020-04-25","url":"i2122299-maruti-suzuki-swift-2006-vxi.html","name":" Maruti Suzuki Swift 2006 Vxi","price":"11,99,999"},{"type":"cars","date":"2020-04-25","url":"i2151917-maruti-sujuki-swift-zxi.html","name":" Maruti Sujuki Swift Zxi","price":"20,50,000"},{"type":"cars","date":"2020-04-25","url":"i2094450-suzuki-vitara-4wd-2004.html","name":" Suzuki Vitara 4wd 2004","price":"16,50,000"},{"type":"cars","date":"2020-04-25","url":"i2115134-chery-tiggo-2010-urgent-sale.html","name":" Chery Tiggo 2010 Urgent Sale","price":"10,50,000"},{"type":"cars","date":"2020-04-25","url":"i2123096-kuv-100-k6.html","name":" Kuv 100 - K6","price":"20,00,000"},{"type":"cars","date":"2020-04-25","url":"i2091883-proton-waja-sports-sound.html","name":" Proton Waja Sports Sound","price":"8,00,000"},{"type":"cars","date":"2020-04-25","url":"i2148717-honda-city-vx-cvt-2016-automatic-transmission.html","name":" Honda City Vx Cvt 2016 Automatic Transmission","price":"40,00,000"},{"type":"cars","date":"2020-04-25","url":"i2151925-toyota-ae-90.html","name":" Toyota Ae 90","price":"2,65,000"},{"type":"cars","date":"2020-04-25","url":"i2113696-santro-zip-plus.html","name":" Santro Zip Plus","price":"5,80,000"},{"type":"cars","date":"2020-04-25","url":"i2111276-nissan-super-saloon.html","name":" Nissan Super Saloon","price":"7,50,000"},{"type":"cars","date":"2020-04-25","url":"i2129953-like-brand-new-ford-ecosport-w-dual-airbags-leather-seats.html","name":" Like Brand New Ford Ecosport (w/dual Airbags, Leather Seats)   \n        9.3 / 10","price":"29,25,000"},{"type":"cars","date":"2020-04-25","url":"i2153239-maruti-sujuki-omni-van.html","name":" Maruti Sujuki Omni Van","price":"8,75,000"},{"type":"cars","date":"2020-04-25","url":"i2128538-tata-sumo-on-sale.html","name":" Tata Sumo On Sale","price":"5,00,000"},{"type":"cars","date":"2020-04-25","url":"i2137995-styled-up-tiguan-in-immaculate-condition-n-great-performance.html","name":" Styled Up Tiguan In Immaculate Condition N Great Performance","price":"43,50,000"},{"type":"cars","date":"2020-04-25","url":"i2151574-alto-800-hurry-up-fresh.html","name":" Alto 800 Hurry Up Fresh","price":"11,50,000"},{"type":"cars","date":"2020-04-25","url":"i2106682-volkswagen-tiguan-fresh-and-single-handed.html","name":" Volkswagen Tiguan Fresh And Single Handed","price":"45,00,000"},{"type":"cars","date":"2020-04-25","url":"i2123174-toyota-etios-on-sale.html","name":" Toyota Etios On Sale","price":"20,00,000"},{"type":"cars","date":"2020-04-25","url":"i2139575-opel-corsa-on-sale.html","name":" Opel Corsa On Sale","price":"5,25,000"},{"type":"cars","date":"2020-04-25","url":"i2107271-electric-car.html","name":" Electric Car","price":"26,50,000"},{"type":"cars","date":"2020-04-25","url":"i2139698-mahendra-bolero-maxitruck-2016-model-on-sale.html","name":" Mahendra Bolero Maxitruck 2016 Model On Sale","price":"11,50,000"},{"type":"cars","date":"2020-04-25","url":"i2032834-flat-punto-2011-model.html","name":" Flat Punto 2011 Model","price":"9,80,000"},{"type":"cars","date":"2020-04-25","url":"i2153576-volkswagen-polo-1-2.html","name":" Volkswagen Polo 1.2","price":"16,00,000"},{"type":"cars","date":"2020-04-25","url":"i2134521-fiat-linea-2012-on-fully-condition.html","name":" Fiat Linea 2012 On Fully Condition","price":"13,50,000"},{"type":"cars","date":"2020-04-25","url":"i2053272-isuzu-bighorn.html","name":" Isuzu Bighorn","price":"6,00,000"},{"type":"cars","date":"2020-04-25","url":"i2120693-kia-rio-2007.html","name":" Kia Rio 2007","price":"9,50,000"},{"type":"cars","date":"2020-04-25","url":"i2136733-hyundai-creta-sx-2018.html","name":" Hyundai Creta Sx 2018","price":"46,00,000"},{"type":"cars","date":"2020-04-25","url":"i2110145-kia-sportage-2018-2wd-on-sale.html","name":" Kia Sportage 2018 2wd On Sale.","price":"60,00,000"},{"type":"cars","date":"2020-04-25","url":"i2134795-ford-figo-exi.html","name":" Ford Figo Exi","price":"9,75,000"},{"type":"cars","date":"2020-04-25","url":"i2097034-santro-zip-drive-car.html","name":" Santro Zip Drive Car","price":"5,00,000"},{"type":"cars","date":"2020-04-25","url":"i2133965-kia-rio-for-sale.html","name":" Kia Rio For Sale","price":"4,75,000"},{"type":"cars","date":"2020-04-25","url":"i2136079-hyundai-grand-i10-car-in-sale.html","name":" Hyundai Grand I10 Car In Sale","price":"18,50,000"},{"type":"cars","date":"2020-04-25","url":"i2117986-mahindra-bolero-single-cab-44.html","name":" Mahindra Bolero Single Cab 44","price":"13,00,000"},{"type":"cars","date":"2020-04-25","url":"i2155676-single-hand-ford-figo-2014.html","name":" Single Hand Ford Figo 2014","price":"13,15,000"},{"type":"cars","date":"2020-04-25","url":"i2139964-omni-van-8-seater-on-sale.html","name":" Omni Van 8 Seater On Sale","price":"5,80,000"},{"type":"cars","date":"2020-04-25","url":"i2143550-ashok-leyland-bus.html","name":" Ashok Leyland Bus","price":"24,00,000"},{"type":"cars","date":"2020-04-25","url":"i2063044-chevrolet-beat.html","name":" Chevrolet Beat","price":"9,95,000"},{"type":"cars","date":"2020-04-25","url":"i2105330-single-hand-maruti-suzuki-celerio-zxi-2016-for-sale.html","name":" Single Hand Maruti Suzuki Celerio Zxi 2016 For Sale","price":"18,50,000"},{"type":"cars","date":"2020-04-25","url":"i2156274-9841470951-2012-skoda-fabia-with-volkswagen-polo-engine-full-option.html","name":" 9841470951 2012 Skoda Fabia With Volkswagen Polo Engine Full Option","price":"10,77,777"},{"type":"cars","date":"2020-04-25","url":"i2146510-datsun-go-on-sell.html","name":" Datsun Go On Sell","price":"15,00,000"},{"type":"cars","date":"2020-04-25","url":"i2101447-single-handed-toyota-avanza-7-seater-2012-model-for-sale.html","name":" Single Handed Toyota Avanza 7 Seater 2012 Model For Sale","price":"21,00,000"},{"type":"cars","date":"2020-04-25","url":"i2144506-ecosport-trend.html","name":" Ecosport Trend","price":"32,50,000"},{"type":"cars","date":"2020-04-25","url":"i2150552-maruti-suzuki-wagonr-for-sale-9851108761.html","name":" Maruti Suzuki Wagonr For Sale 9851108761","price":"9,50,000"},{"type":"cars","date":"2020-04-25","url":"i2155655-tractor.html","name":" Tractor","price":"5,80,000"},{"type":"cars","date":"2020-04-25","url":"i2106534-hyundai-santafe-urgent-sale.html","name":" Hyundai Santafe Urgent Sale","price":"13,50,000"},{"type":"cars","date":"2020-04-25","url":"i2119862-good-conditioned-eeco-van-on-sale.html","name":" Good Conditioned Eeco Van On Sale","price":"10,75,000"},{"type":"cars","date":"2020-04-25","url":"i2137119-tata-ace.html","name":" Tata Ace","price":"4,00,000"},{"type":"cars","date":"2020-04-25","url":"i2048684-honda-city-smt-2014-single-hand-car.html","name":" Honda City Smt 2014 Single Hand Car","price":"23,50,000"},{"type":"cars","date":"2020-04-25","url":"i2146526-bolero-slx-for-sale.html","name":" Bolero Slx For Sale","price":"23,00,000"},{"type":"cars","date":"2020-04-25","url":"i2135733-landrover-freelander-2-silver-colour.html","name":" Landrover Freelander 2 (silver Colour)","price":"66,00,000"}]