[{"type":"cars","date":"2020-05-24","url":"i2130965-mahindra-thar.html","name":" Mahindra Thar","price":"48,00,000"},{"type":"cars","date":"2020-05-24","url":"i2165673-toyota-landcruiser-3-door.html","name":" Toyota Landcruiser 3 Door","price":"6,00,000"},{"type":"cars","date":"2020-05-24","url":"i2108869-toyota-rav4.html","name":" Toyota Rav4","price":"11,90,000"},{"type":"cars","date":"2020-05-24","url":"i2106052-honda-city-2005-model.html","name":" Honda City 2005 Model","price":"9,75,000"},{"type":"cars","date":"2020-05-24","url":"i2099684-hyundai-creta.html","name":" Hyundai Creta","price":"33,50,000"},{"type":"cars","date":"2020-05-24","url":"i2150050-mazda-b2500-on-sale-or-exchange.html","name":" Mazda B2500 On Sale Or Exchange","price":"9,00,000"},{"type":"cars","date":"2020-05-24","url":"i2145479-daihatsu-charmant.html","name":" Daihatsu Charmant","price":"5,15,000"},{"type":"cars","date":"2020-05-24","url":"i2166744-tata-vista-2011-diesel-version.html","name":" Tata Vista 2011 Diesel Version","price":"9,00,000"},{"type":"cars","date":"2020-05-24","url":"i2146609-ford-ecosport-trend.html","name":" Ford Ecosport Trend","price":"21,50,000"},{"type":"cars","date":"2020-05-24","url":"i2165326-nissan-sunny-on-sale.html","name":" Nissan Sunny On Sale","price":"23,00,000"},{"type":"cars","date":"2020-05-24","url":"i2166423-viva-850.html","name":" Viva 850","price":"5,25,000"},{"type":"cars","date":"2020-05-24","url":"i2165697-alto-lx-800.html","name":" Alto Lx 800","price":"8,85,000"},{"type":"cars","date":"2020-05-24","url":"i2166755-suzuki-samurai-japan-made.html","name":" Suzuki Samurai Japan Made","price":"10,50,000"},{"type":"cars","date":"2020-05-24","url":"i2164008-ford-ecosport-trend-2017-12900-km.html","name":" Ford Ecosport Trend 2017 (12900 Km)","price":"28,25,000"},{"type":"cars","date":"2020-05-24","url":"i2164289-hilux-pick-up-jeep.html","name":" Hilux Pick Up Jeep","price":"35,00,000"},{"type":"cars","date":"2020-05-24","url":"i2142422-sportage-on-sale.html","name":" Sportage On Sale","price":"8,00,000"},{"type":"cars","date":"2020-05-24","url":"i2166128-kia-rio-auto-gear-2013.html","name":" Kia Rio Auto Gear 2013","price":"26,50,000"},{"type":"cars","date":"2020-05-24","url":"i2158570-scorpio-s4-for-sell.html","name":" Scorpio S4 For Sell","price":"30,00,000"},{"type":"cars","date":"2020-05-24","url":"i2157605-ford-ecosport-2018-trend-plus-facelift-version.html","name":" Ford Ecosport 2018 Trend Plus Facelift Version","price":"32,50,000"},{"type":"cars","date":"2020-05-24","url":"i2166028-scorpio-s2-like-new.html","name":" Scorpio S2 Like New","price":"26,50,000"},{"type":"cars","date":"2020-05-24","url":"i2125215-ford-fiesta-classic-2014.html","name":" Ford Fiesta Classic 2014","price":"11,50,000"},{"type":"cars","date":"2020-05-24","url":"i2162793-suzuki-swift-dzire-2016-vxi-for-sale.html","name":" Suzuki Swift Dzire 2016 Vxi For Sale","price":"22,50,000"},{"type":"cars","date":"2020-05-24","url":"i2153576-volkswagen-polo-1-2.html","name":" Volkswagen Polo 1.2","price":"16,00,000"},{"type":"cars","date":"2020-05-24","url":"i2161284-santro-zing-xs-full-option-absolutely-fine-car-on-sale.html","name":" Santro Zing Xs Full Option, Absolutely Fine Car On Sale","price":"9,75,000"},{"type":"cars","date":"2020-05-24","url":"i2165413-dhulikhel.html","name":" Dhulikhel","price":"40,000"},{"type":"cars","date":"2020-05-24","url":"i2164273-santro-car.html","name":" Santro Car","price":"4,75,500"},{"type":"cars","date":"2020-05-24","url":"i2153249-wagonr.html","name":" Wagonr","price":"7,50,000"},{"type":"cars","date":"2020-05-24","url":"i2110069-toyota-land-cruiser-prado.html","name":" Toyota Land Cruiser Prado","price":"18,00,000"},{"type":"cars","date":"2020-05-24","url":"i2081240-alto-k10-on-sale.html","name":" Alto K10 On Sale","price":"11,00,000"},{"type":"cars","date":"2020-05-24","url":"i2154762-matiz-car-fresh.html","name":" Matiz Car Fresh","price":"3,70,000"},{"type":"cars","date":"2020-05-24","url":"i2153924-tata-safari-dicor-2-2-vtt-7-sitter-family-car-urgernt-for-sale.html","name":" Tata Safari Dicor 2.2 Vtt 7 Sitter Family Car ( Urgernt For Sale)","price":"17,00,000"},{"type":"cars","date":"2020-05-24","url":"i2163167-renault-duster-2016.html","name":" Renault Duster 2016","price":"29,50,000"},{"type":"cars","date":"2020-05-24","url":"i2032467-freelander-lr2.html","name":" Freelander Lr2","price":"55,00,000"},{"type":"cars","date":"2020-05-24","url":"i2165106-eco-sport-trend.html","name":" Eco Sport Trend","price":"29,50,000"},{"type":"cars","date":"2020-05-24","url":"i2164270-hyundai-santro-2001.html","name":" Hyundai Santro 2001","price":"5,00,000"},{"type":"cars","date":"2020-05-24","url":"i2159897-800-cc-alto-car-on-sales.html","name":" 800 Cc Alto Car On Sales","price":"6,00,000"},{"type":"cars","date":"2020-05-24","url":"i2119949-excellent-condition-hyundai-creta-s-2016-model-is-for-sale.html","name":" Excellent Condition Hyundai Creta S 2016 Model Is For Sale","price":"35,50,000"},{"type":"cars","date":"2020-05-24","url":"i2081156-modified-swift-vxi-black-allow-wheels.html","name":" Modified Swift Vxi ,black Allow Wheels","price":"12,30,000"},{"type":"cars","date":"2020-05-24","url":"i2104815-kia-rio-sedan-car.html","name":" Kia Rio Sedan Car","price":"10,50,000"},{"type":"cars","date":"2020-05-24","url":"i2160500-mitsubishi-pajero-sport-2018-7seater-sunroof-like-brand-new.html","name":" Mitsubishi Pajero Sport 2018 7-seater Sunroof - Like Brand New","price":"1,35,00,000"},{"type":"cars","date":"2020-05-24","url":"i2128993-tata-indica-diesel-car-on-sell.html","name":" Tata Indica Diesel Car On Sell","price":"4,50,000"},{"type":"cars","date":"2020-05-24","url":"i2156479-santro.html","name":" Santro","price":"11,00,000"},{"type":"cars","date":"2020-05-24","url":"i2163052-i10-sports-for-sale.html","name":" I10 Sports For Sale","price":"17,00,000"},{"type":"cars","date":"2020-05-24","url":"i2149300-brezza.html","name":" Brezza","price":"32,00,000"},{"type":"cars","date":"2020-05-24","url":"i2147297-land-cruiser.html","name":" Land Cruiser","price":"21,00,000"},{"type":"cars","date":"2020-05-24","url":"i2166850-suzuki-zen.html","name":" Suzuki Zen","price":"3,75,000"},{"type":"cars","date":"2020-05-24","url":"i2131151-hyundai-i20-active-base-2018-model-only-7600-km-run.html","name":" Hyundai I20 Active Base 2018 Model Only 7600 Km Run","price":"29,25,000"},{"type":"cars","date":"2020-05-24","url":"i2155243-ford-ikon-on-sales.html","name":" Ford Ikon On Sales","price":"4,50,000"},{"type":"cars","date":"2020-05-24","url":"i2164807-alto-car-vxi-1100cc-full-option.html","name":" Alto Car Vxi 1100cc Full Option","price":"7,00,000"},{"type":"cars","date":"2020-05-24","url":"i2164904-ford-fiesta-style-titanium-2014-for-sale.html","name":" Ford Fiesta Style Titanium 2014 For Sale","price":"21,50,000"},{"type":"cars","date":"2020-05-24","url":"i2087114-hyundai-matrix-2004.html","name":" Hyundai Matrix 2004","price":"5,20,000"},{"type":"cars","date":"2020-05-24","url":"i2098946-hyundy-tucson-2006.html","name":" Hyundy Tucson 2006","price":"18,00,000"},{"type":"cars","date":"2020-05-24","url":"i2163235-ford-figo-titanium.html","name":" Ford Figo Titanium","price":"10,65,000"},{"type":"cars","date":"2020-05-24","url":"i2113739-honda-civic-2008.html","name":" Honda Civic 2008","price":"24,00,000"},{"type":"cars","date":"2020-05-24","url":"i2168327-baleno-zeta-urgent-sale-one-hand.html","name":" Baleno Zeta Urgent Sale One Hand","price":"22,50,000"},{"type":"cars","date":"2020-05-24","url":"i2156210-chevrolet-tavera-super-deluxe-urgent-sell-7-seater.html","name":" Chevrolet Tavera Super Deluxe Urgent Sell 7 Seater","price":"12,75,000"},{"type":"cars","date":"2020-05-24","url":"i2152156-2003-excellent-condition-nissan-xtrail-on-sale.html","name":" 2003 Excellent Condition Nissan Xtrail On Sale","price":"18,50,000"},{"type":"cars","date":"2020-05-24","url":"i2058698-hyundai-santro-urgent-sale.html","name":" Hyundai Santro Urgent Sale","price":"9,50,000"},{"type":"cars","date":"2020-05-24","url":"i2167681-maruti-suzuki-swift-dezire-zxi-full-options.html","name":" Maruti Suzuki Swift Dezire Zxi(full Options)","price":"16,00,000"},{"type":"cars","date":"2020-05-24","url":"i2157648-renault-kwid-excellent-condition-car.html","name":" Renault Kwid Excellent Condition Car","price":"15,50,000"},{"type":"cars","date":"2020-05-24","url":"i1963542-honda-stream-7-seater-blue-number-plate-for-sale.html","name":" Honda Stream 7 Seater Blue Number Plate For Sale","price":"11,20,000"},{"type":"cars","date":"2020-05-24","url":"i2123815-2015-hyundai-verna-1-6-s-0.html","name":" 2015 Hyundai Verna 1.6 S (0)","price":"28,50,000"},{"type":"cars","date":"2020-05-24","url":"i2162691-tata-nexon-xz-plus-diesel-for-sale.html","name":" Tata Nexon Xz+ Diesel For Sale","price":"40,00,000"},{"type":"cars","date":"2020-05-24","url":"i2155980-santro-xing-semi-option-car-on-sale.html","name":" Santro Xing Semi Option Car On Sale!","price":"7,75,000"},{"type":"cars","date":"2020-05-24","url":"i2157312-kia-picanto-2011-model-45000-km.html","name":" Kia Picanto 2011 Model 45000 Km","price":"14,50,000"},{"type":"cars","date":"2020-05-24","url":"i2147854-fiesta1-5-full-option.html","name":" Fiesta1.5 Full Option","price":"17,00,000"},{"type":"cars","date":"2020-05-24","url":"i2166117-lockdown-paxi-gadi-linu-chahanu-hunxa-vani-contact-garnu-hola.html","name":" Lockdown Paxi Gadi Linu Chahanu Hunxa Vani Contact Garnu Hola","price":"6,50,000"},{"type":"cars","date":"2020-05-24","url":"i2166747-van-2006-model.html","name":" Van 2006 Model","price":"3,80,000"},{"type":"cars","date":"2020-05-24","url":"i2027869-toyota-qualis-8-seater-jeep.html","name":" Toyota Qualis 8 Seater Jeep","price":"9,00,000"},{"type":"cars","date":"2020-05-24","url":"i2167484-drive-the-difference-1-0-turbo-eco-boost-system-fully-loaded.html","name":" Drive The Difference,1.0 Turbo Eco Boost System Fully Loaded","price":"26,50,000"},{"type":"cars","date":"2020-05-24","url":"i1997918-mahindra-jeep-mm-550-xdb.html","name":" Mahindra Jeep Mm 550 Xdb","price":"14,50,000"},{"type":"cars","date":"2020-05-24","url":"i2081948-ford-figo-titanium-2011-diesel.html","name":" Ford Figo Titanium 2011 Diesel","price":"11,50,000"},{"type":"cars","date":"2020-05-24","url":"i2156079-getz-car-for-sale.html","name":" Getz Car For Sale","price":"6,75,000"},{"type":"cars","date":"2020-05-24","url":"i2156501-eon-era-plus.html","name":" Eon Era Plus","price":"10,50,000"},{"type":"cars","date":"2020-05-24","url":"i2126285-maruti-suzuki-swift-lxi.html","name":" Maruti Suzuki Swift Lxi","price":"11,50,000"},{"type":"cars","date":"2020-05-24","url":"i2164899-fiat-avventura-1-4-dynamic-petrol-for-sale.html","name":" Fiat Avventura 1.4 Dynamic Petrol For Sale","price":"19,50,000"},{"type":"cars","date":"2020-05-24","url":"i2139234-xuv-500.html","name":" Xuv 500","price":"28,45,000"},{"type":"cars","date":"2020-05-24","url":"i2110793-mercedes-car-sale.html","name":" Mercedes Car Sale","price":"15,00,000"},{"type":"cars","date":"2020-05-24","url":"i2165091-zoyte-1-3-sell-urgent.html","name":" Zoyte 1.3 Sell Urgent","price":"8,50,000"},{"type":"cars","date":"2020-05-24","url":"i1929511-toyota-lexus-rs-350-f-sport.html","name":" Toyota Lexus Rs 350 F Sport","price":"3,68,00,000"},{"type":"cars","date":"2020-05-24","url":"i2159762-excellent-condition-hyundai-grand-i10-megna-2016.html","name":" Excellent Condition Hyundai Grand I10 Megna 2016","price":"20,00,000"},{"type":"cars","date":"2020-05-24","url":"i2080706-fresh-alto-on-sale.html","name":" Fresh Alto On Sale","price":"4,99,999"},{"type":"cars","date":"2020-05-24","url":"i2140727-new-on-test-scorpio-s10.html","name":" New On Test , Scorpio S10,","price":"38,00,000"},{"type":"cars","date":"2020-05-24","url":"i2157008-tata-tiago-xz-2017.html","name":" Tata Tiago Xz 2017","price":"22,00,000"},{"type":"cars","date":"2020-05-24","url":"i2148605-toyota-corolla-lx.html","name":" Toyota Corolla Lx","price":"21,60,000"},{"type":"cars","date":"2020-05-24","url":"i2139039-hyundai-i20-asta.html","name":" Hyundai I20 Asta","price":"15,90,000"},{"type":"cars","date":"2020-05-24","url":"i2166301-maruti-suzuki-swift-vxi-2008-model.html","name":" Maruti Suzuki Swift Vxi 2008 Model","price":"12,50,000"},{"type":"cars","date":"2020-05-24","url":"i2167898-to-sell-land-rober.html","name":" To Sell Land Rober","price":"79,00,000"},{"type":"cars","date":"2020-05-24","url":"i2159399-figo-on-sale.html","name":" Figo On Sale.","price":"10,75,000"},{"type":"cars","date":"2020-05-24","url":"i2154729-tata-vista-saffire-d-90.html","name":" Tata Vista Saffire D 90","price":"10,50,000"},{"type":"cars","date":"2020-05-24","url":"i2161496-santro.html","name":" Santro","price":"12,00,000"},{"type":"cars","date":"2020-05-24","url":"i2163689-kia-picanto-2009.html","name":" Kia Picanto 2009","price":"9,50,000"},{"type":"cars","date":"2020-05-24","url":"i2101282-mahindra-scorpio.html","name":" Mahindra Scorpio","price":"8,00,000"},{"type":"cars","date":"2020-05-24","url":"i2164532-tata-indigo.html","name":" Tata Indigo","price":"5,00,000"},{"type":"cars","date":"2020-05-24","url":"i2138659-single-handed-ecosport-titanium-ecoboost-2014-on-sale.html","name":" Single Handed Ecosport Titanium (ecoboost) 2014 On Sale","price":"22,50,000"},{"type":"cars","date":"2020-05-24","url":"i2164878-ford-classic-on-sale.html","name":" Ford Classic On Sale","price":"15,00,000"},{"type":"cars","date":"2020-05-24","url":"i2122064-nissan.html","name":" Nissan","price":"15,00,000"},{"type":"cars","date":"2020-05-24","url":"i2043773-chevrolet-optra-2004.html","name":" Chevrolet Optra 2004","price":"8,50,000"},{"type":"cars","date":"2020-05-24","url":"i2072328-excellent-condition-swift-dzire-car.html","name":" Excellent Condition Swift Dzire Car","price":"19,00,000"},{"type":"cars","date":"2020-05-24","url":"i2158798-toyota-yaris.html","name":" Toyota Yaris","price":"14,00,000"},{"type":"cars","date":"2020-05-24","url":"i2160404-maruti-suzuki-800.html","name":" Maruti Suzuki 800","price":"5,00,000"},{"type":"cars","date":"2020-05-24","url":"i2167986-urgent-sale.html","name":" Urgent Sale","price":"21,00,000"},{"type":"cars","date":"2020-05-24","url":"i2168093-super-fresh-condition-kia-rio-ls-on-sale-at-low-cost.html","name":" Super Fresh Condition Kia Rio Ls On Sale At Low Cost","price":"5,20,000"},{"type":"cars","date":"2020-05-24","url":"i2162381-tata-indica-on-sell.html","name":" Tata Indica On Sell","price":"5,99,999"},{"type":"cars","date":"2020-05-24","url":"i2163164-swift-dzire-zxi.html","name":" Swift Dzire Zxi","price":"21,75,000"},{"type":"cars","date":"2020-05-24","url":"i2149221-i20-hunday-like-new.html","name":" I20 Hunday Like New","price":"15,50,000"},{"type":"cars","date":"2020-05-24","url":"i2160240-toyota-hilux.html","name":" Toyota Hilux","price":"14,50,000"},{"type":"cars","date":"2020-05-24","url":"i2119830-fresh-tara-safari-storme-lx-2013-model-for-sale.html","name":" Fresh Tara Safari Storme Lx 2013 Model For Sale","price":"20,50,000"},{"type":"cars","date":"2020-05-24","url":"i2129576-daihatsu-terios-4x4.html","name":" Daihatsu Terios 4x4","price":"11,00,000"},{"type":"cars","date":"2020-05-24","url":"i2163851-suzuki-zen-car2004-model-with-smooth-engine-condition.html","name":" Suzuki Zen Car-2004 Model With Smooth Engine Condition","price":"5,30,000"},{"type":"cars","date":"2020-05-24","url":"i2128152-2017-kwid-on-sale.html","name":" 2017 Kwid On Sale","price":"17,50,000"},{"type":"cars","date":"2020-05-24","url":"i2111366-mahindra-scorpio-vlx.html","name":" Mahindra Scorpio Vlx","price":"18,60,000"},{"type":"cars","date":"2020-05-24","url":"i2163556-ecosport-trend.html","name":" Ecosport Trend","price":"27,50,000"},{"type":"cars","date":"2020-05-24","url":"i2150266-mini-jeep-zyote-with-partial-finance-facility.html","name":" Mini Jeep Zyote ( With Partial Finance Facility)","price":"10,50,000"},{"type":"cars","date":"2020-05-24","url":"i2031889-volkswagen-polo.html","name":" Volkswagen Polo","price":"15,50,000"},{"type":"cars","date":"2020-05-24","url":"i2107604-hyundai-eon-magna-plus-2015.html","name":" Hyundai Eon Magna+ 2015","price":"13,00,000"},{"type":"cars","date":"2020-05-24","url":"i2155256-mahindra-pikup-4-wheller.html","name":" Mahindra Pikup 4 Wheller","price":"18,00,000"},{"type":"cars","date":"2020-05-24","url":"i2146648-hyundai-i10-magna.html","name":" Hyundai I10 Magna","price":"12,00,000"},{"type":"cars","date":"2020-05-24","url":"i2149278-creta-base-model-2019.html","name":" Creta Base Model- 2019","price":"43,25,000"},{"type":"cars","date":"2020-05-24","url":"i2152863-datsun-go-1-2-2017-butwal.html","name":" Datsun Go 1.2 2017 Butwal","price":"5,00,000"},{"type":"cars","date":"2020-05-24","url":"i2168046-grand-i10-sportz-only-2700-kms-ran-end2018-model.html","name":" Grand I10 Sportz Only 2700 Kms Ran End-2018 Model","price":"27,50,000"},{"type":"cars","date":"2020-05-24","url":"i2165301-ritz-2011-zxi.html","name":" Ritz 2011 Zxi","price":"13,00,000"},{"type":"cars","date":"2020-05-24","url":"i2158932-tata-indica-2006-in-damauli-tanahun.html","name":" Tata Indica 2006 In Damauli Tanahun","price":"4,50,000"},{"type":"cars","date":"2020-05-24","url":"i2165210-maruti-suzuki-desire-2017.html","name":" Maruti Suzuki Desire 2017","price":"23,00,000"},{"type":"cars","date":"2020-05-24","url":"i2049773-land-rover-td5-for-sell.html","name":" Land Rover Td5 For Sell","price":"40,00,000"},{"type":"cars","date":"2020-05-24","url":"i2080424-mitsubishi-pajero-1998-model-on-sale.html","name":" Mitsubishi Pajero 1998 Model On Sale","price":"15,00,000"},{"type":"cars","date":"2020-05-24","url":"i2131726-santro-2010-xing-gls.html","name":" Santro 2010 Xing Gls","price":"11,50,000"},{"type":"cars","date":"2020-05-24","url":"i1992401-toyato-land-cruiser-prado-tx.html","name":" Toyato Land Cruiser Prado Tx","price":"1,85,00,000"},{"type":"cars","date":"2020-05-24","url":"i2109764-hyundai-tucson-2009-urgent-sale.html","name":" Hyundai Tucson 2009 Urgent Sale","price":"26,50,000"},{"type":"cars","date":"2020-05-24","url":"i2120229-scorpio.html","name":" Scorpio","price":"23,00,000"},{"type":"cars","date":"2020-05-24","url":"i2162455-5-seater-eeco-van-emergency-sale.html","name":" 5 Seater Eeco Van Emergency Sale","price":"15,75,000"},{"type":"cars","date":"2020-05-24","url":"i2149165-jimny-3-door-suv.html","name":" Jimny 3 Door Suv","price":"17,25,000"},{"type":"cars","date":"2020-05-24","url":"i1815643-ford-raptor-a-t.html","name":" Ford Raptor A/t","price":"1,49,00,000"},{"type":"cars","date":"2020-05-24","url":"i2163523-skoda-fabia-2012.html","name":" Skoda Fabia 2012","price":"12,50,000"},{"type":"cars","date":"2020-05-24","url":"i2165770-suzuki-swift.html","name":" Suzuki Swift","price":"19,50,000"},{"type":"cars","date":"2020-05-24","url":"i2125497-bolero-jeep-4wd-2016.html","name":" Bolero Jeep 4wd 2016","price":"21,50,000"},{"type":"cars","date":"2020-05-24","url":"i2153394-ford-classic-1399-cc-variant.html","name":" Ford Classic 1399 Cc Variant","price":"15,00,000"},{"type":"cars","date":"2020-05-24","url":"i2120052-suzuki-alto-on-sale.html","name":" Suzuki Alto On Sale","price":"12,50,000"},{"type":"cars","date":"2020-05-24","url":"i2102301-nissan-pickup.html","name":" Nissan Pickup","price":"5,25,000"},{"type":"cars","date":"2020-05-24","url":"i2133047-kia-rio.html","name":" Kia Rio","price":"4,75,000"},{"type":"cars","date":"2020-05-24","url":"i2094225-san-storm-roadster-convertible.html","name":" San Storm Roadster Convertible","price":"12,50,000"},{"type":"cars","date":"2020-05-24","url":"i2168227-suzuki-maruti.html","name":" Suzuki Maruti","price":"1,75,000"},{"type":"cars","date":"2020-05-24","url":"i2149225-cross-polo-highline-1-6.html","name":" Cross Polo Highline 1.6","price":"25,00,000"},{"type":"cars","date":"2020-05-24","url":"i2168239-opel-corsa-1-4.html","name":" Opel Corsa 1.4","price":"5,50,000"},{"type":"cars","date":"2020-05-24","url":"i2150583-hyundai-accent.html","name":" Hyundai Accent","price":"13,00,000"},{"type":"cars","date":"2020-05-24","url":"i2060449-honda-city-smt-on-sale.html","name":" Honda City Smt On Sale","price":"25,50,000"},{"type":"cars","date":"2020-05-24","url":"i2149585-brand-new-grand-i10-magna-2018-model-for-sale.html","name":" Brand New Grand I10 Magna 2018 Model For Sale","price":"27,50,000"},{"type":"cars","date":"2020-05-24","url":"i2165078-grand-i10-magna-2014-silver.html","name":" Grand I10 Magna 2014 Silver","price":"18,65,000"},{"type":"cars","date":"2020-05-24","url":"i2163738-single-handed-ford-ecosport-2018-model-sale.html","name":" Single Handed Ford Ecosport 2018 Model Sale","price":"30,50,000"},{"type":"cars","date":"2020-05-24","url":"i2134072-fresh-santro-xing-for-salee.html","name":" Fresh Santro Xing For Salee.","price":"9,50,000"},{"type":"cars","date":"2020-05-24","url":"i2081654-suzuki-s-presso-std.html","name":" Suzuki S Presso Std","price":"22,99,000"},{"type":"cars","date":"2020-05-24","url":"i2039355-hyundai-tucson.html","name":" Hyundai Tucson","price":"23,50,000"},{"type":"cars","date":"2020-05-24","url":"i2156147-bolero-double-cap-4-wheeler.html","name":" Bolero Double Cap 4 Wheeler","price":"15,50,000"},{"type":"cars","date":"2020-05-24","url":"i2138558-mitsubishi-pajero-gls-lwb-44-on-sale.html","name":" Mitsubishi Pajero Gls Lwb (44) On Sale","price":"25,00,000"},{"type":"cars","date":"2020-05-24","url":"i2104670-ecosport-trend-1500-cc.html","name":" Ecosport Trend 1500 Cc","price":"23,00,000"},{"type":"cars","date":"2020-05-24","url":"i2153665-scorpio.html","name":" Scorpio","price":"24,00,000"},{"type":"cars","date":"2020-05-24","url":"i2053891-toyota-car-for-sale-urgent.html","name":" Toyota Car For Sale - Urgent","price":"5,75,000"},{"type":"cars","date":"2020-05-24","url":"i2148897-sirion-daihatsu-1000cc.html","name":" Sirion Daihatsu 1000cc","price":"5,40,000"},{"type":"cars","date":"2020-05-24","url":"i2129335-toyota-qualis-jeep-2500-cc.html","name":" Toyota Qualis Jeep 2500 Cc","price":"10,50,000"},{"type":"cars","date":"2020-05-24","url":"i2110748-tata-tigor-xt.html","name":" Tata Tigor Xt","price":"20,75,000"},{"type":"cars","date":"2020-05-24","url":"i2014887-nissan-sunny-2013-new-model.html","name":" Nissan Sunny 2013 New Model","price":"19,75,000"},{"type":"cars","date":"2020-05-24","url":"i2144099-single-handed-kia-sportage-2018-model-on-sale.html","name":" Single Handed Kia Sportage 2018 Model On Sale","price":"54,50,000"},{"type":"cars","date":"2020-05-24","url":"i2161668-maruti-800.html","name":" Maruti 800","price":"5,10,000"},{"type":"cars","date":"2020-05-24","url":"i2064417-toyota-fortuner.html","name":" Toyota Fortuner","price":"70,00,000"},{"type":"cars","date":"2020-05-24","url":"i2144864-air-bus-suspension-tata1512.html","name":" Air Bus Suspension Tata1512","price":"25,00,000"},{"type":"cars","date":"2020-05-24","url":"i2096402-skoda-rapid-on-sale-2014-model.html","name":" Skoda Rapid On Sale(2014 Model)","price":"16,50,000"},{"type":"cars","date":"2020-05-24","url":"i2132699-nissan-terrano-1997-full-option-fwd-all-new-tyres.html","name":" Nissan Terrano 1997 Full Option Fwd All New Tyres","price":"7,75,000"},{"type":"cars","date":"2020-05-24","url":"i2165337-tivoli-on-sell.html","name":" Tivoli On Sell","price":"27,00,000"},{"type":"cars","date":"2020-05-24","url":"i2103214-ford-ecosport-2018-model-d-white.html","name":" Ford Ecosport 2018 Model D. White","price":"36,50,000"},{"type":"cars","date":"2020-05-24","url":"i2159638-i20-magna-2011.html","name":" I20 Magna 2011","price":"15,25,000"},{"type":"cars","date":"2020-05-24","url":"i2138720-creta-white-sx-plus-no-bargain-plz-fixed.html","name":" Creta White Sx Plus( No Bargain) Plz.fixed","price":"38,00,000"},{"type":"cars","date":"2020-05-24","url":"i2124005-kuv-100-k6-d75-2016.html","name":" Kuv 100 K6 D75 2016","price":"19,50,000"},{"type":"cars","date":"2020-05-24","url":"i2142580-ford-ikon-2003-full-option.html","name":" Ford Ikon 2003 Full Option","price":"4,50,000"},{"type":"cars","date":"2020-05-24","url":"i2065138-hyundai-getz-low-km-run-urgent-sell-no-exchange-only-cash.html","name":" Hyundai Getz Low Km Run. (urgent Sell) (no Exchange Only Cash)","price":"9,00,000"},{"type":"cars","date":"2020-05-24","url":"i2150252-santro-good-condition.html","name":" Santro Good Condition","price":"5,50,000"},{"type":"cars","date":"2020-05-24","url":"i2142617-ford-figo-exi-2012.html","name":" Ford Figo Exi 2012","price":"10,25,000"},{"type":"cars","date":"2020-05-24","url":"i2162920-local-route-mini-bus-sell.html","name":" Local Route Mini Bus Sell","price":"30,00,000"},{"type":"cars","date":"2020-05-24","url":"i2163736-single-handed-vw-polo-highline-2014-model-1600-cc-sale.html","name":" Single Handed Vw Polo Highline 2014 Model 1600 Cc Sale","price":"21,75,000"},{"type":"cars","date":"2020-05-24","url":"i2131826-opel-corsa-car.html","name":" Opel Corsa Car","price":"3,75,000"},{"type":"cars","date":"2020-05-24","url":"i2135880-i10-2009.html","name":" I10 2009","price":"11,50,000"},{"type":"cars","date":"2020-05-24","url":"i2125691-thar-jeep.html","name":" Thar Jeep","price":"28,00,000"},{"type":"cars","date":"2020-05-24","url":"i2138177-tata-truck-on-sell.html","name":" Tata Truck On Sell","price":"11,00,000"},{"type":"cars","date":"2020-05-24","url":"i2120673-toyota-cerina.html","name":" Toyota Cerina","price":"4,20,000"},{"type":"cars","date":"2020-05-24","url":"i2150707-swift-vxi-2012.html","name":" Swift Vxi 2012","price":"18,25,000"},{"type":"cars","date":"2020-05-24","url":"i2129164-mahindra-bolero-9seaters.html","name":" Mahindra Bolero 9seaters","price":"17,50,000"},{"type":"cars","date":"2020-05-24","url":"i2163459-renault-rxt-used-by-doctor.html","name":" Renault Rxt Used By Doctor","price":"15,50,000"},{"type":"cars","date":"2020-05-24","url":"i2105360-maruti-suzuki-vitara-brezza-zdi-plus-2017-for-sale.html","name":" Maruti Suzuki Vitara Brezza Zdi+ 2017 For Sale","price":"34,00,000"},{"type":"cars","date":"2020-05-24","url":"i2161663-proton-waja.html","name":" Proton Waja","price":"8,00,000"},{"type":"cars","date":"2020-05-24","url":"i2019007-terios.html","name":" Terios","price":"13,75,000"},{"type":"cars","date":"2020-05-24","url":"i2165016-kia-cereto.html","name":" Kia Cereto","price":"8,50,000"},{"type":"cars","date":"2020-05-24","url":"i2127321-pajero-on-sale.html","name":" Pajero On Sale","price":"17,00,000"},{"type":"cars","date":"2020-05-24","url":"i2133073-fortuner-2017-at.html","name":" Fortuner 2017 At","price":"1,50,00,000"},{"type":"cars","date":"2020-05-24","url":"i2137722-kia-sportage-2003-with-4w.html","name":" Kia Sportage 2003 With 4w","price":"7,50,000"},{"type":"cars","date":"2020-05-24","url":"i2160598-tata-ace-ht.html","name":" Tata Ace Ht","price":"5,25,000"},{"type":"cars","date":"2020-05-24","url":"i2103220-ford-figo-2010-excellent-condition-for-sale.html","name":" Ford Figo 2010 Excellent Condition For Sale","price":"9,50,000"},{"type":"cars","date":"2020-05-24","url":"i2132051-bolero.html","name":" Bolero","price":"15,00,000"},{"type":"cars","date":"2020-05-24","url":"i2138776-hyundai-santro-2003-for-sale-good-condition.html","name":" Hyundai Santro 2003 For Sale - Good Condition","price":"6,25,000"},{"type":"cars","date":"2020-05-24","url":"i2116018-toyota-corolla.html","name":" Toyota Corolla","price":"6,00,000"},{"type":"cars","date":"2020-05-24","url":"i2105437-zen.html","name":" Zen","price":"3,50,000"},{"type":"cars","date":"2020-05-24","url":"i2163722-maruti-cargo-van-2015-model-sale.html","name":" Maruti Cargo Van 2015 Model Sale","price":"6,25,000"},{"type":"cars","date":"2020-05-24","url":"i2156733-fresh-toyota-se-limited.html","name":" Fresh Toyota Se Limited","price":"3,00,000"},{"type":"cars","date":"2020-05-24","url":"i2159161-zen-for-sell.html","name":" Zen For Sell","price":"4,00,000"},{"type":"cars","date":"2020-05-24","url":"i2143531-super-ace.html","name":" Super Ace","price":"4,00,000"},{"type":"cars","date":"2020-05-24","url":"i2131912-vitara-brezza-excellent-suv-on-sale.html","name":" Vitara Brezza Excellent Suv On Sale","price":"33,49,000"},{"type":"cars","date":"2020-05-24","url":"i2157637-toyota-prado-2016-tx.html","name":" Toyota Prado 2016 Tx","price":"1,70,00,000"},{"type":"cars","date":"2020-05-24","url":"i2024320-baw-warrior-double-cab-pickup.html","name":" Baw Warrior Double Cab Pickup","price":"58,00,000"},{"type":"cars","date":"2020-05-24","url":"i2166938-2004-model-fully-luxurioust-kia-rio-full-option-car-on-sale-only-2-ha.html","name":" 2004 Model Fully Luxurioust Kia Rio Full Option Car On Sale..only 2 Ha","price":"4,80,000"},{"type":"cars","date":"2020-05-24","url":"i2144213-hyundai-i10-2010-magna.html","name":" Hyundai I10 2010 Magna","price":"13,50,000"},{"type":"cars","date":"2020-05-24","url":"i2162049-jumbo-hiace.html","name":" Jumbo Hiace","price":"30,00,000"},{"type":"cars","date":"2020-05-24","url":"i2164890-scorpio-s4-2w.html","name":" Scorpio S4 2w","price":"29,00,000"},{"type":"cars","date":"2020-05-24","url":"i2164456-mitsubishi-pajero-sport-2018.html","name":" Mitsubishi Pajero Sport 2018","price":"1,33,00,000"},{"type":"cars","date":"2020-05-24","url":"i2118977-xenon-tata-good-condition.html","name":" Xenon Tata Good Condition","price":"17,00,000"},{"type":"cars","date":"2020-05-24","url":"i2110772-selling-mazda-car.html","name":" Selling Mazda Car","price":"16,00,000"},{"type":"cars","date":"2020-05-24","url":"i2162866-urgent-sale-hyundai-accent.html","name":" Urgent Sale Hyundai Accent","price":"12,50,000"},{"type":"cars","date":"2020-05-24","url":"i2165480-maruti-zen-on-sale.html","name":" Maruti Zen On Sale","price":"7,50,000"},{"type":"cars","date":"2020-05-24","url":"i2165872-santro-xing-2007.html","name":" Santro Xing 2007","price":"10,20,000"},{"type":"cars","date":"2020-05-24","url":"i2143206-tata-nexon-xz-plus-2018.html","name":" Tata Nexon Xz+ 2018","price":"32,00,000"},{"type":"cars","date":"2020-05-24","url":"i2154663-nissan-xtrail-for-sale-or-exchange.html","name":" Nissan Xtrail For Sale Or Exchange","price":"22,75,000"},{"type":"cars","date":"2020-05-24","url":"i2044150-rav4-in-excellent-condition.html","name":" Rav4 In Excellent Condition","price":"15,00,000"},{"type":"cars","date":"2020-05-24","url":"i2123096-kuv-100-k6.html","name":" Kuv 100 - K6","price":"20,00,000"},{"type":"cars","date":"2020-05-24","url":"i2148668-toyota-car.html","name":" Toyota Car","price":"1,65,000"},{"type":"cars","date":"2020-05-24","url":"i2149276-hyundai-santro-zip-drive.html","name":" Hyundai Santro Zip Drive","price":"5,49,999"},{"type":"cars","date":"2020-05-24","url":"i2121007-toyota-prado-tx-2013.html","name":" Toyota Prado Tx 2013","price":"1,38,00,000"},{"type":"cars","date":"2020-05-24","url":"i2130851-hundai-santro-car-on-sale.html","name":" Hundai Santro Car On Sale","price":"6,85,000"},{"type":"cars","date":"2020-05-24","url":"i2128603-hyundai-eon-era-plus-2013.html","name":" Hyundai Eon Era Plus 2013","price":"12,50,000"},{"type":"cars","date":"2020-05-24","url":"i2094450-suzuki-vitara-4wd-2004.html","name":" Suzuki Vitara 4wd 2004","price":"16,50,000"},{"type":"cars","date":"2020-05-24","url":"i2117587-car-tata-manza.html","name":" Car Tata Manza","price":"12,00,000"},{"type":"cars","date":"2020-05-24","url":"i2063044-chevrolet-beat.html","name":" Chevrolet Beat","price":"9,95,000"},{"type":"cars","date":"2020-05-24","url":"i2106682-volkswagen-tiguan-fresh-and-single-handed.html","name":" Volkswagen Tiguan Fresh And Single Handed","price":"45,00,000"},{"type":"cars","date":"2020-05-24","url":"i2159640-opel-corsa-2004.html","name":" Opel Corsa 2004","price":"5,50,000"},{"type":"cars","date":"2020-05-24","url":"i2090887-datsun-go-1200.html","name":" Datsun Go 1200","price":"13,00,000"},{"type":"cars","date":"2020-05-24","url":"i2048684-honda-city-smt-2014-single-hand-car.html","name":" Honda City Smt 2014 Single Hand Car","price":"23,50,000"},{"type":"cars","date":"2020-05-24","url":"i2122440-chaffuer-driven-hyundai-sonata-on-sale.html","name":" Chaffuer Driven Hyundai Sonata On Sale","price":"30,00,000"},{"type":"cars","date":"2020-05-24","url":"i2161366-tata-mega-xl.html","name":" Tata Mega Xl","price":"13,25,000"},{"type":"cars","date":"2020-05-24","url":"i2097034-santro-zip-drive-car.html","name":" Santro Zip Drive Car","price":"5,00,000"},{"type":"cars","date":"2020-05-24","url":"i2116046-sssangyong-korando-2011-suv.html","name":" Sssangyong Korando 2011 Suv","price":"24,30,000"},{"type":"cars","date":"2020-05-24","url":"i2148969-polo-comfort.html","name":" Polo Comfort","price":"16,50,000"},{"type":"cars","date":"2020-05-24","url":"i2164580-car-sale.html","name":" Car Sale","price":"12,00,000"},{"type":"cars","date":"2020-05-24","url":"i2137451-exellent-condition-santro-full-option-car.html","name":" Exellent Condition Santro Full Option Car","price":"10,10,000"},{"type":"cars","date":"2020-05-24","url":"i2120693-kia-rio-2007.html","name":" Kia Rio 2007","price":"9,50,000"}]