[{"type":"cars","date":"2020-06-22","url":"i2130965-mahindra-thar.html","name":" Mahindra Thar","price":"48,00,000"},{"type":"cars","date":"2020-06-22","url":"i2181152-captur.html","name":" Captur","price":"35,00,000"},{"type":"cars","date":"2020-06-22","url":"i2108869-toyota-rav4.html","name":" Toyota Rav4","price":"11,90,000"},{"type":"cars","date":"2020-06-22","url":"i2150050-mazda-b2500-on-sale-or-exchange.html","name":" Mazda B2500 On Sale Or Exchange","price":"9,00,000"},{"type":"cars","date":"2020-06-22","url":"i2178829-ford-figo-2011-model-run-by-jobholder.html","name":" Ford Figo 2011 Model Run By Jobholder","price":"11,00,000"},{"type":"cars","date":"2020-06-22","url":"i2187278-2015-hyundai-verna-1-6-s-0.html","name":" 2015 Hyundai Verna 1.6 S (0)","price":"28,50,000"},{"type":"cars","date":"2020-06-22","url":"i2187744-suzuki-ignis.html","name":" Suzuki Ignis","price":"23,00,00,000"},{"type":"cars","date":"2020-06-22","url":"i2145479-daihatsu-charmant.html","name":" Daihatsu Charmant","price":"5,15,000"},{"type":"cars","date":"2020-06-22","url":"i2187264-drs-alto-800-for-sell-bhairahawa.html","name":" Drs Alto 800 For Sell \\ Bhairahawa","price":"7,50,000"},{"type":"cars","date":"2020-06-22","url":"i2182536-eco-sport-titanium.html","name":" Eco Sport Titanium","price":"28,00,000"},{"type":"cars","date":"2020-06-22","url":"i2187221-tata-sumo-on-sell.html","name":" Tata Sumo On Sell","price":"4,25,000"},{"type":"cars","date":"2020-06-22","url":"i2186689-nissan-super-saloon-2007.html","name":" Nissan Super Saloon 2007","price":"14,50,000"},{"type":"cars","date":"2020-06-22","url":"i2185575-mid-size-hatchback.html","name":" Mid Size Hatchback","price":"8,90,000"},{"type":"cars","date":"2020-06-22","url":"i2177874-tata-nexon-xm.html","name":" Tata Nexon Xm","price":"28,50,000"},{"type":"cars","date":"2020-06-22","url":"i2189316-hyundai-i10-magna-2010-for-sale.html","name":" Hyundai I10 Magna 2010 For Sale","price":"14,00,000"},{"type":"cars","date":"2020-06-22","url":"i2191319-swift-vxi-2008-fresh-car-allow-wheels-no-bargaining.html","name":" Swift Vxi 2008 , Fresh Car ,allow Wheels , No Bargaining","price":"11,99,000"},{"type":"cars","date":"2020-06-22","url":"i2180109-kia-picanto.html","name":" Kia Picanto","price":"11,50,000"},{"type":"cars","date":"2020-06-22","url":"i2190168-ford-figo-trend-fresh-18-lot-21-000-km-run-car-on-sale.html","name":" Ford Figo Trend (fresh - 18 Lot | 21,000 Km Run) Car On Sale","price":"19,50,000"},{"type":"cars","date":"2020-06-22","url":"i2188353-creta-sx-plus-for-sale.html","name":" Creta Sx Plus For Sale","price":"41,90,000"},{"type":"cars","date":"2020-06-22","url":"i2165697-alto-lx-800.html","name":" Alto Lx 800","price":"8,85,000"},{"type":"cars","date":"2020-06-22","url":"i2182906-car-on-sale-urgent.html","name":" Car On Sale Urgent","price":"6,50,000"},{"type":"cars","date":"2020-06-22","url":"i2181997-tata-vista-quadrajet-2010-model.html","name":" Tata Vista Quadrajet 2010 Model","price":"10,50,000"},{"type":"cars","date":"2020-06-22","url":"i2187915-toyota-micro-bas.html","name":" Toyota Micro Bas","price":"33,00,000"},{"type":"cars","date":"2020-06-22","url":"i2189368-zen.html","name":" Zen","price":"7,50,000"},{"type":"cars","date":"2020-06-22","url":"i2187423-volkswagen-passat-cc.html","name":" Volkswagen Passat Cc","price":"56,00,000"},{"type":"cars","date":"2020-06-22","url":"i2182254-alto-vxi-2015-model.html","name":" Alto Vxi 2015 Model","price":"12,25,000"},{"type":"cars","date":"2020-06-22","url":"i2182297-swift.html","name":" Swift","price":"11,99,000"},{"type":"cars","date":"2020-06-22","url":"i2183943-i10era-sale.html","name":" I10era Sale","price":"11,10,000"},{"type":"cars","date":"2020-06-22","url":"i2172722-mazda-3.html","name":" Mazda 3","price":"26,00,000"},{"type":"cars","date":"2020-06-22","url":"i2189770-bolero-pickup-on-sale.html","name":" Bolero Pickup On Sale","price":"12,25,000"},{"type":"cars","date":"2020-06-22","url":"i2186598-ssangyong-korando.html","name":" Ssangyong Korando","price":"20,00,000"},{"type":"cars","date":"2020-06-22","url":"i2187818-ford-figo-exi.html","name":" Ford Figo Exi","price":"12,75,000"},{"type":"cars","date":"2020-06-22","url":"i2188951-honda-city-car.html","name":" Honda City Car","price":"18,99,000"},{"type":"cars","date":"2020-06-22","url":"i2185794-santro-2003-on-sale.html","name":" Santro 2003 On Sale","price":"6,10,000"},{"type":"cars","date":"2020-06-22","url":"i2182861-tata-indigo-cs.html","name":" Tata Indigo Cs","price":"17,00,000"},{"type":"cars","date":"2020-06-22","url":"i2180529-suzuki-swift-dezire-2018-model-car-on-sale.html","name":" Suzuki Swift Dezire 2018 Model Car On Sale","price":"28,00,000"},{"type":"cars","date":"2020-06-22","url":"i2187568-tata-car-for-sell.html","name":" Tata Car For Sell","price":"17,00,000"},{"type":"cars","date":"2020-06-22","url":"i2187204-car-on-sell.html","name":" Car On Sell","price":"4,80,000"},{"type":"cars","date":"2020-06-22","url":"i2188750-automatic-4motion-tiguan.html","name":" Automatic 4motion Tiguan","price":"41,50,000"},{"type":"cars","date":"2020-06-22","url":"i2183525-toyota-is-a-real-car-company.html","name":" Toyota Is A Real Car Company.","price":"15,00,000"},{"type":"cars","date":"2020-06-22","url":"i2168656-hyundai-i20-asta.html","name":" Hyundai I20 Asta","price":"17,00,000"},{"type":"cars","date":"2020-06-22","url":"i2185430-figo.html","name":" Figo","price":"12,00,000"},{"type":"cars","date":"2020-06-22","url":"i2172166-hyundai-accent.html","name":" Hyundai Accent","price":"12,75,000"},{"type":"cars","date":"2020-06-22","url":"i2166423-perodua-viva-850.html","name":" Perodua Viva 850","price":"5,25,000"},{"type":"cars","date":"2020-06-22","url":"i2183371-maruti-zen-car.html","name":" Maruti Zen Car","price":"4,35,000"},{"type":"cars","date":"2020-06-22","url":"i2187929-mahindra-2wd.html","name":" Mahindra 2wd","price":"13,00,000"},{"type":"cars","date":"2020-06-22","url":"i2188470-maruti-suzuki-celerio-zxi-on-sell.html","name":" Maruti Suzuki Celerio Zxi On Sell","price":"25,50,000"},{"type":"cars","date":"2020-06-22","url":"i2184499-hyundai-i-10-1-2cc-of-model-year-2019.html","name":" Hyundai I 10 1.2cc Of Model Year 2019","price":"24,00,000"},{"type":"cars","date":"2020-06-22","url":"i2184202-mitsubishi-lancer-on-sale.html","name":" Mitsubishi Lancer On Sale","price":"5,50,000"},{"type":"cars","date":"2020-06-22","url":"i2183324-maruti-suzuki-vitara-brezza-vdi-2016-for-sale.html","name":" Maruti Suzuki Vitara Brezza Vdi 2016 For Sale","price":"29,25,000"},{"type":"cars","date":"2020-06-22","url":"i2184790-creta-sx-2015-sale-with-mint-condition-dalal-le-kasta-nagarnu-hola.html","name":" **creta Sx 2015 Sale With Mint Condition** Dalal Le Kasta Nagarnu Hola","price":"37,50,000"},{"type":"cars","date":"2020-06-22","url":"i2190183-santro-xing.html","name":" Santro Xing","price":"11,50,000"},{"type":"cars","date":"2020-06-22","url":"i2184630-toyota-land-cruiser-prado-urgent-sale.html","name":" Toyota Land Cruiser Prado Urgent Sale","price":"18,00,000"},{"type":"cars","date":"2020-06-22","url":"i2181833-well-maintained-maruti-astar-vxi-2009-model-for-sale.html","name":" Well Maintained Maruti A-star Vxi 2009 Model For Sale","price":"10,50,000"},{"type":"cars","date":"2020-06-22","url":"i2188693-2007-model-alto-car.html","name":" 2007 Model Alto Car.","price":"8,00,000"},{"type":"cars","date":"2020-06-22","url":"i2177197-datsun-go-excellent-condition-single-handed-home-used-car.html","name":" Datsun Go Excellent Condition Single Handed Home Used Car","price":"15,75,000"},{"type":"cars","date":"2020-06-22","url":"i2187578-daihatsu-terios-excellent-condition-4wd.html","name":" Daihatsu Terios Excellent Condition 4wd","price":"13,25,000"},{"type":"cars","date":"2020-06-22","url":"i2184031-wagon-r.html","name":" Wagon R","price":"17,25,000"},{"type":"cars","date":"2020-06-22","url":"i2179996-santro-2011.html","name":" Santro 2011","price":"12,20,000"},{"type":"cars","date":"2020-06-22","url":"i2187473-opel-corsa.html","name":" Opel Corsa","price":"4,20,000"},{"type":"cars","date":"2020-06-22","url":"i2177033-tata-sumo-gold-ex.html","name":" Tata Sumo Gold Ex","price":"14,00,000"},{"type":"cars","date":"2020-06-22","url":"i2178756-maruti-800.html","name":" Maruti 800","price":"4,65,000"},{"type":"cars","date":"2020-06-22","url":"i2180241-urgent-sale.html","name":" Urgent Sale","price":"16,00,000"},{"type":"cars","date":"2020-06-22","url":"i2189552-car.html","name":" Car","price":"5,20,000"},{"type":"cars","date":"2020-06-22","url":"i2164807-alto-car-vxi-1100cc-full-option.html","name":" Alto Car Vxi 1100cc Full Option","price":"7,00,000"},{"type":"cars","date":"2020-06-22","url":"i2180499-swift-dezire-2016.html","name":" Swift Dezire 2016","price":"23,50,000"},{"type":"cars","date":"2020-06-22","url":"i2190863-tata-xenon-4x4.html","name":" Tata Xenon 4x4","price":"23,50,000"},{"type":"cars","date":"2020-06-22","url":"i2190620-chevrolet-aveo-2008-model-for-sale.html","name":" Chevrolet Aveo 2008 Model For Sale","price":"9,75,000"},{"type":"cars","date":"2020-06-22","url":"i2175269-volkswagen-passat-2015-1-8-tsi-luxury-sedan.html","name":" Volkswagen Passat 2015 1.8 Tsi Luxury Sedan","price":"72,00,000"},{"type":"cars","date":"2020-06-22","url":"i2190420-sumo-gold.html","name":" Sumo Gold","price":"16,50,000"},{"type":"cars","date":"2020-06-22","url":"i2185722-ford-ecosport-titanium-for-sale.html","name":" Ford Ecosport Titanium For Sale","price":"23,50,000"},{"type":"cars","date":"2020-06-22","url":"i2179434-zen-estilo-2007.html","name":" Zen Estilo 2007","price":"6,75,000"},{"type":"cars","date":"2020-06-22","url":"i2161284-santro-zing-xs-full-option-absolutely-fine-car-on-sale.html","name":" Santro Zing Xs Full Option, Absolutely Fine Car On Sale","price":"9,75,000"},{"type":"cars","date":"2020-06-22","url":"i2179883-2015-suzuki-baleno-sale-or-exchange-with-pick-up.html","name":" 2015 Suzuki Baleno Sale Or Exchange With Pick Up","price":"21,50,000"},{"type":"cars","date":"2020-06-22","url":"i2184780-eon-era-plus-on-sale.html","name":" Eon Era Plus On Sale","price":"12,00,000"},{"type":"cars","date":"2020-06-22","url":"i2185548-ssangyong-korando-2011.html","name":" Ssangyong Korando_2011","price":"19,99,000"},{"type":"cars","date":"2020-06-22","url":"i2180517-mahindra-scorpio-s4-plus-4-wd-jeep.html","name":" Mahindra Scorpio S4+ 4 Wd Jeep","price":"35,50,000"},{"type":"cars","date":"2020-06-22","url":"i2183805-tata-indica-ev2.html","name":" Tata Indica Ev2","price":"8,60,000"},{"type":"cars","date":"2020-06-22","url":"i2182325-single-handed-ford-ecosport-trend-2014-model-for-sale.html","name":" Single Handed Ford Ecosport Trend 2014 Model For Sale","price":"23,50,000"},{"type":"cars","date":"2020-06-22","url":"i2181162-tucson.html","name":" Tucson","price":"25,00,000"},{"type":"cars","date":"2020-06-22","url":"i2177989-maruti-suzuki-zen.html","name":" Maruti Suzuki Zen","price":"5,00,000"},{"type":"cars","date":"2020-06-22","url":"i2032467-freelander-lr2.html","name":" Freelander Lr2","price":"55,00,000"},{"type":"cars","date":"2020-06-22","url":"i2182538-mahindra-maximo-plus-for-sale.html","name":" Mahindra Maximo Plus For Sale","price":"4,50,000"},{"type":"cars","date":"2020-06-22","url":"i2183936-2004-kia-carens-7-seat-suv.html","name":" 2004 Kia Carens 7 Seat Suv","price":"7,50,000"},{"type":"cars","date":"2020-06-22","url":"i2191641-maruti-suzuki-swift-vxi.html","name":" Maruti Suzuki Swift Vxi","price":"10,75,000"},{"type":"cars","date":"2020-06-22","url":"i2188945-maruti-van-vrfca00.html","name":" Maruti Van Vrfca00","price":"2,50,000"},{"type":"cars","date":"2020-06-22","url":"i2184412-fresh-kia-sportage-on-sale.html","name":" Fresh Kia Sportage On Sale","price":"25,34,777"},{"type":"cars","date":"2020-06-22","url":"i2163167-renault-duster-2016.html","name":" Renault Duster 2016","price":"29,50,000"},{"type":"cars","date":"2020-06-22","url":"i2166028-scorpio-s2-like-new.html","name":" Scorpio S2 Like New","price":"26,50,000"},{"type":"cars","date":"2020-06-22","url":"i2186381-hyundai-i10-sports-2010.html","name":" Hyundai I10 Sports 2010","price":"14,50,000"},{"type":"cars","date":"2020-06-22","url":"i2184014-sell-sell-sell.html","name":" Sell Sell Sell","price":"25,00,000"},{"type":"cars","date":"2020-06-22","url":"i2185666-ford-figo-1-4-diesel-2013-for-sale.html","name":" Ford Figo 1.4 Diesel 2013 For Sale","price":"11,50,000"},{"type":"cars","date":"2020-06-22","url":"i2189891-indica-dls.html","name":" Indica Dls","price":"2,50,000"},{"type":"cars","date":"2020-06-22","url":"i2184796-honda-crv.html","name":" Honda Cr-v","price":"33,90,000"},{"type":"cars","date":"2020-06-22","url":"i2163235-ford-figo-titanium.html","name":" Ford Figo Titanium","price":"10,65,000"},{"type":"cars","date":"2020-06-22","url":"i2158570-scorpio-s4-for-sell.html","name":" Scorpio S4 For Sell","price":"30,00,000"},{"type":"cars","date":"2020-06-22","url":"i2163052-i10-sports-for-sale.html","name":" I10 Sports For Sale","price":"17,00,000"},{"type":"cars","date":"2020-06-22","url":"i2180150-chevrolet-spark-lt-2008-model-67000km-car-on-sale.html","name":" Chevrolet Spark Lt 2008 Model, 67000km Car On Sale","price":"6,50,000"},{"type":"cars","date":"2020-06-22","url":"i2157605-ford-ecosport-2018-trend-plus-facelift-version.html","name":" Ford Ecosport 2018 Trend Plus Facelift Version","price":"32,50,000"},{"type":"cars","date":"2020-06-22","url":"i2168965-tata-vista.html","name":" Tata Vista","price":"12,70,000"},{"type":"cars","date":"2020-06-22","url":"i2162793-suzuki-swift-dzire-2016-vxi-for-sale.html","name":" Suzuki Swift Dzire 2016 Vxi For Sale","price":"21,75,000"},{"type":"cars","date":"2020-06-22","url":"i2081240-alto-k10-on-sale.html","name":" Alto K10 On Sale","price":"11,00,000"},{"type":"cars","date":"2020-06-22","url":"i2180919-ford-figo-titanium-2013.html","name":" Ford Figo Titanium 2013","price":"13,75,000"},{"type":"cars","date":"2020-06-22","url":"i2181763-tata-bolt-car.html","name":" Tata Bolt Car","price":"24,00,000"},{"type":"cars","date":"2020-06-22","url":"i2188490-hyundai-accent.html","name":" Hyundai Accent","price":"13,25,000"},{"type":"cars","date":"2020-06-22","url":"i2187597-volkswagen-2013-polo-highline-fully-loaded-airbags-steering-ctrl.html","name":" Volkswagen 2013 Polo High-line(fully Loaded) Airbags, Steering Ctrl","price":"19,75,000"},{"type":"cars","date":"2020-06-22","url":"i2179680-hyundai-i10-era-2009-for-sale.html","name":" Hyundai I10 Era 2009 For Sale","price":"12,50,000"},{"type":"cars","date":"2020-06-22","url":"i2187043-maruti-suzuki-zen.html","name":" Maruti Suzuki Zen","price":"3,75,000"},{"type":"cars","date":"2020-06-22","url":"i2183773-wagon-r.html","name":" Wagon R","price":"14,00,000"},{"type":"cars","date":"2020-06-22","url":"i2104815-kia-rio-sedan-car.html","name":" Kia Rio Sedan Car","price":"10,50,000"},{"type":"cars","date":"2020-06-22","url":"i2164273-santro-car.html","name":" Santro Car","price":"4,75,500"},{"type":"cars","date":"2020-06-22","url":"i2186364-kia-sportage-diesel.html","name":" Kia Sportage Diesel","price":"35,00,000"},{"type":"cars","date":"2020-06-22","url":"i2164289-hilux-pick-up-jeep.html","name":" Hilux Pick Up Jeep","price":"35,00,000"},{"type":"cars","date":"2020-06-22","url":"i2185559-hyundai-i20-asta-dual-tone.html","name":" Hyundai I20 Asta Dual Tone","price":"29,00,000"},{"type":"cars","date":"2020-06-22","url":"i2189715-school-van-on-sale.html","name":" School Van On Sale","price":"4,00,000"},{"type":"cars","date":"2020-06-22","url":"i2128993-tata-indica-diesel-car-on-sell.html","name":" Tata Indica Diesel Car On Sell","price":"4,50,000"},{"type":"cars","date":"2020-06-22","url":"i2164008-ford-ecosport-trend-2017-12900-km.html","name":" Ford Ecosport Trend 2017 (12900 Km)","price":"28,25,000"},{"type":"cars","date":"2020-06-22","url":"i2184199-pajero-suv-on-sale.html","name":" Pajero Suv On Sale","price":"68,00,000"},{"type":"cars","date":"2020-06-22","url":"i2163459-renault-kwid-rxt-used-by-doctor.html","name":" Renault Kwid Rxt Used By Doctor","price":"15,50,000"},{"type":"cars","date":"2020-06-22","url":"i2175713-renault-duster-rxz-amt-for-sale.html","name":" Renault Duster Rxz Amt For Sale","price":"43,00,000"},{"type":"cars","date":"2020-06-22","url":"i2187995-dzire-zxi-2015.html","name":" Dzire Zxi 2015","price":"23,25,000"},{"type":"cars","date":"2020-06-22","url":"i2191172-japanese-isuzu-bighorn.html","name":" Japanese Isuzu Bighorn","price":"2,25,000"},{"type":"cars","date":"2020-06-22","url":"i2186050-hyundai-i10-magna.html","name":" Hyundai I10, Magna","price":"15,00,000"},{"type":"cars","date":"2020-06-22","url":"i2182412-i20-active-diesel-excellent-condition.html","name":" I20 Active Diesel Excellent Condition","price":"29,50,000"},{"type":"cars","date":"2020-06-22","url":"i2188764-car-urgent-sell.html","name":" Car Urgent Sell","price":"3,25,000"},{"type":"cars","date":"2020-06-22","url":"i2184908-swift-zxi-2015.html","name":" Swift Zxi 2015","price":"22,00,000"},{"type":"cars","date":"2020-06-22","url":"i2191074-hilux.html","name":" Hilux","price":"73,50,000"},{"type":"cars","date":"2020-06-22","url":"i2178974-single-owner-hyundai-i20-magna-w-alloy-wheels.html","name":" Single Owner Hyundai I20 Magna (w/ Alloy Wheels)","price":"14,35,000"},{"type":"cars","date":"2020-06-22","url":"i2181688-excellent-condition-hyundai-i10-magna-2012-model-for-sale.html","name":" Excellent Condition Hyundai I10 Magna 2012 Model For Sale","price":"16,00,000"},{"type":"cars","date":"2020-06-22","url":"i2188610-skoda-fabia.html","name":" Skoda Fabia","price":"10,95,000"},{"type":"cars","date":"2020-06-22","url":"i2191010-urgent-sell-swift-zxi-2017.html","name":" Urgent Sell Swift Zxi 2017","price":"24,75,000"},{"type":"cars","date":"2020-06-22","url":"i2190768-ford-figo-titanium-2012-for-urgent-sale.html","name":" Ford Figo Titanium 2012 For Urgent Sale","price":"12,25,000"},{"type":"cars","date":"2020-06-22","url":"i2184111-alto-car-on-sales.html","name":" Alto Car On Sales","price":"9,25,000"},{"type":"cars","date":"2020-06-22","url":"i2184076-honda-civic.html","name":" Honda Civic","price":"18,50,000"},{"type":"cars","date":"2020-06-22","url":"i2190102-santro-2012-for-sell.html","name":" Santro 2012 For Sell","price":"13,90,000"},{"type":"cars","date":"2020-06-22","url":"i2081948-ford-figo-titanium-2011-diesel.html","name":" Ford Figo Titanium 2011 Diesel","price":"11,50,000"},{"type":"cars","date":"2020-06-22","url":"i2188668-full-option-facelift-kia-sportage-awd-w-drls-plus-parking-camera.html","name":" Full Option Facelift Kia Sportage Awd (w/drls + Parking Camera)","price":"46,50,000"},{"type":"cars","date":"2020-06-22","url":"i2187579-single-handed-kia-rio-sadan.html","name":" Single Handed Kia Rio Sadan","price":"5,70,000"},{"type":"cars","date":"2020-06-22","url":"i2175004-single-handed-hyundai-creta-2015-sx-plus-petrol-on-sale.html","name":" Single Handed Hyundai Creta 2015 Sx+ Petrol On Sale","price":"39,00,000"},{"type":"cars","date":"2020-06-22","url":"i2181731-excellent-swift-dzire-2013-vxi-on-sale.html","name":" Excellent Swift Dzire 2013 Vxi On Sale","price":"18,50,000"},{"type":"cars","date":"2020-06-22","url":"i2165770-suzuki-swift.html","name":" Suzuki Swift","price":"19,50,000"},{"type":"cars","date":"2020-06-22","url":"i2180273-rav-4-on-sale.html","name":" Rav 4 On Sale","price":"16,00,000"},{"type":"cars","date":"2020-06-22","url":"i2166744-tata-vista-2011-diesel-version.html","name":" Tata Vista 2011 Diesel Version","price":"9,00,000"},{"type":"cars","date":"2020-06-22","url":"i2183770-i10-2008.html","name":" I10 2008","price":"12,50,000"},{"type":"cars","date":"2020-06-22","url":"i2185856-2014-datsun-go-driven-for-only-39-000-km-w-full-service-history.html","name":" 2014 Datsun Go (driven For Only 39,000 Km, W/ Full Service History)","price":"11,25,000"},{"type":"cars","date":"2020-06-22","url":"i2180606-tata-grandee-10-lakhs.html","name":" Tata Grandee 10 Lakhs","price":"10,00,000"},{"type":"cars","date":"2020-06-22","url":"i2176754-kia-picanto-full-option-car-2004-model-for-seal.html","name":" Kia Picanto Full Option Car 2004 Model For Seal","price":"7,00,000"},{"type":"cars","date":"2020-06-22","url":"i2176339-toyota-corolla-lx.html","name":" Toyota Corolla Lx","price":"20,00,000"},{"type":"cars","date":"2020-06-22","url":"i2153249-wagonr.html","name":" Wagonr","price":"7,50,000"},{"type":"cars","date":"2020-06-22","url":"i2182182-maruti-alto-2001-model.html","name":" Maruti Alto 2001 Model","price":"5,50,000"},{"type":"cars","date":"2020-06-22","url":"i2169569-nissan-micra.html","name":" Nissan Micra","price":"24,00,000"},{"type":"cars","date":"2020-06-22","url":"i2179812-grand-i10-magna-2019-excellent-condition.html","name":" Grand I10 Magna 2019, Excellent Condition","price":"27,15,000"},{"type":"cars","date":"2020-06-22","url":"i2179289-taxi-2017.html","name":" Taxi 2017","price":"26,50,000"},{"type":"cars","date":"2020-06-22","url":"i2058698-hyundai-santro-urgent-sale.html","name":" Hyundai Santro Urgent Sale","price":"9,50,000"},{"type":"cars","date":"2020-06-22","url":"i2173484-suzuki-swift-dezire-vxi-2019-on-sale.html","name":" Suzuki Swift Dezire Vxi 2019 On Sale","price":"27,00,000"},{"type":"cars","date":"2020-06-22","url":"i2180593-single-hand-creta-diesel-sx-on-sale.html","name":" Single Hand Creta Diesel Sx On Sale","price":"41,00,000"},{"type":"cars","date":"2020-06-22","url":"i1963542-honda-stream-7-seater-blue-number-plate-for-sale.html","name":" Honda Stream 7 Seater Blue Number Plate For Sale","price":"11,20,000"},{"type":"cars","date":"2020-06-22","url":"i2153576-volkswagen-polo-1-2.html","name":" Volkswagen Polo 1.2","price":"16,00,000"},{"type":"cars","date":"2020-06-22","url":"i2169998-volkswagen-vento-1-6.html","name":" Volkswagen Vento 1.6","price":"18,00,000"},{"type":"cars","date":"2020-06-22","url":"i2180173-volkswagen-tiguan-petrol-2010-for-sale.html","name":" Volkswagen Tiguan Petrol 2010 For Sale","price":"38,75,000"},{"type":"cars","date":"2020-06-22","url":"i2170507-suzuki-baleno-delta-2016-sale-or-exchange-with-pick-up-truck.html","name":" Suzuki Baleno Delta 2016 Sale Or Exchange With Pick Up Truck","price":"22,00,000"},{"type":"cars","date":"2020-06-22","url":"i2181170-excellent-condition-hyundai-creta-s-2016-model-for-sale.html","name":" Excellent Condition Hyundai Creta S 2016 Model For Sale","price":"35,50,000"},{"type":"cars","date":"2020-06-22","url":"i2106052-honda-city-2005-model.html","name":" Honda City 2005 Model","price":"9,75,000"},{"type":"cars","date":"2020-06-22","url":"i2189671-ford-ecosport-trend-diesel-2014-for-sale.html","name":" Ford Ecosport Trend Diesel 2014 For Sale","price":"24,50,000"},{"type":"cars","date":"2020-06-22","url":"i2182318-santro-xing-full-option-2007-model.html","name":" Santro Xing Full Option 2007 Model","price":"10,15,000"},{"type":"cars","date":"2020-06-22","url":"i2188424-maruti-suzuki-omni-cargo-van-2017.html","name":" Maruti Suzuki Omni Cargo Van 2017","price":"4,50,000"},{"type":"cars","date":"2020-06-22","url":"i2183836-single-handed-kia-sorento-4wd-suv-urgent-sale.html","name":" Single Handed Kia Sorento 4wd Suv Urgent Sale","price":"19,99,999"},{"type":"cars","date":"2020-06-22","url":"i2087114-hyundai-matrix-2004.html","name":" Hyundai Matrix 2004","price":"5,20,000"},{"type":"cars","date":"2020-06-22","url":"i2184463-honda-civic-sporty-luxury-sedan.html","name":" Honda Civic Sporty Luxury Sedan","price":"24,50,000"},{"type":"cars","date":"2020-06-22","url":"i2139234-xuv-500.html","name":" Xuv 500","price":"28,45,000"},{"type":"cars","date":"2020-06-22","url":"i2179260-ford-fiesta-classic-for-sale.html","name":" Ford Fiesta Classic For Sale","price":"13,00,000"},{"type":"cars","date":"2020-06-22","url":"i2168742-suzuki-japanese-vitara-4x4.html","name":" Suzuki Japanese Vitara 4x4","price":"8,50,000"},{"type":"cars","date":"2020-06-22","url":"i2113739-honda-civic-2008.html","name":" Honda Civic 2008","price":"24,00,000"},{"type":"cars","date":"2020-06-22","url":"i2175504-maruti-800-on-sale-2006.html","name":" Maruti 800 On Sale 2006","price":"5,23,000"},{"type":"cars","date":"2020-06-22","url":"i2175602-kia-sportage-4wd-2010-for-sale.html","name":" Kia Sportage 4wd 2010 For Sale","price":"31,75,000"},{"type":"cars","date":"2020-06-22","url":"i2185539-for-rent.html","name":" For Rent","price":"5,000"},{"type":"cars","date":"2020-06-22","url":"i2185062-kia-picanto-2012-auto-fully-reloaded.html","name":" Kia Picanto 2012 Auto Fully Reloaded","price":"18,00,000"},{"type":"cars","date":"2020-06-22","url":"i2140727-new-on-test-scorpio-s10.html","name":" New On Test , Scorpio S10,","price":"38,00,000"},{"type":"cars","date":"2020-06-22","url":"i2183494-toyota-hilux.html","name":" Toyota Hilux","price":"70,00,000"},{"type":"cars","date":"2020-06-22","url":"i2188879-excellent-2013-ford-endeavor-everest-full-option-4wd-with-finance.html","name":" Excellent 2013 Ford Endeavor( Everest) Full Option 4wd With Finance","price":"49,99,000"},{"type":"cars","date":"2020-06-22","url":"i2183736-gypsy-king.html","name":" Gypsy King","price":"6,00,000"},{"type":"cars","date":"2020-06-22","url":"i2183200-pajero-on-sale.html","name":" Pajero On Sale","price":"28,00,000"},{"type":"cars","date":"2020-06-22","url":"i2189067-scorpio-2016-4x4.html","name":" Scorpio 2016 4x4","price":"26,50,000"},{"type":"cars","date":"2020-06-22","url":"i2189419-skoda-rapid-on-sale-and-exchange.html","name":" Skoda Rapid On Sale And Exchange","price":"14,50,000"},{"type":"cars","date":"2020-06-22","url":"i2183586-like-brand-new-2018-vw-polo-trendline-plus-w-company-fitted-touchscreen.html","name":" Like Brand New 2018 Vw Polo Trendline+ (w/company Fitted Touchscreen)","price":"22,75,000"},{"type":"cars","date":"2020-06-22","url":"i2190404-hyundai-creta-sx-plus-good-choice-after-purchase-u-will-satisfy.html","name":" Hyundai Creta Sx Plus,good Choice,after Purchase U Will Satisfy","price":"39,00,000"},{"type":"cars","date":"2020-06-22","url":"i2153924-tata-safari-dicor-2-2-vtt-7-sitter-family-car-urgernt-for-sale.html","name":" Tata Safari Dicor 2.2 Vtt 7 Sitter Family Car ( Urgernt For Sale)","price":"17,00,000"},{"type":"cars","date":"2020-06-22","url":"i2159897-800-cc-alto-car-on-sales.html","name":" 800 Cc Alto Car On Sales","price":"6,00,000"},{"type":"cars","date":"2020-06-22","url":"i2178920-hyundai-grand-i10-magna-1-2-2014-on-sale.html","name":" Hyundai Grand I10 Magna 1.2 2014 On Sale","price":"18,50,000"},{"type":"cars","date":"2020-06-22","url":"i2157648-renault-kwid-excellent-condition-car.html","name":" Renault Kwid Excellent Condition Car","price":"15,50,000"},{"type":"cars","date":"2020-06-22","url":"i2187105-datsun-go-t-o-for-sale-in-hetauda.html","name":" Datsun Go T \"o\" For Sale In Hetauda.","price":"17,00,000"},{"type":"cars","date":"2020-06-22","url":"i2184456-sunny-nissan-luxury-sedan.html","name":" Sunny Nissan Luxury Sedan","price":"24,60,000"},{"type":"cars","date":"2020-06-22","url":"i2180821-excellent-honda-brio-2012-smt-full-service-history.html","name":" Excellent Honda Brio 2012 Smt Full Service History","price":"15,00,000"},{"type":"cars","date":"2020-06-22","url":"i2080706-fresh-alto-on-sale.html","name":" Fresh Alto On Sale","price":"4,99,999"},{"type":"cars","date":"2020-06-22","url":"i1997918-mahindra-jeep-mm-550-xdb.html","name":" Mahindra Jeep Mm 550 Xdb","price":"14,50,000"},{"type":"cars","date":"2020-06-22","url":"i2172875-tata-vista-car-for-sale.html","name":" Tata Vista Car For Sale","price":"11,50,000"},{"type":"cars","date":"2020-06-22","url":"i2126285-maruti-suzuki-swift-lxi.html","name":" Maruti Suzuki Swift Lxi","price":"11,50,000"},{"type":"cars","date":"2020-06-22","url":"i2177216-toyota-hilux-on-sale.html","name":" Toyota Hilux On Sale","price":"40,00,000"},{"type":"cars","date":"2020-06-22","url":"i2169379-kia-sportage-4wd.html","name":" Kia Sportage 4wd","price":"19,75,000"},{"type":"cars","date":"2020-06-22","url":"i2189209-hyundai-creta-e-plus-sale.html","name":" Hyundai Creta E+ Sale","price":"38,00,000"},{"type":"cars","date":"2020-06-22","url":"i2179290-excellent-swift-vxi-2007-full-option.html","name":" Excellent Swift Vxi 2007 (full Option)","price":"11,20,000"},{"type":"cars","date":"2020-06-22","url":"i2146609-ford-ecosport-trend.html","name":" Ford Ecosport Trend","price":"21,50,000"},{"type":"cars","date":"2020-06-22","url":"i2177795-nissan-super-saloon-sale.html","name":" Nissan Super Saloon Sale","price":"14,50,000"},{"type":"cars","date":"2020-06-22","url":"i2027869-toyota-qualis-8-seater-jeep.html","name":" Toyota Qualis 8 Seater Jeep","price":"9,00,000"},{"type":"cars","date":"2020-06-22","url":"i2189950-9849424860-car-on-sale-2009.html","name":" 9849424860 Car On Sale 2009","price":"5,00,000"},{"type":"cars","date":"2020-06-22","url":"i2171129-grand-i10-asta-sliver.html","name":" Grand I10 Asta Sliver","price":"21,00,000"},{"type":"cars","date":"2020-06-22","url":"i2173135-maruti-suzuki-celerio-vxi.html","name":" Maruti Suzuki Celerio Vxi","price":"17,00,000"},{"type":"cars","date":"2020-06-22","url":"i2138659-single-handed-ecosport-titanium-ecoboost-2014-on-sale.html","name":" Single Handed Ecosport Titanium (ecoboost) 2014 On Sale","price":"22,50,000"},{"type":"cars","date":"2020-06-22","url":"i2185486-chevrolet-aveo-1-4-2013-model.html","name":" Chevrolet Aveo 1.4 2013 Model","price":"12,50,000"},{"type":"cars","date":"2020-06-22","url":"i2169962-scorpio-s4-white-2015.html","name":" Scorpio S4 White 2015","price":"31,50,000"},{"type":"cars","date":"2020-06-22","url":"i2179156-eeco-van.html","name":" Eeco Van","price":"11,50,000"},{"type":"cars","date":"2020-06-22","url":"i2170080-bolero-pickup.html","name":" Bolero Pickup","price":"16,75,000"},{"type":"cars","date":"2020-06-22","url":"i2147854-fiesta1-5-full-option.html","name":" Fiesta1.5 Full Option","price":"17,00,000"},{"type":"cars","date":"2020-06-22","url":"i2183318-maruti-suzuki-vitara-brezza-zdi-plus-2017-for-sale.html","name":" Maruti Suzuki Vitara Brezza Zdi+ 2017 For Sale","price":"33,25,000"},{"type":"cars","date":"2020-06-22","url":"i2181270-i-20-active.html","name":" I 20 Active","price":"25,95,000"},{"type":"cars","date":"2020-06-22","url":"i2189732-dezire-vxi-2010.html","name":" Dezire Vxi 2010","price":"13,50,000"},{"type":"cars","date":"2020-06-22","url":"i2177227-toyota-prado-on-sale.html","name":" Toyota Prado On Sale","price":"80,00,000"},{"type":"cars","date":"2020-06-22","url":"i2178854-volkswagen-polo-1-6-highline-2015-for-sale.html","name":" Volkswagen Polo 1.6 Highline 2015 For Sale","price":"22,50,000"},{"type":"cars","date":"2020-06-22","url":"i2184225-tata-bus.html","name":" Tata Bus","price":"40,00,00,000"},{"type":"cars","date":"2020-06-22","url":"i2177508-nissan-xtrail-jeep-for-sale-or-exchange.html","name":" Nissan Xtrail Jeep For Sale Or Exchange","price":"20,00,000"},{"type":"cars","date":"2020-06-22","url":"i2186338-maruti-omni-van-8-seater-2016.html","name":" Maruti Omni Van 8 Seater 2016","price":"8,80,000"},{"type":"cars","date":"2020-06-22","url":"i2181903-ford-figo-automatic.html","name":" Ford Figo Automatic","price":"27,57,000"},{"type":"cars","date":"2020-06-22","url":"i2125215-ford-fiesta-classic-2014.html","name":" Ford Fiesta Classic 2014","price":"11,50,000"},{"type":"cars","date":"2020-06-22","url":"i2191082-santro-zip-drive.html","name":" Santro Zip Drive","price":"5,40,000"},{"type":"cars","date":"2020-06-22","url":"i2174673-baleno-delta-2018.html","name":" Baleno Delta 2018","price":"25,50,000"},{"type":"cars","date":"2020-06-22","url":"i2174287-hyundai-creta.html","name":" Hyundai Creta","price":"40,00,000"},{"type":"cars","date":"2020-06-22","url":"i2189034-swift-dezire-vxi-last-minute-sell.html","name":" Swift Dezire Vxi Last Minute Sell","price":"26,00,000"},{"type":"cars","date":"2020-06-22","url":"i2177054-swift-zxi-2013.html","name":" Swift Zxi 2013","price":"19,49,000"},{"type":"cars","date":"2020-06-22","url":"i2149300-brezza.html","name":" Brezza","price":"32,00,000"},{"type":"cars","date":"2020-06-22","url":"i2183311-ramro-xa-condition-arko-gadhi-linu-lako-vayara-bechna-lako.html","name":" Ramro Xa Condition Arko Gadhi Linu Lako Vayara Bechna Lako","price":"3,30,000"},{"type":"cars","date":"2020-06-22","url":"i2101282-mahindra-scorpio.html","name":" Mahindra Scorpio","price":"8,00,000"},{"type":"cars","date":"2020-06-22","url":"i2139039-hyundai-i20-asta.html","name":" Hyundai I20 Asta","price":"15,90,000"},{"type":"cars","date":"2020-06-22","url":"i2190944-honda-city-2012.html","name":" Honda City 2012","price":"18,50,000"},{"type":"cars","date":"2020-06-22","url":"i2110793-mercedes-car-sale.html","name":" Mercedes Car Sale","price":"15,00,000"},{"type":"cars","date":"2020-06-22","url":"i2188958-brand-new-volkswagen-polo-1-0-trendline-plus.html","name":" Brand New Volkswagen Polo 1.0 Trendline Plus","price":"29,45,000"},{"type":"cars","date":"2020-06-22","url":"i2173876-blue-plate-tata-safari-storme-4x4-vx-2019-only-11000km.html","name":" Blue Plate Tata Safari Storme 4x4, Vx 2019, Only 11000km","price":"19,00,000"},{"type":"cars","date":"2020-06-22","url":"i2181925-single-owner-full-option-toyota-corolla-lx-w-full-service-history.html","name":" Single Owner Full Option Toyota Corolla Lx (w/ Full Service History)","price":"20,95,000"},{"type":"cars","date":"2020-06-22","url":"i2189962-maruti-omni-van-on-sale-urgent.html","name":" Maruti Omni Van On Sale Urgent","price":"6,50,000"},{"type":"cars","date":"2020-06-22","url":"i2155243-ford-ikon-on-sales.html","name":" Ford Ikon On Sales","price":"4,50,000"},{"type":"cars","date":"2020-06-22","url":"i2185611-excellent-condition-hyundai-santro-2003-zip-plus.html","name":" Excellent Condition Hyundai Santro 2003 Zip Plus","price":"6,25,000"}]