[{"type":"cars","date":"2020-06-06","url":"i2171099-renault-on-urgent-sale.html","name":" Renault On Urgent Sale","price":"15,00,000"},{"type":"cars","date":"2020-06-06","url":"i2170507-suzuki-baleno-delta-2016-sale-or-exchange-with-pick-up-truck.html","name":" Suzuki Baleno Delta 2016 Sale Or Exchange With Pick Up Truck","price":"22,00,000"},{"type":"cars","date":"2020-06-06","url":"i2171094-good-condision-tata-tipper-on-sale.html","name":" Good Condision Tata Tipper On Sale","price":"19,00,000"},{"type":"cars","date":"2020-06-06","url":"i2169569-nissan-micra.html","name":" Nissan Micra","price":"24,00,000"},{"type":"cars","date":"2020-06-06","url":"i2173484-suzuki-swift-dezire-vxi-2019-on-sale.html","name":" Suzuki Swift Dezire Vxi 2019 On Sale","price":"27,00,000"},{"type":"cars","date":"2020-06-06","url":"i2145479-daihatsu-charmant.html","name":" Daihatsu Charmant","price":"5,15,000"},{"type":"cars","date":"2020-06-06","url":"i2173273-maruti-suzuki-celerio-vxi.html","name":" Maruti Suzuki Celerio Vxi","price":"17,00,000"},{"type":"cars","date":"2020-06-06","url":"i2170898-santro-for-sale.html","name":" Santro For Sale","price":"5,50,000"},{"type":"cars","date":"2020-06-06","url":"i2172875-car-for-sale.html","name":" Car For Sale","price":"11,50,000"},{"type":"cars","date":"2020-06-06","url":"i2165697-alto-lx-800.html","name":" Alto Lx 800","price":"8,85,000"},{"type":"cars","date":"2020-06-06","url":"i2169370-fiat-linea-diseal-body-and-engine-part-at-half-cost.html","name":" Fiat Linea Diseal Body And Engine Part At Half Cost","price":"5,00,000"},{"type":"cars","date":"2020-06-06","url":"i2173871-creta-sx-sale.html","name":" Creta Sx Sale","price":"36,50,000"},{"type":"cars","date":"2020-06-06","url":"i2169962-scorpio-s4-white-2015.html","name":" Scorpio S4 White 2015","price":"31,50,000"},{"type":"cars","date":"2020-06-06","url":"i2166028-scorpio-s2-like-new.html","name":" Scorpio S2 Like New","price":"26,50,000"},{"type":"cars","date":"2020-06-06","url":"i2166744-tata-vista-2011-diesel-version.html","name":" Tata Vista 2011 Diesel Version","price":"9,00,000"},{"type":"cars","date":"2020-06-06","url":"i2142422-sportage-on-sale.html","name":" Sportage On Sale","price":"8,00,000"},{"type":"cars","date":"2020-06-06","url":"i2168567-maruti-cargo-van.html","name":" Maruti Cargo Van","price":"5,50,000"},{"type":"cars","date":"2020-06-06","url":"i2164807-alto-car-vxi-1100cc-full-option.html","name":" Alto Car Vxi 1100cc Full Option","price":"7,00,000"},{"type":"cars","date":"2020-06-06","url":"i2175713-renault-duster-rxz-amt-for-sale.html","name":" Renault Duster Rxz Amt For Sale","price":"43,00,000"},{"type":"cars","date":"2020-06-06","url":"i2169379-kia-sportage-4wd.html","name":" Kia Sportage 4wd","price":"19,75,000"},{"type":"cars","date":"2020-06-06","url":"i2168656-hyundai-i20-asta.html","name":" Hyundai I20 Asta","price":"17,00,000"},{"type":"cars","date":"2020-06-06","url":"i2173135-maruti-suzuki-vxi.html","name":" Maruti Suzuki Vxi","price":"17,00,000"},{"type":"cars","date":"2020-06-06","url":"i2158570-scorpio-s4-for-sell.html","name":" Scorpio S4 For Sell","price":"30,00,000"},{"type":"cars","date":"2020-06-06","url":"i2157605-ford-ecosport-2018-trend-plus-facelift-version.html","name":" Ford Ecosport 2018 Trend Plus Facelift Version","price":"32,50,000"},{"type":"cars","date":"2020-06-06","url":"i2162793-suzuki-swift-dzire-2016-vxi-for-sale.html","name":" Suzuki Swift Dzire 2016 Vxi For Sale","price":"22,50,000"},{"type":"cars","date":"2020-06-06","url":"i2163167-renault-duster-2016.html","name":" Renault Duster 2016","price":"29,50,000"},{"type":"cars","date":"2020-06-06","url":"i2175269-volkswagen-passat-2015-1-8-tsi-luxury-sedan.html","name":" Volkswagen Passat 2015 1.8 Tsi Luxury Sedan","price":"72,00,000"},{"type":"cars","date":"2020-06-06","url":"i2163052-i10-sports-for-sale.html","name":" I10 Sports For Sale","price":"17,00,000"},{"type":"cars","date":"2020-06-06","url":"i2163235-ford-figo-titanium.html","name":" Ford Figo Titanium","price":"10,65,000"},{"type":"cars","date":"2020-06-06","url":"i2159897-800-cc-alto-car-on-sales.html","name":" 800 Cc Alto Car On Sales","price":"6,00,000"},{"type":"cars","date":"2020-06-06","url":"i2169500-swift-dzire-fully-loaded-on-sale.html","name":" Swift Dzire Fully Loaded On Sale","price":"21,50,000"},{"type":"cars","date":"2020-06-06","url":"i2169870-singal-hand-alto-800-lxi-2013-model-19000-km-run.html","name":" Singal Hand Alto 800 Lxi 2013 Model 19000 Km Run","price":"12,50,000"},{"type":"cars","date":"2020-06-06","url":"i2156479-santro.html","name":" Santro","price":"11,00,000"},{"type":"cars","date":"2020-06-06","url":"i2032467-freelander-lr2.html","name":" Freelander Lr2","price":"55,00,000"},{"type":"cars","date":"2020-06-06","url":"i2119949-excellent-condition-hyundai-creta-s-2016-model-is-for-sale.html","name":" Excellent Condition Hyundai Creta S 2016 Model Is For Sale","price":"35,50,000"},{"type":"cars","date":"2020-06-06","url":"i2172730-tata-bus-euro-3-2016-last-deluxe-volvo.html","name":" Tata Bus Euro 3 2016 Last Deluxe Volvo","price":"35,00,000"},{"type":"cars","date":"2020-06-06","url":"i2081240-alto-k10-on-sale.html","name":" Alto K10 On Sale","price":"11,00,000"},{"type":"cars","date":"2020-06-06","url":"i2110069-toyota-land-cruiser-prado.html","name":" Toyota Land Cruiser Prado","price":"18,00,000"},{"type":"cars","date":"2020-06-06","url":"i2163459-renault-kwid-rxt-used-by-doctor.html","name":" Renault Kwid Rxt Used By Doctor","price":"15,50,000"},{"type":"cars","date":"2020-06-06","url":"i2164008-ford-ecosport-trend-2017-12900-km.html","name":" Ford Ecosport Trend 2017 (12900 Km)","price":"28,25,000"},{"type":"cars","date":"2020-06-06","url":"i2168965-tata-vista.html","name":" Tata Vista","price":"12,70,000"},{"type":"cars","date":"2020-06-06","url":"i2171129-grand-i10-asta-sliver.html","name":" Grand I10 Asta Sliver","price":"21,00,000"},{"type":"cars","date":"2020-06-06","url":"i2081156-modified-swift-vxi-black-allow-wheels.html","name":" Modified Swift Vxi ,black Allow Wheels","price":"12,30,000"},{"type":"cars","date":"2020-06-06","url":"i2166423-perodua-viva-850.html","name":" Perodua Viva 850","price":"5,25,000"},{"type":"cars","date":"2020-06-06","url":"i2098946-hyundy-tucson-2006.html","name":" Hyundy Tucson 2006","price":"18,00,000"},{"type":"cars","date":"2020-06-06","url":"i2175504-maruti-800-on-sale-2006.html","name":" Maruti 800 On Sale 2006","price":"5,23,000"},{"type":"cars","date":"2020-06-06","url":"i2164289-hilux-pick-up-jeep.html","name":" Hilux Pick Up Jeep","price":"35,00,000"},{"type":"cars","date":"2020-06-06","url":"i2170513-kia-rio-2013-auto-gear.html","name":" Kia Rio 2013 Auto Gear","price":"26,25,000"},{"type":"cars","date":"2020-06-06","url":"i2087114-hyundai-matrix-2004.html","name":" Hyundai Matrix 2004","price":"5,20,000"},{"type":"cars","date":"2020-06-06","url":"i2168757-fresh-skoda-fabia2013.html","name":" Fresh Skoda Fabia-2013","price":"13,25,000"},{"type":"cars","date":"2020-06-06","url":"i2171054-sell-urgent.html","name":" Sell Urgent","price":"19,00,000"},{"type":"cars","date":"2020-06-06","url":"i2104815-kia-rio-sedan-car.html","name":" Kia Rio Sedan Car","price":"10,50,000"},{"type":"cars","date":"2020-06-06","url":"i2161284-santro-zing-xs-full-option-absolutely-fine-car-on-sale.html","name":" Santro Zing Xs Full Option, Absolutely Fine Car On Sale","price":"9,75,000"},{"type":"cars","date":"2020-06-06","url":"i2174576-hyundai-i10-asta-grand.html","name":" Hyundai I10 Asta Grand","price":"22,00,000"},{"type":"cars","date":"2020-06-06","url":"i2113739-honda-civic-2008.html","name":" Honda Civic 2008","price":"24,00,000"},{"type":"cars","date":"2020-06-06","url":"i2165770-suzuki-swift.html","name":" Suzuki Swift","price":"19,50,000"},{"type":"cars","date":"2020-06-06","url":"i2128993-tata-indica-diesel-car-on-sell.html","name":" Tata Indica Diesel Car On Sell","price":"4,50,000"},{"type":"cars","date":"2020-06-06","url":"i2174287-hyundai-creta.html","name":" Hyundai Creta","price":"40,00,000"},{"type":"cars","date":"2020-06-06","url":"i2170080-bolero-pickup.html","name":" Bolero Pickup","price":"16,75,000"},{"type":"cars","date":"2020-06-06","url":"i2153576-volkswagen-polo-1-2.html","name":" Volkswagen Polo 1.2","price":"16,00,000"},{"type":"cars","date":"2020-06-06","url":"i2176114-santro-xing-2007.html","name":" Santro Xing 2007","price":"10,25,000"},{"type":"cars","date":"2020-06-06","url":"i2172718-isuzu-dmax-3-0.html","name":" Isuzu Dmax 3.0","price":"75,00,000"},{"type":"cars","date":"2020-06-06","url":"i2154762-matiz-car-fresh.html","name":" Matiz Car Fresh","price":"3,70,000"},{"type":"cars","date":"2020-06-06","url":"i2160500-mitsubishi-pajero-sport-2018-7seater-sunroof-like-brand-new.html","name":" Mitsubishi Pajero Sport 2018 7-seater Sunroof - Like Brand New","price":"1,35,00,000"},{"type":"cars","date":"2020-06-06","url":"i2153249-wagonr.html","name":" Wagonr","price":"7,50,000"},{"type":"cars","date":"2020-06-06","url":"i2168916-tempo.html","name":" Tempo","price":"5,50,000"},{"type":"cars","date":"2020-06-06","url":"i2131151-hyundai-i20-active-base-2018-model-only-7600-km-run.html","name":" Hyundai I20 Active Base 2018 Model Only 7600 Km Run","price":"29,25,000"},{"type":"cars","date":"2020-06-06","url":"i2173189-2018-scorpio-pickup.html","name":" 2018 Scorpio Pickup","price":"36,50,000"},{"type":"cars","date":"2020-06-06","url":"i2175004-single-handed-hyundai-creta-2015-sx-plus-petrol-on-sale.html","name":" Single Handed Hyundai Creta 2015 Sx+ Petrol On Sale","price":"39,00,000"},{"type":"cars","date":"2020-06-06","url":"i2169915-suzuki-baleno-delta-2016-sale-of-exchange-with-pick-up-truck.html","name":" Suzuki Baleno Delta 2016 Sale Of Exchange With Pick Up Truck","price":"22,00,000"},{"type":"cars","date":"2020-06-06","url":"i2174673-baleno-delta-2018.html","name":" Baleno Delta 2018","price":"25,50,000"},{"type":"cars","date":"2020-06-06","url":"i2173043-tata-xenon-2-2-for-sale.html","name":" Tata Xenon 2.2 For Sale","price":"25,50,000"},{"type":"cars","date":"2020-06-06","url":"i2172585-hyundai-grand-i10-automatic-transmission-1-2.html","name":" Hyundai Grand I10 Automatic Transmission 1.2","price":"25,50,000"},{"type":"cars","date":"2020-06-06","url":"i2173876-tata-safari-storme-4-x-4-vx-2019-only-11000-km.html","name":" Tata Safari Storme 4 X 4, Vx 2019, Only 11000 Km","price":"19,00,000"},{"type":"cars","date":"2020-06-06","url":"i2175569-santro-zip-drive.html","name":" Santro Zip Drive","price":"5,70,000"},{"type":"cars","date":"2020-06-06","url":"i2147297-land-cruiser.html","name":" Land Cruiser","price":"21,00,000"},{"type":"cars","date":"2020-06-06","url":"i2058698-hyundai-santro-urgent-sale.html","name":" Hyundai Santro Urgent Sale","price":"9,50,000"},{"type":"cars","date":"2020-06-06","url":"i2153924-tata-safari-dicor-2-2-vtt-7-sitter-family-car-urgernt-for-sale.html","name":" Tata Safari Dicor 2.2 Vtt 7 Sitter Family Car ( Urgernt For Sale)","price":"17,00,000"},{"type":"cars","date":"2020-06-06","url":"i2175251-for-sale.html","name":" For Sale","price":"21,00,000"},{"type":"cars","date":"2020-06-06","url":"i1963542-honda-stream-7-seater-blue-number-plate-for-sale.html","name":" Honda Stream 7 Seater Blue Number Plate For Sale","price":"11,20,000"},{"type":"cars","date":"2020-06-06","url":"i2171709-tata-winger-ac.html","name":" Tata Winger Ac","price":"15,50,000"},{"type":"cars","date":"2020-06-06","url":"i2172649-i-want-to-buy-mazda-3-2007.html","name":" I Want To Buy Mazda 3 (2007)","price":"14,00,000"},{"type":"cars","date":"2020-06-06","url":"i2168742-suzuki-japanese-vitara-4x4.html","name":" Suzuki Japanese Vitara 4x4","price":"8,50,000"},{"type":"cars","date":"2020-06-06","url":"i2164273-santro-car.html","name":" Santro Car","price":"4,75,500"},{"type":"cars","date":"2020-06-06","url":"i2106052-honda-city-2005-model.html","name":" Honda City 2005 Model","price":"9,75,000"},{"type":"cars","date":"2020-06-06","url":"i2150050-mazda-b2500-on-sale-or-exchange.html","name":" Mazda B2500 On Sale Or Exchange","price":"9,00,000"},{"type":"cars","date":"2020-06-06","url":"i2175556-maruti-suzuki-brezza-vdi-2016-for-sale.html","name":" Maruti Suzuki Brezza Vdi 2016 For Sale","price":"29,50,000"},{"type":"cars","date":"2020-06-06","url":"i2157648-renault-kwid-excellent-condition-car.html","name":" Renault Kwid Excellent Condition Car","price":"15,50,000"},{"type":"cars","date":"2020-06-06","url":"i2155243-ford-ikon-on-sales.html","name":" Ford Ikon On Sales","price":"4,50,000"},{"type":"cars","date":"2020-06-06","url":"i2173691-tata-nexon-xz-plus-for-sale.html","name":" Tata Nexon Xz + For Sale","price":"38,00,000"},{"type":"cars","date":"2020-06-06","url":"i2172286-maruti-suzuki-swift-2014-for-sale.html","name":" Maruti Suzuki Swift 2014 For Sale","price":"20,49,999"},{"type":"cars","date":"2020-06-06","url":"i2081948-ford-figo-titanium-2011-diesel.html","name":" Ford Figo Titanium 2011 Diesel","price":"11,50,000"},{"type":"cars","date":"2020-06-06","url":"i2159399-figo-on-sale.html","name":" Figo On Sale.","price":"10,75,000"},{"type":"cars","date":"2020-06-06","url":"i2170116-k10-alto.html","name":" K10 Alto","price":"10,00,000"},{"type":"cars","date":"2020-06-06","url":"i2171219-jeep.html","name":" Jeep","price":"22,50,225"},{"type":"cars","date":"2020-06-06","url":"i2126285-maruti-suzuki-swift-lxi.html","name":" Maruti Suzuki Swift Lxi","price":"11,50,000"},{"type":"cars","date":"2020-06-06","url":"i2174623-argent-bigrema-alto-car.html","name":" Argent Bigrema Alto Car","price":"5,50,000"},{"type":"cars","date":"2020-06-06","url":"i2149300-brezza.html","name":" Brezza","price":"32,00,000"},{"type":"cars","date":"2020-06-06","url":"i1997918-mahindra-jeep-mm-550-xdb.html","name":" Mahindra Jeep Mm 550 Xdb","price":"14,50,000"},{"type":"cars","date":"2020-06-06","url":"i2110793-mercedes-car-sale.html","name":" Mercedes Car Sale","price":"15,00,000"},{"type":"cars","date":"2020-06-06","url":"i2172900-i20-asta.html","name":" I20 Asta","price":"15,50,000"},{"type":"cars","date":"2020-06-06","url":"i2173964-hyundai-tucson-2013-model.html","name":" Hyundai Tucson 2013 Model","price":"39,00,000"},{"type":"cars","date":"2020-06-06","url":"i2027869-toyota-qualis-8-seater-jeep.html","name":" Toyota Qualis 8 Seater Jeep","price":"9,00,000"},{"type":"cars","date":"2020-06-06","url":"i2156501-eon-era-plus.html","name":" Eon Era Plus","price":"10,50,000"},{"type":"cars","date":"2020-06-06","url":"i2147854-fiesta1-5-full-option.html","name":" Fiesta1.5 Full Option","price":"17,00,000"},{"type":"cars","date":"2020-06-06","url":"i2168327-baleno-zeta-urgent-sale-one-hand.html","name":" Baleno Zeta Urgent Sale One Hand","price":"22,50,000"},{"type":"cars","date":"2020-06-06","url":"i1929511-toyota-lexus-rs-350-f-sport.html","name":" Toyota Lexus Rs 350 F Sport","price":"3,68,00,000"},{"type":"cars","date":"2020-06-06","url":"i2172722-mazda-3.html","name":" Mazda 3","price":"26,00,000"},{"type":"cars","date":"2020-06-06","url":"i2171682-excellent-condition-swift-vxi.html","name":" Excellent Condition Swift Vxi","price":"11,00,000"},{"type":"cars","date":"2020-06-06","url":"i2174723-fiat-sedan.html","name":" Fiat Sedan","price":"11,50,000"},{"type":"cars","date":"2020-06-06","url":"i2156079-getz-car-for-sale.html","name":" Getz Car For Sale","price":"6,75,000"},{"type":"cars","date":"2020-06-06","url":"i2172166-rabin-shrestha.html","name":" Rabin Shrestha","price":"12,75,000"},{"type":"cars","date":"2020-06-06","url":"i2159762-excellent-condition-hyundai-grand-i10-megna-2016.html","name":" Excellent Condition Hyundai Grand I10 Megna 2016","price":"20,00,000"},{"type":"cars","date":"2020-06-06","url":"i2175564-suzuki-ba20cha9246.html","name":" Suzuki Ba20cha9246","price":"8,20,000"},{"type":"cars","date":"2020-06-06","url":"i2080706-fresh-alto-on-sale.html","name":" Fresh Alto On Sale","price":"4,99,999"},{"type":"cars","date":"2020-06-06","url":"i2171453-hyundai-i10-era-for-sale.html","name":" Hyundai I10 Era For Sale","price":"13,00,000"},{"type":"cars","date":"2020-06-06","url":"i2146609-ford-ecosport-trend.html","name":" Ford Ecosport Trend","price":"21,50,000"},{"type":"cars","date":"2020-06-06","url":"i2169832-maruti-zen-on-sale.html","name":" Maruti Zen On Sale","price":"4,00,000"},{"type":"cars","date":"2020-06-06","url":"i2165326-nissan-sunny-on-sale.html","name":" Nissan Sunny On Sale","price":"23,00,000"},{"type":"cars","date":"2020-06-06","url":"i2139234-xuv-500.html","name":" Xuv 500","price":"28,45,000"},{"type":"cars","date":"2020-06-06","url":"i2169016-eeco-van-on-sale.html","name":" Eeco Van On Sale","price":"16,50,000"},{"type":"cars","date":"2020-06-06","url":"i2139039-hyundai-i20-asta.html","name":" Hyundai I20 Asta","price":"15,90,000"},{"type":"cars","date":"2020-06-06","url":"i2138659-single-handed-ecosport-titanium-ecoboost-2014-on-sale.html","name":" Single Handed Ecosport Titanium (ecoboost) 2014 On Sale","price":"22,50,000"},{"type":"cars","date":"2020-06-06","url":"i2152156-2003-excellent-condition-nissan-xtrail-on-sale.html","name":" 2003 Excellent Condition Nissan Xtrail On Sale","price":"18,50,000"},{"type":"cars","date":"2020-06-06","url":"i2167681-maruti-suzuki-swift-dezire-zxi-full-options.html","name":" Maruti Suzuki Swift Dezire Zxi(full Options)","price":"16,00,000"},{"type":"cars","date":"2020-06-06","url":"i2173886-tata-di-double-cabin.html","name":" Tata Di Double Cabin","price":"4,50,000"},{"type":"cars","date":"2020-06-06","url":"i2140727-new-on-test-scorpio-s10.html","name":" New On Test , Scorpio S10,","price":"38,00,000"},{"type":"cars","date":"2020-06-06","url":"i2169811-terios-sx-2002.html","name":" Terios Sx 2002","price":"14,75,000"},{"type":"cars","date":"2020-06-06","url":"i2176187-1345.html","name":" 1345","price":"18,00,000"},{"type":"cars","date":"2020-06-06","url":"i2155980-santro-xing-semi-option-car-on-sale.html","name":" Santro Xing Semi Option Car On Sale!","price":"7,75,000"},{"type":"cars","date":"2020-06-06","url":"i2175264-on-sale.html","name":" On Sale","price":"21,00,000"},{"type":"cars","date":"2020-06-06","url":"i2157312-kia-picanto-2011-model-45000-km.html","name":" Kia Picanto 2011 Model 45000 Km","price":"14,50,000"},{"type":"cars","date":"2020-06-06","url":"i2169998-volkswagen-vento-1-6.html","name":" Volkswagen Vento 1.6","price":"18,00,000"},{"type":"cars","date":"2020-06-06","url":"i2173644-scorpio-s4-mahindra-new-model.html","name":" Scorpio S4 Mahindra New Model","price":"28,00,000"},{"type":"cars","date":"2020-06-06","url":"i2101282-mahindra-scorpio.html","name":" Mahindra Scorpio","price":"8,00,000"},{"type":"cars","date":"2020-06-06","url":"i2174642-for-rent-yodha-di.html","name":" For Rent Yodha (di)","price":"15,000"},{"type":"cars","date":"2020-06-06","url":"i2043773-chevrolet-optra-2004.html","name":" Chevrolet Optra 2004","price":"8,50,000"},{"type":"cars","date":"2020-06-06","url":"i2172012-for-sale.html","name":" For Sale","price":"36,50,000"},{"type":"cars","date":"2020-06-06","url":"i2176339-toyota-corolla-lx.html","name":" Toyota Corolla Lx","price":"20,00,000"},{"type":"cars","date":"2020-06-06","url":"i2164270-hyundai-santro-2001.html","name":" Hyundai Santro 2001","price":"5,00,000"},{"type":"cars","date":"2020-06-06","url":"i2072328-excellent-condition-swift-dzire-car.html","name":" Excellent Condition Swift Dzire Car","price":"19,00,000"},{"type":"cars","date":"2020-06-06","url":"i2157008-tata-tiago-xz-2017.html","name":" Tata Tiago Xz 2017","price":"22,00,000"},{"type":"cars","date":"2020-06-06","url":"i2171392-maruti-suzuki-zen-2001-for-sale.html","name":" Maruti Suzuki Zen 2001 For Sale","price":"4,50,000"},{"type":"cars","date":"2020-06-06","url":"i2122064-nissan.html","name":" Nissan","price":"15,00,000"},{"type":"cars","date":"2020-06-06","url":"i2129576-daihatsu-terios-4x4.html","name":" Daihatsu Terios 4x4","price":"11,00,000"},{"type":"cars","date":"2020-06-06","url":"i2158798-toyota-yaris.html","name":" Toyota Yaris","price":"14,00,000"},{"type":"cars","date":"2020-06-06","url":"i2173037-maruti-suzuki-wagnor-vxi-for-sale.html","name":" Maruti Suzuki Wagnor Vxi For Sale","price":"18,75,000"},{"type":"cars","date":"2020-06-06","url":"i2119830-fresh-tara-safari-storme-lx-2013-model-for-sale.html","name":" Fresh Tara Safari Storme Lx 2013 Model For Sale","price":"20,50,000"},{"type":"cars","date":"2020-06-06","url":"i2173278-tata-ace-ht.html","name":" Tata Ace Ht","price":"7,50,000"},{"type":"cars","date":"2020-06-06","url":"i2172692-2009-singlehand-indigo-cs-sedan-full-option.html","name":" 2009 Singlehand Indigo Cs Sedan Full Option","price":"6,99,000"},{"type":"cars","date":"2020-06-06","url":"i2167484-ford-ecosport-1-0-turbo-eco-boost-system-fully-loaded.html","name":" Ford Ecosport 1.0 Turbo Eco Boost System Fully Loaded","price":"26,50,000"},{"type":"cars","date":"2020-06-06","url":"i2154729-tata-vista-saffire-d-90.html","name":" Tata Vista Saffire D 90","price":"10,50,000"},{"type":"cars","date":"2020-06-06","url":"i2164904-ford-fiesta-style-titanium-2014-for-sale.html","name":" Ford Fiesta Style Titanium 2014 For Sale","price":"21,50,000"},{"type":"cars","date":"2020-06-06","url":"i2168324-zotye-urgent-sale.html","name":" Zotye Urgent Sale","price":"7,50,000"},{"type":"cars","date":"2020-06-06","url":"i2172732-mahindra-bolero-pickup-on-sale.html","name":" Mahindra Bolero Pickup On Sale!","price":"11,00,000"},{"type":"cars","date":"2020-06-06","url":"i2174694-mint-condition-kia-picanto-model-201617.html","name":" Mint Condition Kia Picanto Model 2016-17","price":"18,50,000"},{"type":"cars","date":"2020-06-06","url":"i2031889-volkswagen-polo.html","name":" Volkswagen Polo","price":"15,50,000"},{"type":"cars","date":"2020-06-06","url":"i2168093-super-fresh-condition-kia-rio-ls-on-sale-at-low-cost.html","name":" Super Fresh Condition Kia Rio Ls On Sale At Low Cost","price":"5,20,000"},{"type":"cars","date":"2020-06-06","url":"i2172699-nissan-xtrial-sunroof-6-airbags-with-cruise-control.html","name":" Nissan Xtrial Sunroof 6 Airbags With Cruise Control","price":"39,50,000"},{"type":"cars","date":"2020-06-06","url":"i2162691-tata-nexon-xz-plus-diesel-for-sale.html","name":" Tata Nexon Xz+ Diesel For Sale","price":"40,00,000"},{"type":"cars","date":"2020-06-06","url":"i2168488-maruti-suzuki-omni-cargo-van-2018-19-lot-for-sale.html","name":" Maruti Suzuki Omni Cargo Van 2018 (19 Lot) For Sale","price":"8,75,000"},{"type":"cars","date":"2020-06-06","url":"i2107604-hyundai-eon-magna-plus-2015.html","name":" Hyundai Eon Magna+ 2015","price":"13,00,000"},{"type":"cars","date":"2020-06-06","url":"i2111366-mahindra-scorpio-vlx.html","name":" Mahindra Scorpio Vlx","price":"18,60,000"},{"type":"cars","date":"2020-06-06","url":"i2128152-2017-kwid-on-sale.html","name":" 2017 Kwid On Sale","price":"17,50,000"},{"type":"cars","date":"2020-06-06","url":"i2160240-toyota-hilux.html","name":" Toyota Hilux","price":"14,50,000"},{"type":"cars","date":"2020-06-06","url":"i2125215-ford-fiesta-classic-2014.html","name":" Ford Fiesta Classic 2014","price":"11,50,000"},{"type":"cars","date":"2020-06-06","url":"i2149221-i20-hunday-like-new.html","name":" I20 Hunday Like New","price":"15,50,000"},{"type":"cars","date":"2020-06-06","url":"i2172638-scorpio-s2-2014-new-looks.html","name":" Scorpio S2 2014 New Looks","price":"23,75,000"},{"type":"cars","date":"2020-06-06","url":"i2172394-mahindra-scorpio-lx-2014.html","name":" Mahindra Scorpio Lx 2014","price":"18,00,000"},{"type":"cars","date":"2020-06-06","url":"i2146648-hyundai-i10-magna.html","name":" Hyundai I10 Magna","price":"12,00,000"},{"type":"cars","date":"2020-06-06","url":"i2049773-land-rover-td5-for-sell.html","name":" Land Rover Td5 For Sell","price":"40,00,000"},{"type":"cars","date":"2020-06-06","url":"i2171371-selling-vehicle.html","name":" Selling Vehicle","price":"45,00,000"},{"type":"cars","date":"2020-06-06","url":"i2167898-land-rover-freelander-2.html","name":" Land Rover Freelander 2","price":"79,00,000"},{"type":"cars","date":"2020-06-06","url":"i1992401-toyato-land-cruiser-prado-tx.html","name":" Toyato Land Cruiser Prado Tx","price":"1,85,00,000"},{"type":"cars","date":"2020-06-06","url":"i2080424-mitsubishi-pajero-1998-model-on-sale.html","name":" Mitsubishi Pajero 1998 Model On Sale","price":"15,00,000"},{"type":"cars","date":"2020-06-06","url":"i2172921-tata-vista-quadrjet.html","name":" Tata Vista Quadrjet","price":"11,50,000"},{"type":"cars","date":"2020-06-06","url":"i1815643-ford-raptor-a-t.html","name":" Ford Raptor A/t","price":"1,49,00,000"},{"type":"cars","date":"2020-06-06","url":"i2173028-creta-e-plus-for-sale.html","name":" Creta E+ For Sale","price":"37,00,000"},{"type":"cars","date":"2020-06-06","url":"i2131726-santro-2010-xing-gls.html","name":" Santro 2010 Xing Gls","price":"11,50,000"},{"type":"cars","date":"2020-06-06","url":"i2160404-maruti-suzuki-800.html","name":" Maruti Suzuki 800","price":"5,00,000"},{"type":"cars","date":"2020-06-06","url":"i2149278-creta-base-model-2019.html","name":" Creta Base Model- 2019","price":"43,25,000"},{"type":"cars","date":"2020-06-06","url":"i2120229-scorpio.html","name":" Scorpio","price":"23,00,000"},{"type":"cars","date":"2020-06-06","url":"i2109764-hyundai-tucson-2009-urgent-sale.html","name":" Hyundai Tucson 2009 Urgent Sale","price":"26,50,000"},{"type":"cars","date":"2020-06-06","url":"i2168147-tata-mini-bus-712.html","name":" Tata Mini Bus 712","price":"23,00,000"},{"type":"cars","date":"2020-06-06","url":"i2172679-excellent-2013-honda-amaze-steering-control-ful-option.html","name":" Excellent 2013 Honda Amaze Steering Control Ful Option","price":"15,99,000"},{"type":"cars","date":"2020-06-06","url":"i2155256-mahindra-pikup-4-wheller.html","name":" Mahindra Pikup 4 Wheller","price":"18,00,000"},{"type":"cars","date":"2020-06-06","url":"i2165480-maruti-zen-on-sale.html","name":" Maruti Zen On Sale","price":"7,50,000"},{"type":"cars","date":"2020-06-06","url":"i2173867-bolero-flat-body-2016.html","name":" Bolero Flat Body 2016","price":"14,50,000"},{"type":"cars","date":"2020-06-06","url":"i2176151-2014-model-tipper-on-sale.html","name":" 2014 Model Tipper On Sale","price":"16,00,000"},{"type":"cars","date":"2020-06-06","url":"i2150266-mini-jeep-zyote-with-partial-finance-facility.html","name":" Mini Jeep Zyote ( With Partial Finance Facility)","price":"10,50,000"},{"type":"cars","date":"2020-06-06","url":"i2125497-bolero-jeep-4wd-2016.html","name":" Bolero Jeep 4wd 2016","price":"21,50,000"},{"type":"cars","date":"2020-06-06","url":"i2094225-san-storm-roadster-convertible.html","name":" San Storm Roadster Convertible","price":"12,50,000"},{"type":"cars","date":"2020-06-06","url":"i2158932-tata-indica-2006-in-damauli-tanahun.html","name":" Tata Indica 2006 In Damauli Tanahun","price":"4,50,000"},{"type":"cars","date":"2020-06-06","url":"i2102301-nissan-pickup.html","name":" Nissan Pickup","price":"5,25,000"},{"type":"cars","date":"2020-06-06","url":"i2175920-japan-is-toyota-jeep-sale.html","name":" Japan Is Toyota Jeep Sale","price":"16,00,000"},{"type":"cars","date":"2020-06-06","url":"i2174107-sale-of-cargo-van-omni.html","name":" Sale Of Cargo Van (omni)","price":"4,95,000"},{"type":"cars","date":"2020-06-06","url":"i2175939-fiat-linea-sell-and-exchange.html","name":" Fiat Linea Sell And Exchange","price":"12,50,000"},{"type":"cars","date":"2020-06-06","url":"i2171768-2008-dec-spark-lt-on-sale.html","name":" 2008 Dec Spark Lt On Sale","price":"6,00,000"},{"type":"cars","date":"2020-06-06","url":"i2171343-tata-tipar.html","name":" Tata Tipar","price":"9,50,000"},{"type":"cars","date":"2020-06-06","url":"i2133047-kia-rio.html","name":" Kia Rio","price":"4,75,000"},{"type":"cars","date":"2020-06-06","url":"i2060449-honda-city-smt-on-sale.html","name":" Honda City Smt On Sale","price":"25,50,000"},{"type":"cars","date":"2020-06-06","url":"i2149165-jimny-3-door-suv.html","name":" Jimny 3 Door Suv","price":"17,25,000"},{"type":"cars","date":"2020-06-06","url":"i2162381-tata-indica-on-sell.html","name":" Tata Indica On Sell","price":"5,99,999"},{"type":"cars","date":"2020-06-06","url":"i2173783-2012-skoda-fabia-with-volkswagen-polo-engine-full-option.html","name":" 2012 Skoda Fabia With Volkswagen Polo Engine Full Option","price":"11,25,000"},{"type":"cars","date":"2020-06-06","url":"i2156147-bolero-double-cap-4-wheeler.html","name":" Bolero Double Cap 4 Wheeler","price":"15,50,000"},{"type":"cars","date":"2020-06-06","url":"i2081654-suzuki-s-presso-std.html","name":" Suzuki S Presso Std","price":"22,99,000"},{"type":"cars","date":"2020-06-06","url":"i2116018-toyota-corolla.html","name":" Toyota Corolla","price":"6,00,000"},{"type":"cars","date":"2020-06-06","url":"i2149225-cross-polo-highline-1-6.html","name":" Cross Polo Highline 1.6","price":"25,00,000"},{"type":"cars","date":"2020-06-06","url":"i2053891-toyota-car-for-sale-urgent.html","name":" Toyota Car For Sale - Urgent","price":"5,75,000"},{"type":"cars","date":"2020-06-06","url":"i2039355-hyundai-tucson.html","name":" Hyundai Tucson","price":"23,50,000"},{"type":"cars","date":"2020-06-06","url":"i2144099-single-handed-kia-sportage-2018-model-on-sale.html","name":" Single Handed Kia Sportage 2018 Model On Sale","price":"54,50,000"},{"type":"cars","date":"2020-06-06","url":"i2110748-tata-tigor-xt.html","name":" Tata Tigor Xt","price":"20,75,000"},{"type":"cars","date":"2020-06-06","url":"i2104670-ecosport-trend-1500-cc.html","name":" Ecosport Trend 1500 Cc","price":"23,00,000"},{"type":"cars","date":"2020-06-06","url":"i2173493-hyundai-santro.html","name":" Hyundai Santro","price":"9,99,000"},{"type":"cars","date":"2020-06-06","url":"i2174971-dihatsu-on-sale-model-1988-c-c16oo.html","name":" Dihatsu On Sale Model 1988 C.c16oo","price":"7,25,000"},{"type":"cars","date":"2020-06-06","url":"i2014887-nissan-sunny-2013-new-model.html","name":" Nissan Sunny 2013 New Model","price":"19,75,000"},{"type":"cars","date":"2020-06-06","url":"i2168046-grand-i10-sportz-only-2700-kms-ran-end2018-model.html","name":" Grand I10 Sportz Only 2700 Kms Ran End-2018 Model","price":"27,50,000"},{"type":"cars","date":"2020-06-06","url":"i2153394-ford-classic-1399-cc-variant.html","name":" Ford Classic 1399 Cc Variant","price":"15,00,000"},{"type":"cars","date":"2020-06-06","url":"i2143531-super-ace.html","name":" Super Ace","price":"4,00,000"},{"type":"cars","date":"2020-06-06","url":"i2064417-toyota-fortuner.html","name":" Toyota Fortuner","price":"70,00,000"},{"type":"cars","date":"2020-06-06","url":"i2129335-toyota-qualis-jeep-2500-cc.html","name":" Toyota Qualis Jeep 2500 Cc","price":"10,50,000"},{"type":"cars","date":"2020-06-06","url":"i2174290-nissan-navara-d22-pickup-like-hilux.html","name":" Nissan Navara D22 Pickup Like Hilux","price":"19,75,000"},{"type":"cars","date":"2020-06-06","url":"i2167986-skoda-rapid-2016-urgent-sale.html","name":" Skoda Rapid 2016 Urgent Sale","price":"21,00,000"},{"type":"cars","date":"2020-06-06","url":"i2150583-hyundai-accent.html","name":" Hyundai Accent","price":"13,00,000"},{"type":"cars","date":"2020-06-06","url":"i2159161-zen-for-sell.html","name":" Zen For Sell","price":"4,00,000"},{"type":"cars","date":"2020-06-06","url":"i2134072-fresh-santro-xing-for-salee.html","name":" Fresh Santro Xing For Salee.","price":"9,50,000"},{"type":"cars","date":"2020-06-06","url":"i2142617-ford-figo-exi-2012.html","name":" Ford Figo Exi 2012","price":"10,25,000"},{"type":"cars","date":"2020-06-06","url":"i2161496-santro.html","name":" Santro","price":"12,00,000"},{"type":"cars","date":"2020-06-06","url":"i2138720-creta-white-sx-plus-no-bargain-plz-fixed.html","name":" Creta White Sx Plus( No Bargain) Plz.fixed","price":"38,00,000"},{"type":"cars","date":"2020-06-06","url":"i2138558-mitsubishi-pajero-gls-lwb-44-on-sale.html","name":" Mitsubishi Pajero Gls Lwb (44) On Sale","price":"25,00,000"},{"type":"cars","date":"2020-06-06","url":"i2096402-skoda-rapid-on-sale-2014-model.html","name":" Skoda Rapid On Sale(2014 Model)","price":"16,50,000"},{"type":"cars","date":"2020-06-06","url":"i2124005-kuv-100-k6-d75-2016.html","name":" Kuv 100 K6 D75 2016","price":"19,50,000"},{"type":"cars","date":"2020-06-06","url":"i2164899-fiat-avventura-1-4-dynamic-petrol-for-sale.html","name":" Fiat Avventura 1.4 Dynamic Petrol For Sale","price":"19,50,000"},{"type":"cars","date":"2020-06-06","url":"i2138776-hyundai-santro-2003-for-sale-good-condition.html","name":" Hyundai Santro 2003 For Sale - Good Condition","price":"6,25,000"},{"type":"cars","date":"2020-06-06","url":"i2172217-auto-gear-hyundai-santa-on-sell.html","name":" Auto Gear Hyundai Santa On Sell","price":"26,75,000"},{"type":"cars","date":"2020-06-06","url":"i2132699-nissan-terrano-1997-full-option-fwd-all-new-tyres.html","name":" Nissan Terrano 1997 Full Option Fwd All New Tyres","price":"7,75,000"},{"type":"cars","date":"2020-06-06","url":"i2144864-air-bus-suspension-tata1512.html","name":" Air Bus Suspension Tata1512","price":"25,00,000"},{"type":"cars","date":"2020-06-06","url":"i2149585-brand-new-grand-i10-magna-2018-model-for-sale.html","name":" Brand New Grand I10 Magna 2018 Model For Sale","price":"27,50,000"},{"type":"cars","date":"2020-06-06","url":"i2103214-ford-ecosport-2018-model-d-white.html","name":" Ford Ecosport 2018 Model D. White","price":"36,50,000"},{"type":"cars","date":"2020-06-06","url":"i2133073-fortuner-2017-at.html","name":" Fortuner 2017 At","price":"1,50,00,000"}]