[{"type":"cars","date":"2020-07-02","url":"i2193809-suzuki-ignis-2004.html","name":" Suzuki Ignis 2004","price":"7,25,000"},{"type":"cars","date":"2020-07-02","url":"i2183936-2004-kia-carens-7-seat-suv.html","name":" 2004 Kia Carens 7 Seat Suv","price":"6,90,000"},{"type":"cars","date":"2020-07-02","url":"i2184014-suzuki-dzire-2017.html","name":" Suzuki Dzire 2017","price":"25,00,000"},{"type":"cars","date":"2020-07-02","url":"i2187278-2015-hyundai-verna-1-6-s-0.html","name":" 2015 Hyundai Verna 1.6 S (0)","price":"28,50,000"},{"type":"cars","date":"2020-07-02","url":"i2197277-maruti-suzuki-alto-800.html","name":" Maruti Suzuki Alto 800","price":"8,37,777"},{"type":"cars","date":"2020-07-02","url":"i2202145-swift-vxi-single-handed-till-date.html","name":" Swift Vxi Single Handed Till Date","price":"13,99,999"},{"type":"cars","date":"2020-07-02","url":"i2196282-ford-figo-2012-on-sale.html","name":" Ford Figo 2012 On Sale","price":"11,25,000"},{"type":"cars","date":"2020-07-02","url":"i2181731-excellent-swift-dzire-2013-vxi-on-sale.html","name":" Excellent Swift Dzire 2013 Vxi On Sale","price":"18,50,000"},{"type":"cars","date":"2020-07-02","url":"i2183805-tata-indica-ev2.html","name":" Tata Indica Ev2","price":"8,60,000"},{"type":"cars","date":"2020-07-02","url":"i2197406-mahindra-scorpio-4-wd-8-9-seater-for-sale-full-option.html","name":" Mahindra Scorpio 4 Wd 8/9 Seater For Sale Full Option","price":"24,80,000"},{"type":"cars","date":"2020-07-02","url":"i2199187-toyota-1988-car-on-sale.html","name":" Toyota 1988 Car On Sale","price":"4,00,000"},{"type":"cars","date":"2020-07-02","url":"i2187221-tata-sumo-on-sell.html","name":" Tata Sumo On Sell","price":"4,25,000"},{"type":"cars","date":"2020-07-02","url":"i2200857-swift-zxi.html","name":" Swift Zxi","price":"18,50,000"},{"type":"cars","date":"2020-07-02","url":"i2189316-hyundai-i10-magna-2010-for-sale.html","name":" Hyundai I10 Magna 2010 For Sale","price":"14,00,000"},{"type":"cars","date":"2020-07-02","url":"i2177254-mercedes-benz-on-sale.html","name":" Mercedes Benz On Sale","price":"10,00,000"},{"type":"cars","date":"2020-07-02","url":"i2194676-aventura-affordable.html","name":" Aventura Affordable","price":"17,50,000"},{"type":"cars","date":"2020-07-02","url":"i2192797-hyundai-santro-2006.html","name":" Hyundai Santro 2006","price":"8,55,000"},{"type":"cars","date":"2020-07-02","url":"i2168656-hyundai-i20-asta.html","name":" Hyundai I20 Asta","price":"17,00,000"},{"type":"cars","date":"2020-07-02","url":"i2189368-zen.html","name":" Zen","price":"7,50,000"},{"type":"cars","date":"2020-07-02","url":"i2202087-kia-soul-ev-owner-driven.html","name":" Kia Soul Ev (owner Driven)","price":"45,00,000"},{"type":"cars","date":"2020-07-02","url":"i2195425-toyota-landcruiser-hj60-4wd.html","name":" Toyota Landcruiser Hj60 4wd","price":"13,00,000"},{"type":"cars","date":"2020-07-02","url":"i2199147-rio-sedan-car.html","name":" Rio Sedan Car","price":"7,15,000"},{"type":"cars","date":"2020-07-02","url":"i2198085-suzuki-s-cross-for-sale.html","name":" Suzuki S- Cross For Sale","price":"29,00,000"},{"type":"cars","date":"2020-07-02","url":"i2183736-gypsy-king.html","name":" Gypsy King","price":"6,00,000"},{"type":"cars","date":"2020-07-02","url":"i2172722-mazda-3.html","name":" Mazda 3","price":"26,00,000"},{"type":"cars","date":"2020-07-02","url":"i2191075-cargo-van.html","name":" Cargo Van","price":"3,95,000"},{"type":"cars","date":"2020-07-02","url":"i2192379-swift.html","name":" Swift","price":"9,00,000"},{"type":"cars","date":"2020-07-02","url":"i2183494-toyota-hilux.html","name":" Toyota Hilux","price":"70,00,000"},{"type":"cars","date":"2020-07-02","url":"i2200476-honda-amaze-car-selling.html","name":" Honda Amaze Car Selling","price":"18,50,000"},{"type":"cars","date":"2020-07-02","url":"i2197909-honda-city-zx-10th-anniversary-edition.html","name":" Honda City Zx 10th Anniversary Edition","price":"14,50,000"},{"type":"cars","date":"2020-07-02","url":"i2201483-zen-lx-ac-car.html","name":" Zen Lx Ac Car","price":"5,40,000"},{"type":"cars","date":"2020-07-02","url":"i2200860-terios.html","name":" Terios","price":"23,00,000"},{"type":"cars","date":"2020-07-02","url":"i2197169-ford-figo-titanium.html","name":" Ford Figo Titanium","price":"11,99,999"},{"type":"cars","date":"2020-07-02","url":"i2195789-eon.html","name":" Eon","price":"12,50,000"},{"type":"cars","date":"2020-07-02","url":"i2194036-outlander.html","name":" Outlander","price":"100"},{"type":"cars","date":"2020-07-02","url":"i2187579-single-handed-kia-rio-sadan.html","name":" Single Handed Kia Rio Sadan","price":"5,70,000"},{"type":"cars","date":"2020-07-02","url":"i2196521-datsun-go-2015.html","name":" Datsun Go 2015","price":"13,50,000"},{"type":"cars","date":"2020-07-02","url":"i2195563-santro.html","name":" Santro","price":"5,75,000"},{"type":"cars","date":"2020-07-02","url":"i2193601-kia-picanto-2007.html","name":" Kia Picanto 2007","price":"8,00,000"},{"type":"cars","date":"2020-07-02","url":"i2203324-kia-picanto-2004.html","name":" Kia Picanto 2004","price":"6,50,000"},{"type":"cars","date":"2020-07-02","url":"i2194220-hyundai-i20-asta-dual-tone.html","name":" Hyundai I20 Asta Dual Tone","price":"29,00,000"},{"type":"cars","date":"2020-07-02","url":"i2193554-ford-ecosports-trend.html","name":" Ford Ecosports Trend","price":"25,25,000"},{"type":"cars","date":"2020-07-02","url":"i2190168-ford-figo-trend-fresh-18-lot-21-000-km-run-car-on-sale.html","name":" Ford Figo Trend (fresh - 18 Lot | 21,000 Km Run) Car On Sale","price":"19,50,000"},{"type":"cars","date":"2020-07-02","url":"i2189770-bolero-pickup-on-sale.html","name":" Bolero Pickup On Sale","price":"12,25,000"},{"type":"cars","date":"2020-07-02","url":"i2196451-swift-vxi.html","name":" Swift Vxi","price":"14,20,000"},{"type":"cars","date":"2020-07-02","url":"i2181997-tata-vista-quadrajet-2010-model.html","name":" Tata Vista Quadrajet 2010 Model","price":"10,50,000"},{"type":"cars","date":"2020-07-02","url":"i2180109-kia-picanto.html","name":" Kia Picanto","price":"11,50,000"},{"type":"cars","date":"2020-07-02","url":"i2193179-mazda-3.html","name":" Mazda 3","price":"14,00,000"},{"type":"cars","date":"2020-07-02","url":"i2194574-suzuki-baleno-alpha-car-for-sale.html","name":" Suzuki Baleno Alpha Car For Sale","price":"24,50,000"},{"type":"cars","date":"2020-07-02","url":"i2185856-2014-datsun-go-driven-for-only-39-000-km-w-full-service-history.html","name":" 2014 Datsun Go (driven For Only 39,000 Km, W/ Full Service History)   \n        8 / 10","price":"11,25,000"},{"type":"cars","date":"2020-07-02","url":"i2193733-maruti-suzuki-alto-800-in-sale.html","name":" Maruti Suzuki Alto 800 In Sale","price":"6,00,000"},{"type":"cars","date":"2020-07-02","url":"i2164807-alto-car-vxi-1100cc-full-option.html","name":" Alto Car Vxi 1100cc Full Option","price":"7,00,000"},{"type":"cars","date":"2020-07-02","url":"i2190420-sumo-gold.html","name":" Sumo Gold","price":"16,50,000"},{"type":"cars","date":"2020-07-02","url":"i2198526-scorpio-s4-2014-single-handed.html","name":" Scorpio S4 2014 Single Handed","price":"29,50,000"},{"type":"cars","date":"2020-07-02","url":"i2202529-swift-zxi-2016-full-option-car-for-sale.html","name":" Swift Zxi 2016 Full Option Car For Sale","price":"23,75,000"},{"type":"cars","date":"2020-07-02","url":"i2196455-alto-lxi-2015-model.html","name":" Alto Lxi 2015 Model","price":"12,50,000"},{"type":"cars","date":"2020-07-02","url":"i2189962-maruti-omni-van-on-sale-urgent.html","name":" Maruti Omni Van On Sale Urgent","price":"6,50,000"},{"type":"cars","date":"2020-07-02","url":"i2196759-scorpio.html","name":" Scorpio","price":"43,00,000"},{"type":"cars","date":"2020-07-02","url":"i2189715-school-van-on-sale.html","name":" School Van On Sale","price":"4,00,000"},{"type":"cars","date":"2020-07-02","url":"i2181833-well-maintained-maruti-astar-vxi-2009-model-for-sale.html","name":" Well Maintained Maruti Astar Vxi 2009 Model For Sale","price":"10,50,000"},{"type":"cars","date":"2020-07-02","url":"i2177874-tata-nexon-xm.html","name":" Tata Nexon Xm","price":"28,50,000"},{"type":"cars","date":"2020-07-02","url":"i2177197-datsun-go-excellent-condition-single-handed-home-used-car.html","name":" Datsun Go Excellent Condition Single Handed Home Used Car","price":"15,75,000"},{"type":"cars","date":"2020-07-02","url":"i2203271-tata-xenon.html","name":" Tata Xenon","price":"12,00,000"},{"type":"cars","date":"2020-07-02","url":"i2191830-scorpio.html","name":" Scorpio","price":"48,00,000"},{"type":"cars","date":"2020-07-02","url":"i2198935-kia-picanto-2010-model-on-sale.html","name":" Kia Picanto 2010 Model On Sale","price":"11,25,000"},{"type":"cars","date":"2020-07-02","url":"i2197738-maruti-omni-van.html","name":" Maruti Omni Van","price":"6,00,000"},{"type":"cars","date":"2020-07-02","url":"i2191172-japanese-isuzu-bighorn.html","name":" Japanese Isuzu Bighorn","price":"2,25,000"},{"type":"cars","date":"2020-07-02","url":"i2178756-maruti-800.html","name":" Maruti 800","price":"4,65,000"},{"type":"cars","date":"2020-07-02","url":"i2183943-i10era-sale.html","name":" I10era Sale","price":"11,10,000"},{"type":"cars","date":"2020-07-02","url":"i2193845-tata-nano.html","name":" Tata Nano","price":"3,80,000"},{"type":"cars","date":"2020-07-02","url":"i2196742-kia-rio-2004.html","name":" Kia Rio 2004","price":"6,50,000"},{"type":"cars","date":"2020-07-02","url":"i2187204-opel-corsa-car-on-sell.html","name":" Opel Corsa Car On Sell","price":"4,80,000"},{"type":"cars","date":"2020-07-02","url":"i2188353-creta-sx-plus-for-sale.html","name":" Creta Sx Plus For Sale","price":"41,90,000"},{"type":"cars","date":"2020-07-02","url":"i2192375-alto-maruti-suzuki-lxi-2018.html","name":" Alto Maruti Suzuki Lxi 2018","price":"15,90,000"},{"type":"cars","date":"2020-07-02","url":"i2032467-freelander-lr2.html","name":" Freelander Lr2","price":"55,00,000"},{"type":"cars","date":"2020-07-02","url":"i2194472-swift-dzire-zxi-2015.html","name":" Swift Dzire Zxi 2015","price":"23,25,000"},{"type":"cars","date":"2020-07-02","url":"i2201280-volkswagen-polo-trendline-1-2-2012-model-on-sale.html","name":" Volkswagen Polo Trendline 1.2 2012 Model On Sale","price":"14,25,000"},{"type":"cars","date":"2020-07-02","url":"i2193203-kia-soul-diesel-2014-single-handed.html","name":" Kia Soul Diesel 2014 Single Handed","price":"29,50,000"},{"type":"cars","date":"2020-07-02","url":"i2186598-ssangyong-korando.html","name":" Ssangyong Korando","price":"20,00,000"},{"type":"cars","date":"2020-07-02","url":"i2198022-wagon-r-2015.html","name":" Wagon R 2015","price":"16,00,000"},{"type":"cars","date":"2020-07-02","url":"i2182412-i20-active-diesel-excellent-condition.html","name":" I20 Active Diesel Excellent Condition","price":"29,50,000"},{"type":"cars","date":"2020-07-02","url":"i2199096-wanted-land-rover-defender-90-short-body.html","name":" Wanted : Land Rover Defender 90 (short Body)","price":"111"},{"type":"cars","date":"2020-07-02","url":"i2187915-toyota-micro-bas.html","name":" Toyota Micro Bas","price":"33,00,000"},{"type":"cars","date":"2020-07-02","url":"i2203018-ford-aspire-2016.html","name":" Ford Aspire 2016","price":"20,95,000"},{"type":"cars","date":"2020-07-02","url":"i2166423-perodua-viva-850.html","name":" Perodua Viva 850","price":"5,25,000"},{"type":"cars","date":"2020-07-02","url":"i2194115-kia-picanto.html","name":" Kia Picanto","price":"17,50,000"},{"type":"cars","date":"2020-07-02","url":"i2201550-alto-car-2013.html","name":" Alto Car 2013","price":"11,00,000"},{"type":"cars","date":"2020-07-02","url":"i2189552-perodua-viva.html","name":" Perodua Viva","price":"5,20,000"},{"type":"cars","date":"2020-07-02","url":"i2194805-excellent-condition-santro-for-sale.html","name":" Excellent Condition Santro For Sale","price":"14,40,000"},{"type":"cars","date":"2020-07-02","url":"i2194799-tata-grandy.html","name":" Tata Grandy","price":"12,50,000"},{"type":"cars","date":"2020-07-02","url":"i2164008-ford-ecosport-trend-2017-12900-km.html","name":" Ford Ecosport Trend 2017 (12900 Km)","price":"28,25,000"},{"type":"cars","date":"2020-07-02","url":"i2182536-eco-sport-titanium.html","name":" Eco Sport Titanium","price":"26,00,000"},{"type":"cars","date":"2020-07-02","url":"i2201690-full-option-toyota-corolla-lx-2008.html","name":" Full Option Toyota Corolla Lx 2008","price":"22,50,000"},{"type":"cars","date":"2020-07-02","url":"i2190863-tata-xenon-4x4.html","name":" Tata Xenon 4x4","price":"23,50,000"},{"type":"cars","date":"2020-07-02","url":"i2185722-ford-ecosport-titanium-for-sale.html","name":" Ford Ecosport Titanium For Sale","price":"23,50,000"},{"type":"cars","date":"2020-07-02","url":"i2187929-mahindra-2wd.html","name":" Mahindra 2wd","price":"13,00,000"},{"type":"cars","date":"2020-07-02","url":"i2183586-like-brand-new-2018-vw-polo-trendline-plus-w-company-fitted-touchscreen.html","name":" Like Brand New 2018 Vw Polo Trendline+ (w/company Fitted Touchscreen)","price":"22,75,000"},{"type":"cars","date":"2020-07-02","url":"i2197696-perodua-viva.html","name":" Perodua Viva","price":"4,75,000"},{"type":"cars","date":"2020-07-02","url":"i2163052-i10-sports-for-sale.html","name":" I10 Sports For Sale","price":"17,00,000"},{"type":"cars","date":"2020-07-02","url":"i2186689-nissan-super-saloon-2007.html","name":" Nissan Super Saloon 2007","price":"14,50,000"},{"type":"cars","date":"2020-07-02","url":"i2191786-swift-2010.html","name":" Swift 2010","price":"15,00,000"},{"type":"cars","date":"2020-07-02","url":"i2166028-scorpio-s2-like-new.html","name":" Scorpio S2 Like New","price":"26,50,000"},{"type":"cars","date":"2020-07-02","url":"i2202836-kia-picanto-2010.html","name":" Kia Picanto 2010","price":"11,25,000"},{"type":"cars","date":"2020-07-02","url":"i2194866-swift-2011-zxi.html","name":" Swift 2011 Zxi","price":"15,85,000"},{"type":"cars","date":"2020-07-02","url":"i2188490-hyundai-accent.html","name":" Hyundai Accent","price":"13,25,000"},{"type":"cars","date":"2020-07-02","url":"i2183318-maruti-suzuki-vitara-brezza-zdi-plus-2017-for-sale.html","name":" Maruti Suzuki Vitara Brezza Zdi+ 2017 For Sale","price":"33,25,000"},{"type":"cars","date":"2020-07-02","url":"i2164289-hilux-pick-up-jeep.html","name":" Hilux Pick Up Jeep","price":"35,00,000"},{"type":"cars","date":"2020-07-02","url":"i2191311-santro-2007-full-option-fresh-condition.html","name":" Santro 2007 Full Option Fresh Condition","price":"10,50,000"},{"type":"cars","date":"2020-07-02","url":"i2157605-ford-ecosport-2018-trend-plus-facelift-version.html","name":" Ford Ecosport 2018 Trend Plus Facelift Version","price":"32,50,000"},{"type":"cars","date":"2020-07-02","url":"i2158570-scorpio-s4-for-sell.html","name":" Scorpio S4 For Sell","price":"30,00,000"},{"type":"cars","date":"2020-07-02","url":"i2194236-ford-eco-sports-on-urgent-sell.html","name":" Ford Eco Sports On Urgent Sell","price":"24,00,000"},{"type":"cars","date":"2020-07-02","url":"i2081240-alto-k10-on-sale.html","name":" Alto K10 On Sale","price":"11,00,000"},{"type":"cars","date":"2020-07-02","url":"i2196215-maruti-suzuki-alto-k10-vxi-2015.html","name":" Maruti Suzuki Alto K10 Vxi 2015","price":"15,50,000"},{"type":"cars","date":"2020-07-02","url":"i2184630-toyota-land-cruiser-prado-urgent-sale.html","name":" Toyota Land Cruiser Prado Urgent Sale","price":"18,00,000"},{"type":"cars","date":"2020-07-02","url":"i2128993-tata-indica-diesel-car-on-sell.html","name":" Tata Indica Diesel Car On Sell","price":"4,50,000"},{"type":"cars","date":"2020-07-02","url":"i2191975-hyundai-i10-magna.html","name":" Hyundai I10 Magna","price":"14,25,000"},{"type":"cars","date":"2020-07-02","url":"i2182297-swift.html","name":" Swift","price":"11,99,000"},{"type":"cars","date":"2020-07-02","url":"i2169998-volkswagen-vento-1-6.html","name":" Volkswagen Vento 1.6","price":"18,00,000"},{"type":"cars","date":"2020-07-02","url":"i2183525-toyota-yaris-car.html","name":" Toyota Yaris Car","price":"15,00,000"},{"type":"cars","date":"2020-07-02","url":"i2200546-grand-i10-magna-2014-silver.html","name":" Grand I10 Magna 2014 Silver","price":"18,50,000"},{"type":"cars","date":"2020-07-02","url":"i2104815-kia-rio-sedan-car.html","name":" Kia Rio Sedan Car","price":"10,50,000"},{"type":"cars","date":"2020-07-02","url":"i2193812-hyundai-creta-sx-2016.html","name":" Hyundai Creta Sx 2016","price":"39,00,000"},{"type":"cars","date":"2020-07-02","url":"i2200334-honda-city-2003-model-for-sale.html","name":" Honda City 2003 Model For Sale","price":"5,50,000"},{"type":"cars","date":"2020-07-02","url":"i2168965-tata-vista.html","name":" Tata Vista","price":"12,70,000"},{"type":"cars","date":"2020-07-02","url":"i2187744-suzuki-ignis.html","name":" Suzuki Ignis","price":"23,00,00,000"},{"type":"cars","date":"2020-07-02","url":"i2179434-zen-estilo-2007.html","name":" Zen Estilo 2007","price":"6,75,000"},{"type":"cars","date":"2020-07-02","url":"i2203927-ufo-look-like-toyota-rav4.html","name":" Ufo Look Like Toyota Rav4","price":"9,75,000"},{"type":"cars","date":"2020-07-02","url":"i2197282-maruti-suzuki-ignis.html","name":" Maruti Suzuki Ignis","price":"8,75,555"},{"type":"cars","date":"2020-07-02","url":"i2202194-maruti-suzuki-swift-zxi-abs.html","name":" Maruti Suzuki Swift (zxi) Abs","price":"22,50,000"},{"type":"cars","date":"2020-07-02","url":"i2191074-hilux.html","name":" Hilux","price":"73,50,000"},{"type":"cars","date":"2020-07-02","url":"i2191010-urgent-sell-swift-zxi-2017.html","name":" Urgent Sell Swift Zxi 2017","price":"24,75,000"},{"type":"cars","date":"2020-07-02","url":"i2202006-ecosport-titanium-sail.html","name":" Ecosport Titanium Sail","price":"22,00,000"},{"type":"cars","date":"2020-07-02","url":"i2189891-indica-dls.html","name":" Indica Dls","price":"2,50,000"},{"type":"cars","date":"2020-07-02","url":"i2181925-single-owner-full-option-toyota-corolla-lx-w-full-service-history.html","name":" Single Owner Full Option Toyota Corolla Lx (w/ Full Service History)","price":"20,95,000"},{"type":"cars","date":"2020-07-02","url":"i2177033-tata-sumo-gold-ex.html","name":" Tata Sumo Gold Ex","price":"14,00,000"},{"type":"cars","date":"2020-07-02","url":"i2191875-i10-2010-magna-exchange-pani-huncha.html","name":" I10 2010 Magna Exchange Pani Huncha","price":"13,50,000"},{"type":"cars","date":"2020-07-02","url":"i2199047-chevrolet-spark.html","name":" Chevrolet Spark","price":"6,30,000"},{"type":"cars","date":"2020-07-02","url":"i2188951-honda-city-car.html","name":" Honda City Car","price":"18,99,000"},{"type":"cars","date":"2020-07-02","url":"i2190183-santro-xing.html","name":" Santro Xing","price":"11,50,000"},{"type":"cars","date":"2020-07-02","url":"i2180529-suzuki-swift-dezire-2018-model-car-on-sale.html","name":" Suzuki Swift Dezire 2018 Model Car On Sale","price":"28,00,000"},{"type":"cars","date":"2020-07-02","url":"i2187473-opel-corsa.html","name":" Opel Corsa","price":"4,20,000"},{"type":"cars","date":"2020-07-02","url":"i2163167-renault-duster-2016.html","name":" Renault Duster 2016","price":"29,50,000"},{"type":"cars","date":"2020-07-02","url":"i2188750-automatic-4motion-tiguan.html","name":" Automatic 4motion Tiguan","price":"41,50,000"},{"type":"cars","date":"2020-07-02","url":"i2199925-hyundai-creata.html","name":" Hyundai Creata","price":"42,00,000"},{"type":"cars","date":"2020-07-02","url":"i2185548-ssangyong-korando-2011.html","name":" Ssangyong Korando_2011","price":"19,99,000"},{"type":"cars","date":"2020-07-02","url":"i2190620-chevrolet-aveo-2008-model-for-sale.html","name":" Chevrolet Aveo 2008 Model For Sale","price":"9,75,000"},{"type":"cars","date":"2020-07-02","url":"i2177054-swift-zxi-2013.html","name":" Swift Zxi 2013","price":"18,65,000"},{"type":"cars","date":"2020-07-02","url":"i1963542-honda-stream-7-seater-blue-number-plate-for-sale.html","name":" Honda Stream 7 Seater Blue Number Plate For Sale","price":"11,20,000"},{"type":"cars","date":"2020-07-02","url":"i2179996-santro-2011.html","name":" Santro 2011","price":"12,20,000"},{"type":"cars","date":"2020-07-02","url":"i2191852-swift-vxi-2005.html","name":" Swift Vxi 2005","price":"10,50,000"},{"type":"cars","date":"2020-07-02","url":"i2058698-hyundai-santro-urgent-sale.html","name":" Hyundai Santro Urgent Sale","price":"9,50,000"},{"type":"cars","date":"2020-07-02","url":"i2161284-santro-zing-xs-full-option-absolutely-fine-car-on-sale.html","name":" Santro Zing Xs Full Option, Absolutely Fine Car On Sale","price":"9,75,000"},{"type":"cars","date":"2020-07-02","url":"i2200613-maruti-suzuki-alto-lxi-model-2002.html","name":" Maruti Suzuki Alto Lxi, Model - 2002","price":"5,50,000"},{"type":"cars","date":"2020-07-02","url":"i2170594-tata-safari.html","name":" Tata Safari","price":"4,75,000"},{"type":"cars","date":"2020-07-02","url":"i2153249-wagonr.html","name":" Wagonr","price":"7,50,000"},{"type":"cars","date":"2020-07-02","url":"i2188668-full-option-facelift-kia-sportage-awd-w-drls-plus-parking-camera.html","name":" Full Option Facelift Kia Sportage Awd (w/drls + Parking Camera)   \n        8.3 / 10","price":"46,50,000"},{"type":"cars","date":"2020-07-02","url":"i2184908-swift-zxi-2015.html","name":" Swift Zxi 2015","price":"22,00,000"},{"type":"cars","date":"2020-07-02","url":"i2202814-hyundai-i10-magna-grey-for-sale.html","name":" Hyundai I10 Magna Grey For Sale","price":"14,50,000"},{"type":"cars","date":"2020-07-02","url":"i2163459-renault-kwid-rxt-used-by-doctor.html","name":" Renault Kwid Rxt Used By Doctor","price":"15,50,000"},{"type":"cars","date":"2020-07-02","url":"i2185575-daihatsu-sirion.html","name":" Daihatsu Sirion","price":"8,90,000"},{"type":"cars","date":"2020-07-02","url":"i2172166-hyundai-accent.html","name":" Hyundai Accent","price":"12,75,000"},{"type":"cars","date":"2020-07-02","url":"i2153576-volkswagen-polo-1-2.html","name":" Volkswagen Polo 1.2","price":"16,00,000"},{"type":"cars","date":"2020-07-02","url":"i2170080-bolero-pickup.html","name":" Bolero Pickup","price":"16,75,000"},{"type":"cars","date":"2020-07-02","url":"i2183200-pajero-on-sale.html","name":" Pajero On Sale","price":"28,00,000"},{"type":"cars","date":"2020-07-02","url":"i2191843-swift-dezire-2009.html","name":" Swift Dezire 2009","price":"12,50,000"},{"type":"cars","date":"2020-07-02","url":"i2150050-mazda-b2500-on-sale-or-exchange.html","name":" Mazda B2500 On Sale Or Exchange","price":"9,00,000"},{"type":"cars","date":"2020-07-02","url":"i2106052-honda-city-2005-model.html","name":" Honda City 2005 Model","price":"9,75,000"},{"type":"cars","date":"2020-07-02","url":"i2164273-santro-car.html","name":" Santro Car","price":"4,75,500"},{"type":"cars","date":"2020-07-02","url":"i2191055-santro-full-option.html","name":" Santro Full Option","price":"10,50,000"},{"type":"cars","date":"2020-07-02","url":"i2180517-mahindra-scorpio-s4-plus-4wd-jeep.html","name":" Mahindra Scorpio S4+ 4wd Jeep","price":"35,50,000"},{"type":"cars","date":"2020-07-02","url":"i2180919-ford-figo-titanium-2013.html","name":" Ford Figo Titanium 2013","price":"13,75,000"},{"type":"cars","date":"2020-07-02","url":"i2196649-eon-era-plus-2013-sale-in-damak.html","name":" Eon Era+ (2013) Sale In Damak","price":"11,50,000"},{"type":"cars","date":"2020-07-02","url":"i2189209-hyundai-creta-e-plus-sale.html","name":" Hyundai Creta E+ Sale","price":"37,00,000"},{"type":"cars","date":"2020-07-02","url":"i2191025-picanto-well-condition.html","name":" Picanto Well Condition","price":"7,50,000"},{"type":"cars","date":"2020-07-02","url":"i2174290-nissan-navara-d22-pickup-like-hilux.html","name":" Nissan Navara D22 Pickup Like Hilux","price":"19,75,000"},{"type":"cars","date":"2020-07-02","url":"i2193441-preeti-tractor.html","name":" Preeti Tractor","price":"8,99,999"},{"type":"cars","date":"2020-07-02","url":"i2196689-excellent-condition-proton-persona-2012.html","name":" Excellent Condition Proton Persona 2012","price":"16,50,000"},{"type":"cars","date":"2020-07-02","url":"i2169569-nissan-micra.html","name":" Nissan Micra","price":"24,00,000"},{"type":"cars","date":"2020-07-02","url":"i2181152-renault-captur.html","name":" Renault Captur","price":"35,00,000"},{"type":"cars","date":"2020-07-02","url":"i2140727-new-on-test-scorpio-s10.html","name":" New On Test , Scorpio S10,","price":"38,00,000"},{"type":"cars","date":"2020-07-02","url":"i2194950-hyundai-verna-sx-1-6-2012-fully-loaded.html","name":" Hyundai Verna Sx 1.6 2012 Fully Loaded","price":"23,75,000"},{"type":"cars","date":"2020-07-02","url":"i2196461-hyundai-i10-magna-2009.html","name":" Hyundai I10 Magna 2009","price":"11,90,000"},{"type":"cars","date":"2020-07-02","url":"i2183324-maruti-suzuki-vitara-brezza-vdi-2016-for-sale.html","name":" Maruti Suzuki Vitara Brezza Vdi 2016 For Sale","price":"29,25,000"},{"type":"cars","date":"2020-07-02","url":"i2200554-ambassador-car.html","name":" Ambassador Car","price":"12,00,000"},{"type":"cars","date":"2020-07-02","url":"i2200055-subaru-xv-at.html","name":" Subaru Xv At","price":"67,00,000"},{"type":"cars","date":"2020-07-02","url":"i2168742-suzuki-japanese-vitara-4x4.html","name":" Suzuki Japanese Vitara 4x4","price":"8,50,000"},{"type":"cars","date":"2020-07-02","url":"i2193017-fresh-honda-city-for-sale.html","name":" Fresh Honda City For Sale","price":"13,50,000"},{"type":"cars","date":"2020-07-02","url":"i2175269-volkswagen-passat-2015-1-8-tsi-luxury-sedan.html","name":" Volkswagen Passat 2015 1.8 Tsi Luxury Sedan   \n        9.1 / 10","price":"72,00,000"},{"type":"cars","date":"2020-07-02","url":"i2194979-hyundai-santro-xing-gls-2014.html","name":" Hyundai Santro Xing Gls 2014","price":"15,75,000"},{"type":"cars","date":"2020-07-02","url":"i2196165-excellent-condition-marute-wagonr-2006-lx.html","name":" Excellent Condition Marute Wagonr 2006 Lx","price":"6,75,000"},{"type":"cars","date":"2020-07-02","url":"i2087114-hyundai-matrix-2004.html","name":" Hyundai Matrix 2004","price":"5,20,000"},{"type":"cars","date":"2020-07-02","url":"i2178829-ford-figo-2011-model-run-by-jobholder.html","name":" Ford Figo 2011 Model Run By Jobholder","price":"11,00,000"},{"type":"cars","date":"2020-07-02","url":"i2181170-excellent-condition-hyundai-creta-s-2016-model-for-sale.html","name":" Excellent Condition Hyundai Creta S 2016 Model For Sale","price":"35,50,000"},{"type":"cars","date":"2020-07-02","url":"i2197042-renault-kwid-rxt-car-on-sale.html","name":" Renault Kwid Rxt Car On Sale","price":"16,00,000"},{"type":"cars","date":"2020-07-02","url":"i2188764-daihatsu-car-urgent-sell.html","name":" Daihatsu Car Urgent Sell","price":"3,25,000"},{"type":"cars","date":"2020-07-02","url":"i2166744-tata-vista-2011-diesel-version.html","name":" Tata Vista 2011 Diesel Version","price":"9,00,000"},{"type":"cars","date":"2020-07-02","url":"i2194960-hyundai-grand-i10-magna-2016.html","name":" Hyundai Grand I10 Magna 2016","price":"21,75,000"},{"type":"cars","date":"2020-07-02","url":"i2195256-tata-bolt-on-sale.html","name":" Tata Bolt On Sale","price":"15,44,000"},{"type":"cars","date":"2020-07-02","url":"i2181162-tucson.html","name":" Tucson","price":"25,00,000"},{"type":"cars","date":"2020-07-02","url":"i2201634-ford-figo-blue.html","name":" Ford Figo Blue","price":"12,50,000"},{"type":"cars","date":"2020-07-02","url":"i2193252-suzuki-celerio-2014-model.html","name":" Suzuki Celerio 2014 Model","price":"15,50,000"},{"type":"cars","date":"2020-07-02","url":"i2186364-kia-sportage-diesel.html","name":" Kia Sportage Diesel","price":"35,00,000"},{"type":"cars","date":"2020-07-02","url":"i2081948-ford-figo-titanium-2011-diesel.html","name":" Ford Figo Titanium 2011 Diesel","price":"11,50,000"},{"type":"cars","date":"2020-07-02","url":"i2200694-maruti-car-800.html","name":" Maruti Car 800","price":"4,00,000"},{"type":"cars","date":"2020-07-02","url":"i2194317-hyundai-i20-active-urgent-buyer-required.html","name":" Hyundai I20 Active Urgent Buyer Required","price":"36,00,000"},{"type":"cars","date":"2020-07-02","url":"i2195403-hundai-i10-sale.html","name":" Hundai I10 Sale","price":"11,50,000"},{"type":"cars","date":"2020-07-02","url":"i2113739-honda-civic-2008.html","name":" Honda Civic 2008","price":"24,00,000"},{"type":"cars","date":"2020-07-02","url":"i2194973-daihatsu-terios-sx-2007-abs-and-airbags.html","name":" Daihatsu Terios Sx 2007 Abs And Airbags","price":"26,75,000"},{"type":"cars","date":"2020-07-02","url":"i2195001-hyundai-santro-2005-model-fulloption-car-sale.html","name":" Hyundai Santro 2005 Model Fulloption Car Sale","price":"8,75,000"},{"type":"cars","date":"2020-07-02","url":"i2197522-naza-2007-good-condition-for-sale.html","name":" Naza 2007 Good Condition For Sale","price":"3,50,000"},{"type":"cars","date":"2020-07-02","url":"i2196789-urgent-sell-daihatsu-car.html","name":" Urgent Sell.daihatsu Car","price":"2,85,000"},{"type":"cars","date":"2020-07-02","url":"i2192609-mahindra-scerpio-2015-model-4-4-on-sale.html","name":" Mahindra Scerpio 2015 Model 4*4 On Sale","price":"29,00,000"},{"type":"cars","date":"2020-07-02","url":"i2173484-suzuki-swift-dezire-vxi-2019-on-sale.html","name":" Suzuki Swift Dezire Vxi 2019 On Sale","price":"27,00,000"},{"type":"cars","date":"2020-07-02","url":"i2196580-mahindra-xuv-500-w4.html","name":" Mahindra Xuv 500 W4","price":"41,99,000"},{"type":"cars","date":"2020-07-02","url":"i2196487-daihatsu-sirion-car-for-sale.html","name":" Daihatsu Sirion Car For Sale","price":"7,85,000"},{"type":"cars","date":"2020-07-02","url":"i2193181-maruti-suzuki-swift-zxi-2016.html","name":" Maruti Suzuki Swift Zxi 2016","price":"23,75,000"},{"type":"cars","date":"2020-07-02","url":"i2202927-scorpio-s4-plus-on-immediate-sale.html","name":" Scorpio S4+ On Immediate Sale","price":"39,00,000"},{"type":"cars","date":"2020-07-02","url":"i2198592-nissan-patrol-1996-4200cc-6-cylinder-sale.html","name":" Nissan Patrol 1996 4200cc 6 Cylinder Sale","price":"23,75,000"},{"type":"cars","date":"2020-07-02","url":"i2202487-tata-mini-bus.html","name":" Tata Mini Bus","price":"13,00,000"},{"type":"cars","date":"2020-07-02","url":"i2186050-hyundai-i10-magna.html","name":" Hyundai I10, Magna","price":"15,00,000"},{"type":"cars","date":"2020-07-02","url":"i2190676-excellent-condition-swift-vxi.html","name":" Excellent Condition Swift Vxi","price":"11,00,000"},{"type":"cars","date":"2020-07-02","url":"i2199400-4wd-1324-cc-japanese-suzuki-samurai-high-roof-for-sale-1989.html","name":" 4wd 1324 Cc Japanese Suzuki Samurai High Roof For Sale 1989","price":"3,99,999"},{"type":"cars","date":"2020-07-02","url":"i1997918-mahindra-jeep-mm-550-xdb.html","name":" Mahindra Jeep Mm 550 Xdb","price":"14,50,000"},{"type":"cars","date":"2020-07-02","url":"i2024320-baw-warrior-double-cab-pickup.html","name":" Baw Warrior Double Cab Pickup","price":"58,00,000"},{"type":"cars","date":"2020-07-02","url":"i2159897-800-cc-alto-car-on-sales.html","name":" 800 Cc Alto Car On Sales","price":"6,00,000"},{"type":"cars","date":"2020-07-02","url":"i2177216-toyota-hilux-on-sale.html","name":" Toyota Hilux On Sale","price":"40,00,000"},{"type":"cars","date":"2020-07-02","url":"i2080706-fresh-alto-on-sale.html","name":" Fresh Alto On Sale","price":"4,99,999"},{"type":"cars","date":"2020-07-02","url":"i2197730-maruti-800-car.html","name":" Maruti 800 Car","price":"3,80,000"},{"type":"cars","date":"2020-07-02","url":"i2196297-bolero-pickup-lockdown-offer-grab-it-use-in-bank.html","name":" Bolero Pickup Lockdown Offer Grab It Use In Bank","price":"6,60,000"},{"type":"cars","date":"2020-07-02","url":"i2189067-scorpio-2016-4x4.html","name":" Scorpio 2016 4x4","price":"26,50,000"},{"type":"cars","date":"2020-07-02","url":"i2199180-swift-dzire-car-on-sale.html","name":" Swift Dzire Car On Sale","price":"11,00,000"},{"type":"cars","date":"2020-07-02","url":"i2146609-ford-ecosport-trend.html","name":" Ford Ecosport Trend","price":"21,50,000"},{"type":"cars","date":"2020-07-02","url":"i2180816-excellent-condition-hyundai-i20-asta.html","name":" Excellent Condition Hyundai I20 Asta","price":"15,50,000"},{"type":"cars","date":"2020-07-02","url":"i2126285-maruti-suzuki-swift-lxi.html","name":" Maruti Suzuki Swift Lxi","price":"11,50,000"},{"type":"cars","date":"2020-07-02","url":"i2201658-santro-car.html","name":" Santro Car","price":"5,50,000"},{"type":"cars","date":"2020-07-02","url":"i2201123-ford-ecosport-big-offer-for-car-user.html","name":" Ford Ecosport Big Offer For Car User","price":"24,50,000"},{"type":"cars","date":"2020-07-02","url":"i2187264-drs-alto-800-for-sell-bhairahawa.html","name":" Drs Alto 800 For Sell \\ Bhairahawa","price":"7,50,000"},{"type":"cars","date":"2020-07-02","url":"i2189419-skoda-rapid-on-sale-and-exchange.html","name":" Skoda Rapid On Sale And Exchange","price":"14,50,000"},{"type":"cars","date":"2020-07-02","url":"i2198917-fiat-punto-emotion-like-new-on-sell-only-37000km-running.html","name":" Fiat Punto Emotion Like New On Sell Only 37000km Running","price":"15,00,000"},{"type":"cars","date":"2020-07-02","url":"i2202464-toyota-hilux.html","name":" Toyota Hilux","price":"36,50,000"}]