[{"type":"cellphones","date":"2020-05-01","url":"i2134807-iphone-7-plus-256-gb.html","name":" Iphone 7+ 256 Gb","price":"38,000"},{"type":"cellphones","date":"2020-05-01","url":"i2139441-realme-6-pro.html","name":" Realme 6 Pro","price":"26,000"},{"type":"cellphones","date":"2020-05-01","url":"i2114207-oneplus-7t-in-itahari.html","name":" Oneplus 7t In Itahari","price":"48,000"},{"type":"cellphones","date":"2020-05-01","url":"i2145573-ipad-6th-generation-128gb-urgent-sell.html","name":" Ipad 6th Generation 128gb Urgent Sell","price":"40,000"},{"type":"cellphones","date":"2020-05-01","url":"i2153957-samsung-galaxy-a7plus-triple-camera-for-sale.html","name":" Samsung Galaxy A7plus Triple Camera For Sale","price":"19,000"},{"type":"cellphones","date":"2020-05-01","url":"i2155726-samsung-note-8.html","name":" Samsung Note 8","price":"28,000"},{"type":"cellphones","date":"2020-05-01","url":"i2157724-iphone-7-plus-128.html","name":" Iphone 7 Plus 128","price":"48,000"},{"type":"cellphones","date":"2020-05-01","url":"i2156092-box-pack-oppo-reno-2-with-20x-zoom-quad-camera.html","name":" Box Pack Oppo Reno 2 With 20x Zoom Quad Camera","price":"40,000"},{"type":"cellphones","date":"2020-05-01","url":"i2147695-exchange-only.html","name":" Exchange Only","price":"21,000"},{"type":"cellphones","date":"2020-05-01","url":"i2027500-one-plus-6t.html","name":" One Plus 6t","price":"38,000"},{"type":"cellphones","date":"2020-05-01","url":"i2158815-iphone-8-plus-256-gb-exchange.html","name":" Iphone 8 Plus 256 Gb Exchange","price":"50,000"},{"type":"cellphones","date":"2020-05-01","url":"i1976531-blackberry-priv-android.html","name":" Blackberry Priv Android","price":"20,000"},{"type":"cellphones","date":"2020-05-01","url":"i2155470-motorola-one-action-128-gb-4-gb-ram.html","name":" Motorola One Action 128 Gb 4 Gb Ram","price":"21,000"},{"type":"cellphones","date":"2020-05-01","url":"i2148241-iphone-6s-plus.html","name":" Iphone 6s+","price":"29,500"},{"type":"cellphones","date":"2020-05-01","url":"i2154794-samsung-a9-128gb.html","name":" Samsung A9 128gb","price":"25,000"},{"type":"cellphones","date":"2020-05-01","url":"i2153705-iphone-x-64gb-for-sale-with-original-charger.html","name":" Iphone X 64gb For Sale With Original Charger","price":"55,000"},{"type":"cellphones","date":"2020-05-01","url":"i2154256-ipad-pro-2018-11-inch-wifi-256gb.html","name":" Ipad Pro 2018 11 Inch Wifi 256gb","price":"1,10,000"},{"type":"cellphones","date":"2020-05-01","url":"i2152367-social-media-detox-redmi-note-7.html","name":" Social Media Detox: Redmi Note 7","price":"10,499"},{"type":"cellphones","date":"2020-05-01","url":"i2129551-iphone-5s.html","name":" Iphone 5s","price":"9,000"},{"type":"cellphones","date":"2020-05-01","url":"i2155023-samsung-galaxy-s9-like-new-in-pokhara.html","name":" Samsung Galaxy S9 Like New In Pokhara","price":"22,000"},{"type":"cellphones","date":"2020-05-01","url":"i2158244-urgently-needed-to-sale-oneplus-5t.html","name":" Urgently Needed To Sale Oneplus 5t","price":"20,000"},{"type":"cellphones","date":"2020-05-01","url":"i1756220-iphone-6-128gb.html","name":" Iphone 6 128gb","price":"20,000"},{"type":"cellphones","date":"2020-05-01","url":"i2153487-iphone-11-pro-max.html","name":" Iphone 11 Pro Max","price":"1,35,000"},{"type":"cellphones","date":"2020-05-01","url":"i2137864-iphone-7-plus-fresh-1-hand-mobiles.html","name":" Iphone 7 Plus/fresh 1 Hand Mobiles","price":"43,000"},{"type":"cellphones","date":"2020-05-01","url":"i2147247-iphone-7-32gb.html","name":" Iphone 7 32gb","price":"21,000"},{"type":"cellphones","date":"2020-05-01","url":"i2148967-samsung-a50s.html","name":" Samsung A50s","price":"19,999"},{"type":"cellphones","date":"2020-05-01","url":"i2150691-samsung-j7-nxt.html","name":" Samsung J7 Nxt","price":"4,500"},{"type":"cellphones","date":"2020-05-01","url":"i2107133-one-plus-7pro-display-crack.html","name":" One Plus 7pro (display Crack)","price":"25,000"},{"type":"cellphones","date":"2020-05-01","url":"i2154807-i-phone-6.html","name":" I Phone 6","price":"16,000"},{"type":"cellphones","date":"2020-05-01","url":"i2154894-ipad-2018-6th-generation-128gb-gold-sell-or-exchange-with-phone.html","name":" Ipad 2018 6th Generation 128gb Gold, Sell Or Exchange With Phone","price":"42,000"},{"type":"cellphones","date":"2020-05-01","url":"i2149482-samsung-s9-plus.html","name":" Samsung S9+","price":"45,000"},{"type":"cellphones","date":"2020-05-01","url":"i2155454-oppo-a71-2018.html","name":" Oppo A71(2018)","price":"3,000"},{"type":"cellphones","date":"2020-05-01","url":"i2145701-i-phone-6-plus-plus.html","name":" I Phone 6 Plus +","price":"20,000"},{"type":"cellphones","date":"2020-05-01","url":"i2145939-samsung-galaxy-s9-seal-pack.html","name":" Samsung Galaxy S9 (seal Pack)","price":"38,000"},{"type":"cellphones","date":"2020-05-01","url":"i2137520-poco-x2.html","name":" Poco X2","price":"32,500"},{"type":"cellphones","date":"2020-05-01","url":"i2151855-samsung-galaxy-tab-10-1.html","name":" Samsung Galaxy Tab 10.1","price":"6,000"},{"type":"cellphones","date":"2020-05-01","url":"i2157284-iphone-8-plus.html","name":" Iphone 8 Plus","price":"35,000"},{"type":"cellphones","date":"2020-05-01","url":"i2150539-iphone-x-64gb-urgent-sale.html","name":" Iphone X 64gb Urgent Sale","price":"58,000"},{"type":"cellphones","date":"2020-05-01","url":"i2155460-iphone-6s-plus-2pcs.html","name":" Iphone 6s+ 2pcs","price":"15,000"},{"type":"cellphones","date":"2020-05-01","url":"i2151981-iphone-6.html","name":" Iphone 6","price":"10,000"},{"type":"cellphones","date":"2020-05-01","url":"i2136403-mi-6a.html","name":" Mi 6a","price":"6,000"},{"type":"cellphones","date":"2020-05-01","url":"i2157502-samsung-note-edge-exchange.html","name":" Samsung Note Edge Exchange","price":"10,000"},{"type":"cellphones","date":"2020-05-01","url":"i2090621-redmi-note-8-one-week-used.html","name":" Redmi Note 8 One Week Used","price":"17,000"},{"type":"cellphones","date":"2020-05-01","url":"i2150013-samsung-s10-plus-8-128.html","name":" Samsung S10 Plus 8/128","price":"69,999"},{"type":"cellphones","date":"2020-05-01","url":"i2150270-redmi-note-8-quad-camera-3-month-used.html","name":" Redmi Note 8 Quad Camera 3 Month Used","price":"17,000"},{"type":"cellphones","date":"2020-05-01","url":"i2156041-oneplus-7-8-256gb-brand-new-condition-for-sale.html","name":" Oneplus 7 (8/256gb) ( Brand New Condition ) For Sale.","price":"43,500"},{"type":"cellphones","date":"2020-05-01","url":"i2144710-iphone-xr-full-unlocked-2-month-used-with-all-accessories.html","name":" Iphone Xr Full Unlocked (2 Month Used) With All Accessories","price":"56,999"},{"type":"cellphones","date":"2020-05-01","url":"i2144960-redmi-note-7-pro-2-month-used-with-all-accessories.html","name":" Redmi Note 7 Pro (2 Month Used) With All Accessories","price":"14,990"},{"type":"cellphones","date":"2020-05-01","url":"i2152698-poco-x2-6-128-purple.html","name":" Poco X2 6_128 Purple","price":"29,999"},{"type":"cellphones","date":"2020-05-01","url":"i2154730-google-pixel-3xl.html","name":" Google Pixel 3xl","price":"47,000"},{"type":"cellphones","date":"2020-05-01","url":"i2149781-iphone-7-128gb.html","name":" Iphone 7 128gb","price":"11,000"},{"type":"cellphones","date":"2020-05-01","url":"i2129334-iphone-11-pro-max-256gb-grey.html","name":" Iphone 11 Pro Max 256gb Grey","price":"1,50,000"},{"type":"cellphones","date":"2020-05-01","url":"i2128601-oneplus-7.html","name":" Oneplus 7","price":"40,000"},{"type":"cellphones","date":"2020-05-01","url":"i2156118-oppo-a1k.html","name":" Oppo A1k","price":"9,000"},{"type":"cellphones","date":"2020-05-01","url":"i2147990-iphone-4s.html","name":" Iphone 4s","price":"4,000"},{"type":"cellphones","date":"2020-05-01","url":"i2154187-redmi-note-8-pro.html","name":" Redmi Note 8 Pro","price":"26,000"},{"type":"cellphones","date":"2020-05-01","url":"i2154083-11-pro-max-256gb-dual.html","name":" 11 Pro Max 256gb Dual","price":"148"},{"type":"cellphones","date":"2020-05-01","url":"i2153827-iphone-7-256gb.html","name":" Iphone 7 256gb","price":"35,000"},{"type":"cellphones","date":"2020-05-01","url":"i2125059-fresh-redmi-note-8-pro.html","name":" Fresh Redmi Note 8 Pro","price":"25,000"},{"type":"cellphones","date":"2020-05-01","url":"i2155475-seal-pack-oneplus-7-256-gb-8-gb-ram.html","name":" (seal Pack) Oneplus 7 256 Gb 8 Gb Ram","price":"51,600"},{"type":"cellphones","date":"2020-05-01","url":"i2156086-iphone-6s.html","name":" Iphone 6s","price":"100"},{"type":"cellphones","date":"2020-05-01","url":"i2153367-huawei-mate-se-like-honor-7x-but-little-better.html","name":" Huawei Mate Se (like Honor 7x)but Little Better","price":"12,500"},{"type":"cellphones","date":"2020-05-01","url":"i2148569-iphone-x256-gb-urgent-sell.html","name":" Iphone X256 Gb Urgent Sell","price":"55,000"},{"type":"cellphones","date":"2020-05-01","url":"i2147229-i-want-iphone-11-pro-256gb.html","name":" ***i Want Iphone 11 Pro 256gb***","price":"1,00,000"},{"type":"cellphones","date":"2020-05-01","url":"i2141453-iphone-x-256gb-white.html","name":" Iphone X 256gb White","price":"53,000"},{"type":"cellphones","date":"2020-05-01","url":"i2156658-samsung-j7-pro.html","name":" Samsung J7 Pro","price":"8,250"},{"type":"cellphones","date":"2020-05-01","url":"i2158868-iphone-7-plus-128-gb.html","name":" Iphone 7 Plus 128 Gb","price":"42,000"},{"type":"cellphones","date":"2020-05-01","url":"i2157642-iphone-7-plus-256gb.html","name":" Iphone 7 Plus 256gb","price":"28,000"},{"type":"cellphones","date":"2020-05-01","url":"i2158326-i-pad-air-32-gb-with-ipad-cover-23500-and-iphone-6-plus-128-gb-r24000.html","name":" I Pad Air 32 Gb With Ipad Cover(23500)and Iphone 6 Plus 128 Gb R24000","price":"23,500"},{"type":"cellphones","date":"2020-05-01","url":"i2150950-oneplus7t.html","name":" Oneplus7t","price":"60,000"},{"type":"cellphones","date":"2020-05-01","url":"i2064240-iphones-6-128gb.html","name":" Iphones 6 128gb","price":"20,000"},{"type":"cellphones","date":"2020-05-01","url":"i2153102-very-good-condition-back-4-camera-64-mp-and-front-2-camera-32-plus-8-mp.html","name":" Very Good Condition Back 4 Camera 64 Mp And Front 2 Camera 32+8 Mp","price":"36,000"},{"type":"cellphones","date":"2020-05-01","url":"i2149485-iphone-7-plus-128-gb.html","name":" Iphone 7 Plus 128 Gb","price":"46,500"},{"type":"cellphones","date":"2020-05-01","url":"i2129480-s7-edge.html","name":" S7 Edge","price":"7,000"},{"type":"cellphones","date":"2020-05-01","url":"i2156851-samsung-galaxy-s9-plus.html","name":" Samsung Galaxy S9 Plus","price":"40,000"},{"type":"cellphones","date":"2020-05-01","url":"i2150902-oneplus-3-6gb-ram-64gb-internal-memory-good-condition.html","name":" Oneplus 3 6gb Ram 64gb Internal Memory.good Condition","price":"13,000"},{"type":"cellphones","date":"2020-05-01","url":"i2103381-nokia-8-1.html","name":" Nokia 8.1","price":"17,000"},{"type":"cellphones","date":"2020-05-01","url":"i2156447-iphone-x-exchange.html","name":" Iphone X Exchange","price":"45,000"},{"type":"cellphones","date":"2020-05-01","url":"i2153193-samsung-note-9.html","name":" Samsung Note 9","price":"47,500"},{"type":"cellphones","date":"2020-05-01","url":"i2155095-iphone-6s-plus-64-gb.html","name":" Iphone 6s Plus (64 Gb)","price":"15,000"},{"type":"cellphones","date":"2020-05-01","url":"i2153497-samsung-galaxy-s10-plus-5g-256-gb-black.html","name":" Samsung Galaxy S10 Plus 5g 256 Gb Black","price":"87,000"},{"type":"cellphones","date":"2020-05-01","url":"i2152766-redmi-note-7s-48-mp-camera.html","name":" Redmi Note 7s ( 48 Mp Camera )","price":"13,000"},{"type":"cellphones","date":"2020-05-01","url":"i2124871-vivo-y93.html","name":" Vivo Y93","price":"9,500"},{"type":"cellphones","date":"2020-05-01","url":"i2142071-galaxy-a51.html","name":" Galaxy A51","price":"36,000"},{"type":"cellphones","date":"2020-05-01","url":"i2141962-iphone-xs-max-256gb-with-box-and-all-accessories.html","name":" Iphone Xs Max 256gb With Box & All Accessories","price":"95,000"},{"type":"cellphones","date":"2020-05-01","url":"i2154673-like-brand-new-genuine-samsung-galaxy-s10-plus-on-sale.html","name":" Like Brand New Genuine Samsung Galaxy S10 Plus On Sale","price":"76,500"},{"type":"cellphones","date":"2020-05-01","url":"i2113599-iphone-xs-max-64gb.html","name":" Iphone Xs Max 64gb","price":"79,999"},{"type":"cellphones","date":"2020-05-01","url":"i2158135-samsung-s9-like-new.html","name":" Samsung S9 (like New)","price":"30,000"},{"type":"cellphones","date":"2020-05-01","url":"i2128109-oppo-f9-pro.html","name":" Oppo F9 Pro","price":"16,500"},{"type":"cellphones","date":"2020-05-01","url":"i2157265-samsung-a20.html","name":" Samsung A20","price":"12,500"},{"type":"cellphones","date":"2020-05-01","url":"i2128113-mi-mix-2.html","name":" Mi Mix 2","price":"18,500"},{"type":"cellphones","date":"2020-05-01","url":"i2156912-poco-x2.html","name":" Poco X2","price":"34,000"},{"type":"cellphones","date":"2020-05-01","url":"i2151375-exchange-with-iphone.html","name":" Exchange With Iphone","price":"123"},{"type":"cellphones","date":"2020-05-01","url":"i2105142-iphone-6s-unlocked-from-us-excellent-condition.html","name":" Iphone 6s Unlocked, From Us-, Excellent Condition","price":"15,500"},{"type":"cellphones","date":"2020-05-01","url":"i2153807-samsung-note-8-gold-dual-sim-exchange-with-iphone-7-plus-not-for-sale.html","name":" Samsung Note 8 Gold Dual Sim Exchange With Iphone 7 Plus(not For Sale)","price":"50,000"},{"type":"cellphones","date":"2020-05-01","url":"i2152516-brand-new-iwatch-series-3-42-mm-and-iphone-6s.html","name":" Brand New Iwatch Series 3 42 Mm And Iphone 6s","price":"50,000"},{"type":"cellphones","date":"2020-05-01","url":"i2158419-iphone-11-in-red-color-100-battery-life.html","name":" Iphone 11 In Red Color(100% Battery Life)","price":"90,000"},{"type":"cellphones","date":"2020-05-01","url":"i2158132-oneplus-5t-on-sales.html","name":" Oneplus 5t On Sales","price":"33,500"},{"type":"cellphones","date":"2020-05-01","url":"i2153761-iphone-6-64-gb-on-sale.html","name":" Iphone 6 64 Gb On Sale","price":"9,000"},{"type":"cellphones","date":"2020-05-01","url":"i2118019-realme-5i-sale-in-dhulikhel.html","name":" Realme 5i Sale In Dhulikhel","price":"19,500"},{"type":"cellphones","date":"2020-05-01","url":"i2149515-mi-redmi-k20.html","name":" Mi Redmi K20","price":"25,000"},{"type":"cellphones","date":"2020-05-01","url":"i2141497-iphone-8-plus-256gb.html","name":" Iphone 8 Plus 256gb","price":"59,999"},{"type":"cellphones","date":"2020-05-01","url":"i2155341-iphone6s-pluse64.html","name":" Iphone6s Pluse64","price":"80,000"},{"type":"cellphones","date":"2020-05-01","url":"i2155895-oneplus-7.html","name":" Oneplus 7","price":"38,999"},{"type":"cellphones","date":"2020-05-01","url":"i2125793-motorola-v680-plus-cdma.html","name":" Motorola V680+( Cdma)","price":"700"},{"type":"cellphones","date":"2020-05-01","url":"i2153451-pixel-3-xl-64gb-black.html","name":" Pixel 3 Xl 64gb Black","price":"45,000"},{"type":"cellphones","date":"2020-05-01","url":"i2146440-oneplus-6t-8-128-gb-on-sell.html","name":" Oneplus 6t (8/128)gb On Sell","price":"33,500"},{"type":"cellphones","date":"2020-05-01","url":"i2156196-oneplus-7.html","name":" Oneplus 7","price":"48,000"},{"type":"cellphones","date":"2020-05-01","url":"i2157647-samsung-s10-need.html","name":" Samsung S10 Need","price":"37,000"},{"type":"cellphones","date":"2020-05-01","url":"i2158446-iphone-8-plus-64-gb-product-red.html","name":" Iphone 8 Plus 64 Gb Product Red","price":"46,000"},{"type":"cellphones","date":"2020-05-01","url":"i2156781-iphone-x-256gb.html","name":" Iphone X 256gb","price":"70,000"},{"type":"cellphones","date":"2020-05-01","url":"i2150046-iphone-11-pro.html","name":" Iphone 11 Pro","price":"1,20,000"},{"type":"cellphones","date":"2020-05-01","url":"i2110466-iphone-8-plus.html","name":" Iphone 8 Plus","price":"50,000"},{"type":"cellphones","date":"2020-05-01","url":"i2157268-iphone-8-plus-with-airpod.html","name":" Iphone 8 Plus With Airpod","price":"61,500"},{"type":"cellphones","date":"2020-05-01","url":"i2152183-samsung-m30s.html","name":" Samsung M30s","price":"18,000"},{"type":"cellphones","date":"2020-05-01","url":"i2153469-one-plus-7pro-8-256-gb-as-new.html","name":" One Plus 7pro 8/256 Gb As New","price":"60,000"},{"type":"cellphones","date":"2020-05-01","url":"i2156802-brand-new-oneplus-7-8gb-ram-256gb-memory-on-sell-only-inside-chitwan.html","name":" Brand New Oneplus 7 8gb Ram 256gb Memory On Sell Only Inside Chitwan","price":"54,000"},{"type":"cellphones","date":"2020-05-01","url":"i2128104-vivo-y15.html","name":" Vivo Y15","price":"13,500"},{"type":"cellphones","date":"2020-05-01","url":"i1993041-6-months-used-iphone-6-128gb-and-iphone-6-64gb-is-for-sell-urgently.html","name":" 6 Months Used Iphone 6 128gb And Iphone 6 64gb Is For Sell Urgently","price":"15,999"},{"type":"cellphones","date":"2020-05-01","url":"i2157988-iphone-xs-64-gb.html","name":" Iphone Xs 64 Gb","price":"68,000"},{"type":"cellphones","date":"2020-05-01","url":"i2157659-all-mobile-selling-sacend-hand-5000-plus-80000sam.html","name":" All Mobile Selling Sacend Hand 5000+80000sam","price":"10,00,50,000"},{"type":"cellphones","date":"2020-05-01","url":"i2153228-redmi-5.html","name":" Redmi 5","price":"10,000"},{"type":"cellphones","date":"2020-05-01","url":"i2151321-s9-plus.html","name":" S9+","price":"28,000"},{"type":"cellphones","date":"2020-05-01","url":"i2105191-iphone-6s-for-sale.html","name":" Iphone 6s For Sale","price":"15,000"},{"type":"cellphones","date":"2020-05-01","url":"i2157822-samsung-galaxy-s8.html","name":" Samsung Galaxy S8","price":"28,500"},{"type":"cellphones","date":"2020-05-01","url":"i2155150-iphone-xs-max-256gb-gold-colour.html","name":" Iphone Xs Max 256gb (gold Colour)","price":"75,000"},{"type":"cellphones","date":"2020-05-01","url":"i2037938-iphone-6s.html","name":" Iphone 6s","price":"17,000"},{"type":"cellphones","date":"2020-05-01","url":"i2157190-i-need-iphone-xr-or-iphone-x-with-good-battery-health-5055k.html","name":" I Need Iphone Xr Or Iphone X With Good Battery Health.50-55k","price":"55,000"},{"type":"cellphones","date":"2020-05-01","url":"i2152294-ipad-6th-generation-128-gb.html","name":" Ipad 6th Generation 128 Gb","price":"30,000"},{"type":"cellphones","date":"2020-05-01","url":"i2157725-redmi-k20.html","name":" Redmi K20","price":"31,500"},{"type":"cellphones","date":"2020-05-01","url":"i2137619-iphone-7-plus-128gb-gold.html","name":" Iphone 7 Plus 128gb Gold","price":"40,000"},{"type":"cellphones","date":"2020-05-01","url":"i2155431-iphone-7-32gb-full-fresh.html","name":" Iphone 7 32gb Full Fresh","price":"25,000"},{"type":"cellphones","date":"2020-05-01","url":"i2156046-fresh-oneplus-6t-6-128gb-for-sale.html","name":" Fresh Oneplus 6t 6/128gb For Sale","price":"33,500"},{"type":"cellphones","date":"2020-05-01","url":"i2130954-samsung-note-10-plus-12gb-256gb-like-new.html","name":" Samsung Note 10 Plus 12gb 256gb Like New","price":"82,000"},{"type":"cellphones","date":"2020-05-01","url":"i2158855-sale.html","name":" Sale","price":"4,000"},{"type":"cellphones","date":"2020-05-01","url":"i2148848-i-phone-11.html","name":" I Phone 11","price":"1,00,000"},{"type":"cellphones","date":"2020-05-01","url":"i2134367-oppo-reno-2f-8-128-gb.html","name":" Oppo Reno 2f 8/128 Gb","price":"28,000"},{"type":"cellphones","date":"2020-05-01","url":"i2158434-fresh-samsung-galaxy-watch-active-for-sale.html","name":" Fresh Samsung Galaxy Watch Active For Sale","price":"20,000"},{"type":"cellphones","date":"2020-05-01","url":"i2159031-iphone-x-offer.html","name":" Iphone X Offer","price":"40,000"},{"type":"cellphones","date":"2020-05-01","url":"i2151893-samsung-s8plus.html","name":" Samsung S8plus","price":"16,000"},{"type":"cellphones","date":"2020-05-01","url":"i2147946-s6-edge-parts.html","name":" S6 Edge Parts","price":"3,000"},{"type":"cellphones","date":"2020-05-01","url":"i2136465-mi-redmi-k20-pro-exchange-with-ios-only.html","name":" Mi Redmi K20 Pro (exchange With Ios Only)","price":"40,000"},{"type":"cellphones","date":"2020-05-01","url":"i2117752-samsung-m31.html","name":" Samsung M31","price":"27,000"},{"type":"cellphones","date":"2020-05-01","url":"i2099697-iphone-6-orginal-and-brand-new.html","name":" Iphone 6 Orginal And Brand New","price":"10,500"},{"type":"cellphones","date":"2020-05-01","url":"i2131626-sony-xperia-xa1-plus-with-23-mega-pixel-camera-and-fingerprint-sensor.html","name":" Sony Xperia Xa1 Plus With 23 Mega Pixel Camera And Fingerprint Sensor","price":"13,000"},{"type":"cellphones","date":"2020-05-01","url":"i2104749-iphone-7plus-128gb-urgent-sell.html","name":" Iphone 7plus 128gb Urgent Sell","price":"50,000"},{"type":"cellphones","date":"2020-05-01","url":"i2157183-brand-new-samsung-note-10-from-dubai.html","name":" Brand New Samsung Note 10 From Dubai","price":"69,999"},{"type":"cellphones","date":"2020-05-01","url":"i2144043-samsung-note-10-plus-12-256-gb-white-1-month-used-plus-full-accessory.html","name":" Samsung Note 10 Plus 12/256 Gb, White (1 Month Used)+ Full Accessory","price":"83,000"},{"type":"cellphones","date":"2020-05-01","url":"i2158454-iphone-xsmax.html","name":" Iphone Xsmax","price":"80,000"},{"type":"cellphones","date":"2020-05-01","url":"i2158505-redmi-note-8.html","name":" Redmi Note 8","price":"18,000"},{"type":"cellphones","date":"2020-05-01","url":"i2158404-fresh-oneplus-5t.html","name":" Fresh Oneplus 5t","price":"25,000"},{"type":"cellphones","date":"2020-05-01","url":"i2152969-vivo-s1-4-128.html","name":" Vivo S1 4/128","price":"20,000"},{"type":"cellphones","date":"2020-05-01","url":"i2156661-samsung-note-10-plus-exchange.html","name":" Samsung Note 10 Plus (exchange)","price":"99"},{"type":"cellphones","date":"2020-05-01","url":"i2102202-5th-generation-ipad.html","name":" 5th Generation (ipad)","price":"26,000"},{"type":"cellphones","date":"2020-05-01","url":"i2101919-iphone-x-256gb-space-gray.html","name":" Iphone X 256gb Space Gray","price":"68,000"},{"type":"cellphones","date":"2020-05-01","url":"i2153280-apple-ipad-mini-on-sale.html","name":" Apple Ipad Mini On Sale","price":"20,000"},{"type":"cellphones","date":"2020-05-01","url":"i2157920-a80-only-on-sell.html","name":" A80 Only On Sell","price":"40,000"},{"type":"cellphones","date":"2020-05-01","url":"i2131870-iphone-7-plus.html","name":" Iphone 7 Plus","price":"43,000"},{"type":"cellphones","date":"2020-05-01","url":"i2157293-xiaomi-mi-9-8-gb-ram-128-gb-storage.html","name":" Xiaomi Mi 9 (8 Gb Ram / 128 Gb Storage)","price":"40,000"},{"type":"cellphones","date":"2020-05-01","url":"i2155869-ipad-4th-gen.html","name":" Ipad 4th Gen","price":"9,000"},{"type":"cellphones","date":"2020-05-01","url":"i2148574-mi-note-8-pro.html","name":" Mi Note 8 Pro","price":"26,000"},{"type":"cellphones","date":"2020-05-01","url":"i2124324-iphone-11-pro-64-gb-midnight-green-from-kuwait.html","name":" Iphone 11 Pro 64 Gb Midnight Green From Kuwait","price":"1,25,000"},{"type":"cellphones","date":"2020-05-01","url":"i2148460-iphone-x-64-gb.html","name":" Iphone X 64 Gb","price":"55,000"},{"type":"cellphones","date":"2020-05-01","url":"i2148796-iphone-6s-plus-68-gb.html","name":" Iphone 6s Plus 68 Gb","price":"12,000"},{"type":"cellphones","date":"2020-05-01","url":"i2106957-iphone-11-pro-max-super-dubai-clone.html","name":" Iphone 11 Pro Max(super Dubai Clone)","price":"24,000"},{"type":"cellphones","date":"2020-05-01","url":"i2157460-iphone-x-64-gb-for-sale.html","name":" Iphone X 64 Gb For Sale","price":"66,000"},{"type":"cellphones","date":"2020-05-01","url":"i2152003-samsung-a20.html","name":" Samsung A20","price":"10,000"},{"type":"cellphones","date":"2020-05-01","url":"i2143650-iphone-x.html","name":" Iphone X","price":"55,000"},{"type":"cellphones","date":"2020-05-01","url":"i2158448-samsung-s10.html","name":" Samsung S10","price":"46,000"},{"type":"cellphones","date":"2020-05-01","url":"i2139522-pocophone-poco-x2.html","name":" Pocophone Poco X2","price":"34,500"},{"type":"cellphones","date":"2020-05-01","url":"i2158332-i-need-one-plus-8-pro-can-someone-deliver-this-product-from-india.html","name":" I Need One Plus 8 Pro? Can Someone Deliver This Product From India","price":"86,000"},{"type":"cellphones","date":"2020-05-01","url":"i2157594-iphone-4s-sale-on-3000.html","name":" I-phone 4s Sale On 3000","price":"3,000"},{"type":"cellphones","date":"2020-05-01","url":"i2158838-apple-watch-series-4-40mm-gps-cellular-and-nike-edition.html","name":" Apple Watch Series 4 40mm Gps Cellular And Nike Edition","price":"35,000"},{"type":"cellphones","date":"2020-05-01","url":"i2155731-iphone-7-plus-128gb.html","name":" Iphone 7 Plus 128gb","price":"45,000"},{"type":"cellphones","date":"2020-05-01","url":"i2154521-samsung-s8-for-urgent-sale.html","name":" Samsung S8 For Urgent Sale","price":"25,000"},{"type":"cellphones","date":"2020-05-01","url":"i2150395-iphone-7plus-256gb.html","name":" Iphone 7plus 256gb","price":"40,500"},{"type":"cellphones","date":"2020-05-01","url":"i2148089-apple-i-phone-6s-plus-64-gb.html","name":" Apple I Phone 6s Plus /64 Gb","price":"23,000"},{"type":"cellphones","date":"2020-05-01","url":"i2125363-sony-mobile-phone.html","name":" Sony Mobile Phone","price":"6,200"},{"type":"cellphones","date":"2020-05-01","url":"i2151387-iphone-6-metallic-gray-imported-from-usa.html","name":" Iphone 6 Metallic Gray# Imported From Usa","price":"7,000"},{"type":"cellphones","date":"2020-05-01","url":"i2158945-samsung-galaxy-note-8.html","name":" Samsung Galaxy Note 8","price":"25,000"},{"type":"cellphones","date":"2020-05-01","url":"i2155019-mi-note-8-note-8-pro-boxpack-indian.html","name":" Mi Note 8 , Note 8 Pro Boxpack Indian","price":"25,000"},{"type":"cellphones","date":"2020-05-01","url":"i2150116-samsung-galaxy-a6-plus.html","name":" Samsung Galaxy A6 Plus","price":"17,000"},{"type":"cellphones","date":"2020-05-01","url":"i2154004-iphone-xr-128gb.html","name":" Iphone Xr 128gb","price":"60,000"},{"type":"cellphones","date":"2020-05-01","url":"i2157266-asus-zenfone-5z-snapdragon-845-6-128.html","name":" Asus Zenfone 5z Snapdragon 845(6/128)","price":"18,499"},{"type":"cellphones","date":"2020-05-01","url":"i2128462-iphone7-plus-red.html","name":" Iphone7+ Red","price":"36,000"},{"type":"cellphones","date":"2020-05-01","url":"i2157633-redmi-note-8pro.html","name":" Redmi Note 8pro","price":"24,500"},{"type":"cellphones","date":"2020-05-01","url":"i2152404-mi-note-8-pro.html","name":" Mi Note 8 Pro","price":"25,000"},{"type":"cellphones","date":"2020-05-01","url":"i2105398-s10plus.html","name":" S10plus","price":"75,000"},{"type":"cellphones","date":"2020-05-01","url":"i2142332-icloud-lock-iphone-xr-128gb-for-sell.html","name":" Icloud Lock Iphone Xr 128gb For Sell","price":"25,500"},{"type":"cellphones","date":"2020-05-01","url":"i2154824-oneplus-7t.html","name":" Oneplus 7t","price":"59,000"},{"type":"cellphones","date":"2020-05-01","url":"i2149518-iphone-11-pro-max-256.html","name":" Iphone 11 Pro Max 256","price":"1,60,000"},{"type":"cellphones","date":"2020-05-01","url":"i2154012-s10-plus.html","name":" S10+","price":"75,000"},{"type":"cellphones","date":"2020-05-01","url":"i2158462-htc.html","name":" Htc","price":"3,000"},{"type":"cellphones","date":"2020-05-01","url":"i2148861-asus-rog-phone-2.html","name":" Asus Rog Phone 2","price":"65,000"},{"type":"cellphones","date":"2020-05-01","url":"i2157290-samsung-galaxy-s20-plus.html","name":" Samsung Galaxy S20+","price":"95,000"},{"type":"cellphones","date":"2020-05-01","url":"i1977957-xiaomi-redmi-8-4gb-ram-64gb-rom-5000mah-battery-with-authorize-warra.html","name":" Xiaomi Redmi 8 (4gb Ram/64gb Rom) 5000mah Battery With Authorize Warra","price":"15,800"},{"type":"cellphones","date":"2020-05-01","url":"i2133195-note-8-6-64gb.html","name":" Note 8 6/64gb","price":"23,000"},{"type":"cellphones","date":"2020-05-01","url":"i2155272-oneplus-7pro.html","name":" Oneplus 7pro","price":"75,000"},{"type":"cellphones","date":"2020-05-01","url":"i2129125-fresh-samsung-galaxy-note10-plus-on-sale.html","name":" Fresh Samsung Galaxy Note10 Plus On Sale","price":"95,000"},{"type":"cellphones","date":"2020-05-01","url":"i2115805-iphone-x-256-gb.html","name":" Iphone X (256 Gb)","price":"64,000"},{"type":"cellphones","date":"2020-05-01","url":"i2125669-samsung-note9.html","name":" Samsung Note9","price":"55,000"},{"type":"cellphones","date":"2020-05-01","url":"i2130276-iphone-8.html","name":" Iphone 8","price":"35,000"},{"type":"cellphones","date":"2020-05-01","url":"i2114273-oppo-realme-3-urgent-sell.html","name":" Oppo Realme 3 Urgent Sell","price":"12,100"},{"type":"cellphones","date":"2020-05-01","url":"i1650654-vivo-mobile-grand-offer-with-unbeliable-rate-with-warranty.html","name":" Vivo Mobile Grand Offer With Unbeliable Rate With Warranty","price":"11,990"},{"type":"cellphones","date":"2020-05-01","url":"i2156665-samsung-j7-prime.html","name":" Samsung J7 Prime","price":"10,500"},{"type":"cellphones","date":"2020-05-01","url":"i2158816-samsung-s10-plus.html","name":" Samsung S10+","price":"56,000"},{"type":"cellphones","date":"2020-05-01","url":"i2062974-redmi-k20-pro-8-256.html","name":" Redmi K20 Pro (8/256)","price":"37,000"},{"type":"cellphones","date":"2020-05-01","url":"i2156819-samsung-m30s-25000.html","name":" Samsung M30s 25000","price":"25,000"},{"type":"cellphones","date":"2020-05-01","url":"i2126067-factory-locked-iphone-11-128gb-on-sale.html","name":" Factory Locked Iphone 11 128gb On Sale","price":"80,000"},{"type":"cellphones","date":"2020-05-01","url":"i2106205-iphone-x-64gb.html","name":" Iphone X 64gb","price":"55,000"},{"type":"cellphones","date":"2020-05-01","url":"i2158820-iphone-xs-max-512-gb-sale-or-exchange.html","name":" Iphone Xs Max 512 Gb Sale Or Exchange","price":"1,05,000"},{"type":"cellphones","date":"2020-05-01","url":"i2125461-pixel-3-xl-4-128-gb.html","name":" Pixel 3 Xl (4/128 Gb)","price":"25,000"},{"type":"cellphones","date":"2020-05-01","url":"i2158799-i-need-iphone-icloud-locked-7-plus-8-plus-x.html","name":" I Need Iphone Icloud Locked 7+,8+,x","price":"25,000"},{"type":"cellphones","date":"2020-05-01","url":"i2146026-oneplus-6t.html","name":" Oneplus 6t","price":"32,900"},{"type":"cellphones","date":"2020-05-01","url":"i2151909-iphone-11-brand-new-on-sale.html","name":" Iphone 11 Brand New On Sale","price":"1,00,000"},{"type":"cellphones","date":"2020-05-01","url":"i2153685-iphone-6s-plus-128-gb.html","name":" Iphone 6s Plus 128 Gb","price":"25,000"},{"type":"cellphones","date":"2020-05-01","url":"i2135784-redmi-note-7-pro-huawei-y7-pro-samsung-j7-oneplus-x.html","name":" Redmi Note 7 Pro | Huawei Y7 Pro | Samsung J7 | Oneplus X","price":"13,500"},{"type":"cellphones","date":"2020-05-01","url":"i2114202-samsung-a70-on-sell.html","name":" Samsung A70 On Sell","price":"22,000"},{"type":"cellphones","date":"2020-05-01","url":"i2151055-samsung-galaxy-s8.html","name":" Samsung Galaxy S8","price":"25,000"},{"type":"cellphones","date":"2020-05-01","url":"i2065639-iphone-7plus-128gb.html","name":" Iphone 7plus 128gb","price":"25,000"},{"type":"cellphones","date":"2020-05-01","url":"i2146412-samsung-note-9.html","name":" Samsung Note 9","price":"40,000"},{"type":"cellphones","date":"2020-05-01","url":"i2157703-huwaei-nova-3i-4gb128gb.html","name":" Huwaei Nova 3i (4gb-128gb)","price":"25,000"},{"type":"cellphones","date":"2020-05-01","url":"i2157592-samsung-galaxy-s9-in-butwal.html","name":" Samsung Galaxy S9 In Butwal","price":"37,000"},{"type":"cellphones","date":"2020-05-01","url":"i2148739-one-plus-7-sell-or-exchange-only-with-iphone-8-plus-or-higher.html","name":" One Plus 7 Sell Or Exchange Only With/iphone 8+ Or Higher","price":"45,000"},{"type":"cellphones","date":"2020-05-01","url":"i2102703-iphone-7-plus-128gb.html","name":" Iphone 7 Plus 128gb","price":"40,000"},{"type":"cellphones","date":"2020-05-01","url":"i2101318-oneplus-7-pro.html","name":" Oneplus 7 Pro","price":"60,000"},{"type":"cellphones","date":"2020-05-01","url":"i2158145-one-plus-8-pro-12-256-for-sell.html","name":" One Plus 8 Pro 12/256 For Sell.","price":"1,05,000"},{"type":"cellphones","date":"2020-05-01","url":"i2157081-k20-pro.html","name":" K20 Pro","price":"40,000"},{"type":"cellphones","date":"2020-05-01","url":"i2159103-iphone-7-plus-128gb-bypass-set.html","name":" Iphone 7 Plus 128gb Bypass Set","price":"19,990"},{"type":"cellphones","date":"2020-05-01","url":"i2098615-redmi-note-8-pro-redmi-note-8-redmi-8-redmi-8a-exchange-sale.html","name":" Redmi Note 8 Pro | Redmi Note 8 | Redmi 8 | Redmi 8a | Exchange | Sale","price":"19,000"},{"type":"cellphones","date":"2020-05-01","url":"i2158246-redmi-6-3-32-exchange-also-available-i-will-add-money.html","name":" Redmi 6 (3/32)... Exchange Also Available. I Will Add Money.","price":"8,500"},{"type":"cellphones","date":"2020-05-01","url":"i2148875-samsung-s7-edge-for-sell.html","name":" Samsung S7 Edge For Sell","price":"15,000"},{"type":"cellphones","date":"2020-05-01","url":"i2058443-one-plus-7-pro-8gb-256gb.html","name":" One Plus 7 Pro 8gb 256gb","price":"59,000"},{"type":"cellphones","date":"2020-05-01","url":"i2158927-redmi-8.html","name":" Redmi 8","price":"13,000"},{"type":"cellphones","date":"2020-05-01","url":"i2134519-samsung-tab-s-10-5-single-sim-4g-lte-for-sale.html","name":" Samsung Tab S 10.5 Single Sim - 4g ( Lte ) For Sale.","price":"20,500"},{"type":"cellphones","date":"2020-05-01","url":"i2158805-needed-iphone-xs-max-256gb-rs90k-with-all-accessoroes-and-box.html","name":" Needed Iphone Xs Max 256gb( Rs90k) With All Accessoroes And Box","price":"88,000"},{"type":"cellphones","date":"2020-05-01","url":"i2148947-samsung-galaxy-m40-exchange-only.html","name":" Samsung Galaxy M40 Exchange Only","price":"20,000"},{"type":"cellphones","date":"2020-05-01","url":"i2158745-i-phone-x-256-gb.html","name":" I Phone X 256 Gb","price":"72,000"},{"type":"cellphones","date":"2020-05-01","url":"i2156437-xsmax-256-gb.html","name":" Xsmax 256 Gb","price":"83,000"},{"type":"cellphones","date":"2020-05-01","url":"i2132631-iphone-xs-max-256-gb.html","name":" Iphone Xs Max 256 Gb","price":"85,000"}]