[{"type":"cellphones","date":"2020-05-17","url":"i2134807-iphone-7-plus-256-gb.html","name":" Iphone 7+ 256 Gb","price":"38,000"},{"type":"cellphones","date":"2020-05-17","url":"i2163081-samsung-note10-plus.html","name":" Samsung Note10+","price":"42,000"},{"type":"cellphones","date":"2020-05-17","url":"i2160120-j7-max-box-pack.html","name":" J7 Max ( Box Pack)","price":"11,500"},{"type":"cellphones","date":"2020-05-17","url":"i2157284-iphone-8-plus.html","name":" Iphone 8 Plus","price":"35,000"},{"type":"cellphones","date":"2020-05-17","url":"i2164520-all-kind-of-mobile-available-contact-us-for-more-details-9803579891.html","name":" All Kind Of Mobile Available Contact Us For More Details 9803579891","price":"20,000"},{"type":"cellphones","date":"2020-05-17","url":"i2157724-iphone-7-plus-128.html","name":" Iphone 7 Plus 128","price":"48,000"},{"type":"cellphones","date":"2020-05-17","url":"i2161946-fully-fresh-iphone-x.html","name":" Fully Fresh Iphone X","price":"60,000"},{"type":"cellphones","date":"2020-05-17","url":"i2139441-realme-6-pro.html","name":" Realme 6 Pro","price":"26,000"},{"type":"cellphones","date":"2020-05-17","url":"i2156851-samsung-galaxy-s9-plus.html","name":" Samsung Galaxy S9 Plus","price":"40,000"},{"type":"cellphones","date":"2020-05-17","url":"i2164606-iphone-11-pro.html","name":" Iphone 11 Pro","price":"1,30,000"},{"type":"cellphones","date":"2020-05-17","url":"i2165353-iphone-6s-plus-64gb.html","name":" Iphone 6s Plus 64gb","price":"25,000"},{"type":"cellphones","date":"2020-05-17","url":"i2162949-apple-watch-series-4-44mm-with-extra-accessories.html","name":" Apple Watch Series 4 44mm With Extra Accessories","price":"41,000"},{"type":"cellphones","date":"2020-05-17","url":"i2064240-iphones-6-128gb.html","name":" Iphones 6 128gb","price":"20,000"},{"type":"cellphones","date":"2020-05-17","url":"i2164384-samsung-s7-edge.html","name":" Samsung S7 Edge","price":"12,500"},{"type":"cellphones","date":"2020-05-17","url":"i2155023-samsung-galaxy-s9-like-new-in-pokhara.html","name":" Samsung Galaxy S9 Like New In Pokhara","price":"22,000"},{"type":"cellphones","date":"2020-05-17","url":"i2114207-oneplus-7t-in-itahari.html","name":" Oneplus 7t In Itahari","price":"48,000"},{"type":"cellphones","date":"2020-05-17","url":"i2162928-iphone-xs-max-256gb-with-imei-matching-box-and-all-accessories.html","name":" Iphone Xs Max(256gb)with Imei Matching Box And All Accessories","price":"1,00,000"},{"type":"cellphones","date":"2020-05-17","url":"i2163684-k20-pro-on-sell-argent.html","name":" K20 Pro On Sell Argent....","price":"37,000"},{"type":"cellphones","date":"2020-05-17","url":"i2163875-iphone-8-64gb.html","name":" Iphone 8 64gb","price":"29,990"},{"type":"cellphones","date":"2020-05-17","url":"i2165174-iphone-x-256-gb-urgent-sale.html","name":" Iphone X 256 Gb Urgent Sale","price":"65,000"},{"type":"cellphones","date":"2020-05-17","url":"i2162608-huawei-p30-lite-on-sale-only.html","name":" Huawei P30 Lite On Sale Only","price":"26,500"},{"type":"cellphones","date":"2020-05-17","url":"i2164515-all-kind-of-mobile-available-free-delivery.html","name":" All Kind Of Mobile Available Free Delivery","price":"15,000"},{"type":"cellphones","date":"2020-05-17","url":"i2161550-redmi-note-8-4gb-128-rom-sell.html","name":" Redmi Note 8 4gb 128 Rom Sell","price":"22,000"},{"type":"cellphones","date":"2020-05-17","url":"i2161581-mobile-harako-suchana.html","name":" Mobile Harako Suchana","price":"5,000"},{"type":"cellphones","date":"2020-05-17","url":"i1976531-blackberry-priv-android.html","name":" Blackberry Priv Android","price":"20,000"},{"type":"cellphones","date":"2020-05-17","url":"i2153705-iphone-x-64gb-for-sale-with-original-charger.html","name":" Iphone X 64gb For Sale With Original Charger","price":"55,000"},{"type":"cellphones","date":"2020-05-17","url":"i2147695-samsung-m40-exchange-only.html","name":" Samsung M40 Exchange Only","price":"21,000"},{"type":"cellphones","date":"2020-05-17","url":"i2165165-huawei-p30-pro.html","name":" Huawei P30 Pro","price":"85,000"},{"type":"cellphones","date":"2020-05-17","url":"i2027500-one-plus-6t.html","name":" One Plus 6t","price":"38,000"},{"type":"cellphones","date":"2020-05-17","url":"i2162354-one-plus-7-8-256-with-official-warranty-and-insurance.html","name":" One Plus 7 8/256 With Official Warranty & Insurance","price":"49,000"},{"type":"cellphones","date":"2020-05-17","url":"i2162755-one-plus-7-8gb-ram-256-gb-rom-exchange-also-iphone-x-s10.html","name":" One Plus 7 8gb Ram 256 Gb Rom Exchange Also Iphone X S10","price":"45,000"},{"type":"cellphones","date":"2020-05-17","url":"i2148241-iphone-6s-plus.html","name":" Iphone 6s+","price":"29,500"},{"type":"cellphones","date":"2020-05-17","url":"i2153957-samsung-galaxy-a7plus-triple-camera-for-sale.html","name":" Samsung Galaxy A7plus Triple Camera For Sale","price":"19,000"},{"type":"cellphones","date":"2020-05-17","url":"i2164568-samsung-a80.html","name":" Samsung A80","price":"36,500"},{"type":"cellphones","date":"2020-05-17","url":"i2147247-iphone-7-32gb.html","name":" Iphone 7 32gb","price":"21,000"},{"type":"cellphones","date":"2020-05-17","url":"i2162675-samsung-galaxy-note-9-on-sale.html","name":" Samsung Galaxy Note 9 On Sale","price":"48,000"},{"type":"cellphones","date":"2020-05-17","url":"i2164284-iphone-8plus-256gb.html","name":" Iphone 8plus 256gb","price":"32,500"},{"type":"cellphones","date":"2020-05-17","url":"i2164443-i-phon-11-pro-max-chahiyeko-mobile-no-9804250103.html","name":" I Phon 11 Pro Max Chahiyeko Mobile No:9804250103","price":"1,00,000"},{"type":"cellphones","date":"2020-05-17","url":"i2129551-iphone-5s.html","name":" Iphone 5s","price":"9,000"},{"type":"cellphones","date":"2020-05-17","url":"i2161453-samsung-note-8-or-exchange-with-other-phones.html","name":" Samsung Note 8 Or Exchange With Other Phones","price":"29,000"},{"type":"cellphones","date":"2020-05-17","url":"i2137520-poco-x2.html","name":" Poco X2","price":"32,500"},{"type":"cellphones","date":"2020-05-17","url":"i2159761-iphone-7-plus-32gb-with-box.html","name":" Iphone 7 Plus 32gb With Box","price":"35,000"},{"type":"cellphones","date":"2020-05-17","url":"i1756220-iphone-6-128gb.html","name":" Iphone 6 128gb","price":"20,000"},{"type":"cellphones","date":"2020-05-17","url":"i2164028-oneplus-7t-on-sale-brand-new-condition-box-pack.html","name":" Oneplus 7t On Sale Brand New Condition {box Pack}","price":"62,000"},{"type":"cellphones","date":"2020-05-17","url":"i2164537-note-10-plus-12gb-256gb.html","name":" Note 10 Plus 12gb/256gb","price":"81,000"},{"type":"cellphones","date":"2020-05-17","url":"i2161982-samsung-oppo-vivo-1plus-mi-huawei-honor-realme-available-online.html","name":" Samsung Oppo Vivo 1plus Mi Huawei Honor Realme Available Online","price":"6,500"},{"type":"cellphones","date":"2020-05-17","url":"i2161292-samsung-mobile-c9-pro-64-gb.html","name":" Samsung Mobile C9 Pro 64 Gb","price":"28,000"},{"type":"cellphones","date":"2020-05-17","url":"i2161444-oneplus-6-like-a-new-exchange.html","name":" Oneplus 6 Like A New Exchange","price":"27,000"},{"type":"cellphones","date":"2020-05-17","url":"i2161258-oneplus-5t-8-128gb.html","name":" Oneplus 5t 8/128gb","price":"25,000"},{"type":"cellphones","date":"2020-05-17","url":"i2163344-a7-2018.html","name":" A7 2018","price":"15,250"},{"type":"cellphones","date":"2020-05-17","url":"i2165021-sony-xperia-xz.html","name":" Sony Xperia Xz","price":"15,000"},{"type":"cellphones","date":"2020-05-17","url":"i2162886-note-8-4-64-2-months-used.html","name":" Note 8 4/64 2 Months Used","price":"16,000"},{"type":"cellphones","date":"2020-05-17","url":"i2161661-a50s-128gb.html","name":" A50s 128gb","price":"25,900"},{"type":"cellphones","date":"2020-05-17","url":"i2148967-samsung-a50s.html","name":" Samsung A50s","price":"19,999"},{"type":"cellphones","date":"2020-05-17","url":"i2150270-redmi-note-8-quad-camera-3-month-used.html","name":" Redmi Note 8 Quad Camera 3 Month Used","price":"17,000"},{"type":"cellphones","date":"2020-05-17","url":"i2164498-apple-ipad-2-for-sale.html","name":" Apple Ipad 2 For Sale.","price":"15,000"},{"type":"cellphones","date":"2020-05-17","url":"i2160592-need-s10-s10e-s9-or-s8.html","name":" Need S10 S10e S9 Or S8","price":"35,000"},{"type":"cellphones","date":"2020-05-17","url":"i2137864-iphone-7-plus-fresh-1-hand-mobiles.html","name":" Iphone 7 Plus/fresh 1 Hand Mobiles","price":"43,000"},{"type":"cellphones","date":"2020-05-17","url":"i2158945-samsung-galaxy-note-8.html","name":" Samsung Galaxy Note 8","price":"25,000"},{"type":"cellphones","date":"2020-05-17","url":"i2164638-samsung-note-10-plus-12gb-256gb-arora-white.html","name":" Samsung Note 10+ 12gb/256gb Arora White","price":"82,000"},{"type":"cellphones","date":"2020-05-17","url":"i2162347-samsung-s10-plus-exchange.html","name":" Samsung S10+ Exchange","price":"99,999"},{"type":"cellphones","date":"2020-05-17","url":"i2107133-one-plus-7pro-display-crack.html","name":" One Plus 7pro (display Crack)","price":"25,000"},{"type":"cellphones","date":"2020-05-17","url":"i2159308-realme-xt.html","name":" Realme Xt","price":"26,000"},{"type":"cellphones","date":"2020-05-17","url":"i2151855-samsung-galaxy-tab-10-1.html","name":" Samsung Galaxy Tab 10.1","price":"6,000"},{"type":"cellphones","date":"2020-05-17","url":"i2164179-iphone-xr.html","name":" Iphone Xr","price":"60,000"},{"type":"cellphones","date":"2020-05-17","url":"i2164528-note8-pro-seal-pack.html","name":" Note8 Pro Seal Pack","price":"30,000"},{"type":"cellphones","date":"2020-05-17","url":"i2158135-samsung-s9-like-new.html","name":" Samsung S9 (like New)","price":"30,000"},{"type":"cellphones","date":"2020-05-17","url":"i2164983-samsung-s10-5g-256gb-urgent-sale.html","name":" Samsung S10 5g 256gb Urgent Sale","price":"75,000"},{"type":"cellphones","date":"2020-05-17","url":"i2090621-redmi-note-8-one-week-used.html","name":" Redmi Note 8 One Week Used","price":"17,000"},{"type":"cellphones","date":"2020-05-17","url":"i2165689-nokia-2720-flip-4g.html","name":" Nokia 2720 Flip 4g","price":"13,000"},{"type":"cellphones","date":"2020-05-17","url":"i2151981-iphone-6.html","name":" Iphone 6","price":"10,000"},{"type":"cellphones","date":"2020-05-17","url":"i2165469-iphone-11-pro-on-urgent-sale.html","name":" Iphone 11 Pro On Urgent Sale!","price":"1,25,000"},{"type":"cellphones","date":"2020-05-17","url":"i2153827-iphone-7-256gb.html","name":" Iphone 7 256gb","price":"35,000"},{"type":"cellphones","date":"2020-05-17","url":"i2165040-redmi-note-8-pro-8gb-128gb.html","name":" Redmi Note 8 Pro (8gb/128gb)","price":"26,000"},{"type":"cellphones","date":"2020-05-17","url":"i2145701-iphone-6-plus-plus.html","name":" Iphone 6 Plus +","price":"20,000"},{"type":"cellphones","date":"2020-05-17","url":"i2164682-mi-note-8-pro-6-128.html","name":" Mi Note 8 Pro 6/128","price":"21,500"},{"type":"cellphones","date":"2020-05-17","url":"i2150013-samsung-s10-plus-8-128.html","name":" Samsung S10 Plus 8/128","price":"69,999"},{"type":"cellphones","date":"2020-05-17","url":"i2150902-oneplus-3-6gb-ram-64gb-internal-memory-good-condition.html","name":" Oneplus 3 6gb Ram 64gb Internal Memory.good Condition","price":"13,000"},{"type":"cellphones","date":"2020-05-17","url":"i2144960-redmi-note-7-pro-2-month-used-with-all-accessories.html","name":" Redmi Note 7 Pro (2 Month Used) With All Accessories","price":"14,990"},{"type":"cellphones","date":"2020-05-17","url":"i2163168-iphone-8plus-64gb.html","name":" Iphone 8plus 64gb","price":"45,000"},{"type":"cellphones","date":"2020-05-17","url":"i2163994-iphone-7-plus-32gb-bypass-set.html","name":" Iphone 7 Plus 32gb Bypass Set","price":"19,990"},{"type":"cellphones","date":"2020-05-17","url":"i2165006-redmi-note-8-2-months-used.html","name":" Redmi Note 8 2 Months Used","price":"16,500"},{"type":"cellphones","date":"2020-05-17","url":"i2155150-iphone-xs-max-256gb-gold-colour.html","name":" Iphone Xs Max 256gb (gold Colour)","price":"75,000"},{"type":"cellphones","date":"2020-05-17","url":"i2149482-samsung-s9-plus.html","name":" Samsung S9+","price":"45,000"},{"type":"cellphones","date":"2020-05-17","url":"i2165024-iphone-x.html","name":" Iphone X","price":"37,999"},{"type":"cellphones","date":"2020-05-17","url":"i2164243-samsung-a51-a50s-m30s-a20s-available.html","name":" Samsung A51 A50s M30s A20s Available","price":"28,699"},{"type":"cellphones","date":"2020-05-17","url":"i2129334-iphone-11-pro-max-256gb-grey.html","name":" Iphone 11 Pro Max 256gb Grey","price":"1,50,000"},{"type":"cellphones","date":"2020-05-17","url":"i2163279-iphone-11-pro.html","name":" Iphone 11 Pro","price":"1,20,000"},{"type":"cellphones","date":"2020-05-17","url":"i2158244-urgently-needed-to-sale-oneplus-5t.html","name":" Urgently Needed To Sale Oneplus 5t","price":"21,000"},{"type":"cellphones","date":"2020-05-17","url":"i2165266-iphone-7-plus-256gb-matt-black.html","name":" Iphone 7+ 256gb Matt Black","price":"38,000"},{"type":"cellphones","date":"2020-05-17","url":"i2165646-samsung-note-8.html","name":" Samsung Note 8","price":"28,000"},{"type":"cellphones","date":"2020-05-17","url":"i2164020-samsung-s9-plus-on-sale-personal-use-phone-with-box.html","name":" Samsung S9 Plus On Sale {personal Use Phone} With Box","price":"43,000"},{"type":"cellphones","date":"2020-05-17","url":"i2144710-iphone-xr-full-unlocked-2-month-used-with-all-accessories.html","name":" Iphone Xr Full Unlocked (2 Month Used) With All Accessories","price":"56,999"},{"type":"cellphones","date":"2020-05-17","url":"i2159257-samsung-galaxy-note-10-plus.html","name":" Samsung Galaxy Note 10 Plus","price":"90,000"},{"type":"cellphones","date":"2020-05-17","url":"i2165406-iphone6s-bypass-set.html","name":" Iphone6s Bypass Set","price":"8,999"},{"type":"cellphones","date":"2020-05-17","url":"i2164549-samsung-m30s-6-gb-ram-128.html","name":" Samsung M30s 6 Gb Ram 128","price":"25,000"},{"type":"cellphones","date":"2020-05-17","url":"i2165345-iphone-6.html","name":" Iphone 6","price":"18,000"},{"type":"cellphones","date":"2020-05-17","url":"i2164741-v19-pro.html","name":" V19 Pro","price":"55,000"},{"type":"cellphones","date":"2020-05-17","url":"i2161507-urgent-if-possible-today.html","name":" Urgent..if Possible Today","price":"8,000"},{"type":"cellphones","date":"2020-05-17","url":"i2141453-iphone-x-256gb-white.html","name":" Iphone X 256gb White","price":"53,000"},{"type":"cellphones","date":"2020-05-17","url":"i2164868-samsung-note-8-plus.html","name":" Samsung Note 8 Plus","price":"31,000"},{"type":"cellphones","date":"2020-05-17","url":"i2164425-iphone-xs-max-space-grey.html","name":" Iphone Xs Max Space Grey","price":"82,000"},{"type":"cellphones","date":"2020-05-17","url":"i2165153-samsung-note-8-sell-or-exng-white-oneplus6-or-6t.html","name":" Samsung Note 8 Sell Or Exng White Oneplus6 Or 6t","price":"25,000"},{"type":"cellphones","date":"2020-05-17","url":"i2158419-iphone-11-in-red-color-100-battery-life.html","name":" Iphone 11 In Red Color(100% Battery Life)","price":"90,000"},{"type":"cellphones","date":"2020-05-17","url":"i2159283-samsung-s9.html","name":" Samsung S9","price":"32,000"},{"type":"cellphones","date":"2020-05-17","url":"i2124871-vivo-y93.html","name":" Vivo Y93","price":"9,500"},{"type":"cellphones","date":"2020-05-17","url":"i2163617-iphone-11-64gb-on-sale.html","name":" Iphone 11 64gb On Sale ! ! !","price":"89,000"},{"type":"cellphones","date":"2020-05-17","url":"i2154794-samsung-a9-128gb.html","name":" Samsung A9 128gb","price":"25,000"},{"type":"cellphones","date":"2020-05-17","url":"i2163273-apple-samsung-mi.html","name":" Apple/samsung/mi","price":"6,450"},{"type":"cellphones","date":"2020-05-17","url":"i2164143-iphone-6-64-gb-on-sale.html","name":" Iphone 6 64 Gb On Sale","price":"12,000"},{"type":"cellphones","date":"2020-05-17","url":"i2105142-iphone-6s-unlocked-from-us-excellent-condition.html","name":" Iphone 6s Unlocked, From Us-, Excellent Condition","price":"15,500"},{"type":"cellphones","date":"2020-05-17","url":"i2113599-iphone-xs-max-64gb.html","name":" Iphone Xs Max 64gb","price":"79,999"},{"type":"cellphones","date":"2020-05-17","url":"i2164162-sell-or-exchange.html","name":" Sell Or Exchange","price":"18,000"},{"type":"cellphones","date":"2020-05-17","url":"i2128109-oppo-f9-pro.html","name":" Oppo F9 Pro","price":"16,500"},{"type":"cellphones","date":"2020-05-17","url":"i2128113-mi-mix-2.html","name":" Mi Mix 2","price":"18,500"},{"type":"cellphones","date":"2020-05-17","url":"i2165310-oneplus-7t-8-128-gb-sell-exchange.html","name":" Oneplus 7t 8/128 Gb Sell/exchange.","price":"61,000"},{"type":"cellphones","date":"2020-05-17","url":"i2153193-samsung-note-9.html","name":" Samsung Note 9","price":"47,500"},{"type":"cellphones","date":"2020-05-17","url":"i2141497-iphone-8-plus-256gb.html","name":" Iphone 8 Plus 256gb","price":"59,999"},{"type":"cellphones","date":"2020-05-17","url":"i2129480-s7-edge.html","name":" S7 Edge","price":"7,000"},{"type":"cellphones","date":"2020-05-17","url":"i2165072-iphone-6s.html","name":" Iphone 6s","price":"2,20,000"},{"type":"cellphones","date":"2020-05-17","url":"i2165400-iphone-x.html","name":" Iphone X","price":"58,900"},{"type":"cellphones","date":"2020-05-17","url":"i2165468-iphone-7-icloud-locked.html","name":" Iphone 7 Icloud Locked","price":"10,000"},{"type":"cellphones","date":"2020-05-17","url":"i2156092-box-pack-oppo-reno-2-with-20x-zoom-quad-camera.html","name":" Box Pack Oppo Reno 2 With 20x Zoom Quad Camera","price":"40,000"},{"type":"cellphones","date":"2020-05-17","url":"i2148882-samsung-galaxy-note-edge.html","name":" Samsung Galaxy Note Edge","price":"12,345"},{"type":"cellphones","date":"2020-05-17","url":"i2158132-oneplus-5t-on-sales.html","name":" Oneplus 5t On Sales","price":"33,500"},{"type":"cellphones","date":"2020-05-17","url":"i2149485-iphone-7-plus-128gb.html","name":" Iphone 7 Plus 128gb","price":"46,500"},{"type":"cellphones","date":"2020-05-17","url":"i2142071-galaxy-a51.html","name":" Galaxy A51","price":"36,000"},{"type":"cellphones","date":"2020-05-17","url":"i2141962-iphone-xs-max-256gb-with-box-and-all-accessories.html","name":" Iphone Xs Max 256gb With Box & All Accessories","price":"92,000"},{"type":"cellphones","date":"2020-05-17","url":"i2105191-iphone-6s-for-sale.html","name":" Iphone 6s For Sale","price":"15,000"},{"type":"cellphones","date":"2020-05-17","url":"i2162851-iphone-x.html","name":" Iphone X","price":"40,000"},{"type":"cellphones","date":"2020-05-17","url":"i2149515-mi-redmi-k20.html","name":" Mi Redmi K20","price":"25,000"},{"type":"cellphones","date":"2020-05-17","url":"i2163661-vivo-z1-pro.html","name":" Vivo Z1 Pro","price":"17,999"},{"type":"cellphones","date":"2020-05-17","url":"i1993041-6-months-used-iphone-6-128gb-and-iphone-6-64gb-is-for-sell-urgently.html","name":" 6 Months Used Iphone 6 128gb And Iphone 6 64gb Is For Sell Urgently","price":"18,500"},{"type":"cellphones","date":"2020-05-17","url":"i2164954-excellent-s10-plus-512gb.html","name":" Excellent S10 Plus 512gb","price":"71,500"},{"type":"cellphones","date":"2020-05-17","url":"i2110466-iphone-8-plus.html","name":" Iphone 8 Plus","price":"50,000"},{"type":"cellphones","date":"2020-05-17","url":"i2165246-galaxy-note-8-6gb-ram-64-gb-rom.html","name":" Galaxy Note 8 6gb Ram/64 Gb Rom","price":"23,999"},{"type":"cellphones","date":"2020-05-17","url":"i2164571-poco-x2-on-sale.html","name":" Poco X2 On Sale","price":"34,000"},{"type":"cellphones","date":"2020-05-17","url":"i2125793-motorola-v680-plus-cdma.html","name":" Motorola V680+( Cdma)","price":"700"},{"type":"cellphones","date":"2020-05-17","url":"i2151893-samsung-s8plus.html","name":" Samsung S8plus","price":"18,500"},{"type":"cellphones","date":"2020-05-17","url":"i2165054-samsung-note-10-lite-8-128gb-seald-pack.html","name":" Samsung Note 10 Lite (8/128gb),seald Pack","price":"63,800"},{"type":"cellphones","date":"2020-05-17","url":"i2163595-like-new.html","name":" Like New","price":"52,000"},{"type":"cellphones","date":"2020-05-17","url":"i2128104-vivo-y15.html","name":" Vivo Y15","price":"13,500"},{"type":"cellphones","date":"2020-05-17","url":"i2165265-iphone-x-on-sale.html","name":" Iphone X On Sale","price":"50,000"},{"type":"cellphones","date":"2020-05-17","url":"i2153367-huawei-mate-se-like-honor-7x-but-little-better.html","name":" Huawei Mate Se (like Honor 7x)but Little Better","price":"12,500"},{"type":"cellphones","date":"2020-05-17","url":"i2164875-iphone-xr-like-new.html","name":" Iphone Xr Like New","price":"63,000"},{"type":"cellphones","date":"2020-05-17","url":"i2153102-very-good-condition-back-4-camera-64-mp-and-front-2-camera-32-plus-8-mp.html","name":" Very Good Condition Back 4 Camera 64 Mp And Front 2 Camera 32+8 Mp","price":"36,000"},{"type":"cellphones","date":"2020-05-17","url":"i2165543-redmi-note-8-pro.html","name":" Redmi Note 8 Pro","price":"30,000"},{"type":"cellphones","date":"2020-05-17","url":"i2164898-iphone-6.html","name":" Iphone 6","price":"9,000"},{"type":"cellphones","date":"2020-05-17","url":"i2152516-brand-new-iwatch-series-3-42mm-and-iphone-6s.html","name":" Brand New Iwatch Series 3 42mm And Iphone 6s","price":"50,000"},{"type":"cellphones","date":"2020-05-17","url":"i2164651-one-plus-6-t-sale-or-exchange-with-redmi-note-8-pro.html","name":" One Plus 6 T Sale Or ( Exchange With Red-mi Note 8 Pro)","price":"35,000"},{"type":"cellphones","date":"2020-05-17","url":"i2164737-fresh-iphone-7-plus-32gb-for-sale.html","name":" Fresh Iphone 7 Plus 32gb For Sale","price":"32,000"},{"type":"cellphones","date":"2020-05-17","url":"i2104749-iphone-7plus-128gb-urgent-sell.html","name":" Iphone 7plus 128gb Urgent Sell","price":"50,000"},{"type":"cellphones","date":"2020-05-17","url":"i2164566-iphone-6-plus.html","name":" Iphone 6 Plus","price":"21,500"},{"type":"cellphones","date":"2020-05-17","url":"i2164816-excellent-condition-iphone-x-64-gb-on-sale.html","name":" Excellent Condition Iphone X 64 Gb On Sale.","price":"53,000"},{"type":"cellphones","date":"2020-05-17","url":"i2037938-iphone-6s.html","name":" Iphone 6s","price":"17,000"},{"type":"cellphones","date":"2020-05-17","url":"i2152183-samsung-m30s.html","name":" Samsung M30s","price":"18,000"},{"type":"cellphones","date":"2020-05-17","url":"i2165640-mi-note-8-pro-exchange-oneplus-6-iphone-6s-ply.html","name":" Mi Note 8 Pro Exchange Oneplus 6 Iphone 6s Ply","price":"23,000"},{"type":"cellphones","date":"2020-05-17","url":"i2137619-iphone-7-plus-128gb-gold.html","name":" Iphone 7 Plus 128gb Gold","price":"40,000"},{"type":"cellphones","date":"2020-05-17","url":"i2162933-iphonex-256.html","name":" Iphonex 256","price":"48,000"},{"type":"cellphones","date":"2020-05-17","url":"i2160113-needed-moto-razar-v1-or-v2.html","name":" Needed Moto Razar V1 Or V2","price":"2,000"},{"type":"cellphones","date":"2020-05-17","url":"i2165325-urget-sells-iphone5.html","name":" Urget Sells Iphone5","price":"8,500"},{"type":"cellphones","date":"2020-05-17","url":"i2099697-iphone-6-orginal-and-brand-new.html","name":" Iphone 6 Orginal And Brand New","price":"10,500"},{"type":"cellphones","date":"2020-05-17","url":"i2062974-redmi-k20-pro-8-256.html","name":" Redmi K20 Pro (8/256)","price":"37,000"},{"type":"cellphones","date":"2020-05-17","url":"i2128601-oneplus-7.html","name":" Oneplus 7","price":"40,000"},{"type":"cellphones","date":"2020-05-17","url":"i2161981-brand-new-mobile-with-vatbill-note-8-pro.html","name":" Brand New Mobile With Vatbill Note 8 Pro","price":"29,999"},{"type":"cellphones","date":"2020-05-17","url":"i2152003-samsung-a20.html","name":" Samsung A20","price":"10,000"},{"type":"cellphones","date":"2020-05-17","url":"i2164496-iphone-6s-plus-128-gb.html","name":" Iphone 6s Plus 128 Gb","price":"29,900"},{"type":"cellphones","date":"2020-05-17","url":"i2134367-oppo-reno-2f-8-128-gb.html","name":" Oppo Reno 2f 8/128 Gb","price":"28,000"},{"type":"cellphones","date":"2020-05-17","url":"i2106957-iphone-11-pro-max-super-dubai-clone.html","name":" Iphone 11 Pro Max(super Dubai Clone)","price":"24,000"},{"type":"cellphones","date":"2020-05-17","url":"i2102202-5th-generation-ipad.html","name":" 5th Generation (ipad)","price":"26,000"},{"type":"cellphones","date":"2020-05-17","url":"i2165445-iphone-7plush-128gb.html","name":" Iphone 7plush 128gb","price":"42,800"},{"type":"cellphones","date":"2020-05-17","url":"i2131870-iphone-7-plus.html","name":" Iphone 7 Plus","price":"43,000"},{"type":"cellphones","date":"2020-05-17","url":"i2160583-samsung-m30s-6-128gb.html","name":" Samsung M30s 6/128gb","price":"20,500"},{"type":"cellphones","date":"2020-05-17","url":"i2164599-xiaomi-mi-a3-4gb-64gb-brand-new-condition.html","name":" Xiaomi Mi A3 (4gb/64gb) Brand New Condition","price":"18,000"},{"type":"cellphones","date":"2020-05-17","url":"i2117752-samsung-m31.html","name":" Samsung M31","price":"27,000"},{"type":"cellphones","date":"2020-05-17","url":"i2165038-huawei-honor-p20-lite-18000.html","name":" Huawei Honor P20 Lite 18000","price":"18,000"},{"type":"cellphones","date":"2020-05-17","url":"i2157988-iphone-xs-64-gb.html","name":" Iphone Xs 64 Gb","price":"68,000"},{"type":"cellphones","date":"2020-05-17","url":"i2154030-readmi-note8-lokdown-offer.html","name":" Readmi Note8 Lokdown Offer","price":"19,999"},{"type":"cellphones","date":"2020-05-17","url":"i2165041-old-mobiles.html","name":" Old Mobiles","price":"3,000"},{"type":"cellphones","date":"2020-05-17","url":"i2161518-samsunga10s.html","name":" Samsunga10s","price":"10,000"},{"type":"cellphones","date":"2020-05-17","url":"i2131626-sony-xperia-xa1-plus-with-23-mega-pixel-camera-and-fingerprint-sensor.html","name":" Sony Xperia Xa1 Plus With 23 Mega Pixel Camera And Fingerprint Sensor","price":"13,000"},{"type":"cellphones","date":"2020-05-17","url":"i2159689-asus-rog-2.html","name":" Asus Rog 2","price":"65,000"},{"type":"cellphones","date":"2020-05-17","url":"i2146440-oneplus-6t-8-128-gb-on-sell.html","name":" Oneplus 6t (8/128)gb On Sell","price":"33,500"},{"type":"cellphones","date":"2020-05-17","url":"i2164276-samsung-galaxy-note-9-with-wireless-charger.html","name":" Samsung Galaxy Note 9 With Wireless Charger","price":"51,500"},{"type":"cellphones","date":"2020-05-17","url":"i2101318-oneplus-7-pro.html","name":" Oneplus 7 Pro","price":"60,000"},{"type":"cellphones","date":"2020-05-17","url":"i2164562-google-pixel-2-exchange-with-iphone-7-iphone-8.html","name":" Google Pixel 2 Exchange With Iphone 7/ Iphone 8","price":"26,000"},{"type":"cellphones","date":"2020-05-17","url":"i2162987-redmi-note-8-pro-6-128-gb.html","name":" Redmi Note 8 Pro (6/128) Gb","price":"26,500"},{"type":"cellphones","date":"2020-05-17","url":"i2165196-iphone-7-plus-128-gb-jet-black.html","name":" Iphone 7 Plus 128 Gb Jet Black","price":"43,000"},{"type":"cellphones","date":"2020-05-17","url":"i2144043-samsung-note-10-plus-12-256-gb-white-1-month-used-plus-full-accessory.html","name":" Samsung Note 10 Plus 12/256 Gb, White (1 Month Used)+ Full Accessory","price":"83,000"},{"type":"cellphones","date":"2020-05-17","url":"i2139522-pocophone-poco-x2.html","name":" Pocophone Poco X2","price":"34,500"},{"type":"cellphones","date":"2020-05-17","url":"i2153807-samsung-note-8-gold-dual-sim-exchange-with-iphone-7-plus-not-for-sale.html","name":" Samsung Note 8 Gold Dual Sim Exchange With Iphone 7 Plus(not For Sale)","price":"50,000"},{"type":"cellphones","date":"2020-05-17","url":"i2145939-samsung-galaxy-s9-seal-pack.html","name":" Samsung Galaxy S9 (seal Pack)","price":"38,000"},{"type":"cellphones","date":"2020-05-17","url":"i2164854-redmi-note-8-pro.html","name":" Redmi Note 8 Pro","price":"25,000"},{"type":"cellphones","date":"2020-05-17","url":"i2114202-samsung-a70-on-sell.html","name":" Samsung A70 On Sell","price":"22,000"},{"type":"cellphones","date":"2020-05-17","url":"i2162775-iphone-11-pro-max.html","name":" Iphone 11 Pro Max","price":"1,70,000"},{"type":"cellphones","date":"2020-05-17","url":"i2136465-mi-redmi-k20-pro-exchange-with-ios-only.html","name":" Mi Redmi K20 Pro (exchange With Ios Only)","price":"40,000"},{"type":"cellphones","date":"2020-05-17","url":"i2128462-iphone7-plus-red.html","name":" Iphone7+ Red","price":"36,000"},{"type":"cellphones","date":"2020-05-17","url":"i2162427-samsung-s9.html","name":" Samsung S9","price":"21,000"},{"type":"cellphones","date":"2020-05-17","url":"i2146026-oneplus-6t.html","name":" Oneplus 6t","price":"32,900"},{"type":"cellphones","date":"2020-05-17","url":"i2147946-s6-edge-parts.html","name":" S6 Edge Parts","price":"3,000"},{"type":"cellphones","date":"2020-05-17","url":"i1650654-vivo-mobile-grand-offer-with-unbeliable-rate-with-warranty.html","name":" Vivo Mobile Grand Offer With Unbeliable Rate With Warranty","price":"11,990"},{"type":"cellphones","date":"2020-05-17","url":"i2165191-iphone-xs-max.html","name":" Iphone Xs Max","price":"38,999"},{"type":"cellphones","date":"2020-05-17","url":"i2124324-iphone-11-pro-64-gb-midnight-green-from-kuwait.html","name":" Iphone 11 Pro 64 Gb Midnight Green From Kuwait","price":"1,25,000"},{"type":"cellphones","date":"2020-05-17","url":"i2126067-factory-locked-iphone-11-128gb-on-sale.html","name":" Factory Locked Iphone 11 128gb On Sale","price":"80,000"},{"type":"cellphones","date":"2020-05-17","url":"i2165645-samsung-a70s.html","name":" Samsung A70s","price":"30,500"},{"type":"cellphones","date":"2020-05-17","url":"i1977957-xiaomi-redmi-8-4gb-ram-64gb-rom-5000mah-battery-with-authorize-warra.html","name":" Xiaomi Redmi 8 (4gb Ram/64gb Rom) 5000mah Battery With Authorize Warra","price":"15,800"},{"type":"cellphones","date":"2020-05-17","url":"i2162817-oneplus-7tpro.html","name":" Oneplus 7tpro","price":"75,000"},{"type":"cellphones","date":"2020-05-17","url":"i2130276-iphone-8.html","name":" Iphone 8","price":"35,000"},{"type":"cellphones","date":"2020-05-17","url":"i2164810-a50s-6-128gb-global-version.html","name":" A50s 6/128gb Global Version","price":"25,350"},{"type":"cellphones","date":"2020-05-17","url":"i2161951-oppo-f11-pro-6-64.html","name":" Oppo F11 Pro (6/ 64)","price":"22,999"},{"type":"cellphones","date":"2020-05-17","url":"i2115805-iphone-x-256-gb.html","name":" Iphone X (256 Gb)","price":"64,000"},{"type":"cellphones","date":"2020-05-17","url":"i2164896-iphone-8-plus-64-gb-us-set.html","name":" Iphone 8 Plus 64 Gb Us Set","price":"62,000"},{"type":"cellphones","date":"2020-05-17","url":"i2165383-iphone-6-on-sale.html","name":" Iphone 6 On Sale","price":"10,000"},{"type":"cellphones","date":"2020-05-17","url":"i2148848-iphone-11.html","name":" Iphone 11","price":"1,00,000"},{"type":"cellphones","date":"2020-05-17","url":"i2165742-lg-g5.html","name":" Lg G5","price":"15,000"},{"type":"cellphones","date":"2020-05-17","url":"i2162248-samsung-note-8.html","name":" Samsung Note 8","price":"30,000"},{"type":"cellphones","date":"2020-05-17","url":"i2143650-iphone-x.html","name":" Iphone X","price":"55,000"},{"type":"cellphones","date":"2020-05-17","url":"i2142332-icloud-lock-iphone-xr-128gb-for-sell.html","name":" Icloud Lock Iphone Xr 128gb For Sell","price":"25,500"},{"type":"cellphones","date":"2020-05-17","url":"i2165290-samsung-galaxy-s9-plus.html","name":" Samsung Galaxy S9+","price":"38,500"},{"type":"cellphones","date":"2020-05-17","url":"i2105398-s10plus.html","name":" S10plus","price":"75,000"},{"type":"cellphones","date":"2020-05-17","url":"i2165883-exchange-or-buy.html","name":" Exchange Or Buy.","price":"32,000"},{"type":"cellphones","date":"2020-05-17","url":"i2165879-glaxy-note-10-plus.html","name":" Glaxy Note 10+","price":"95,000"},{"type":"cellphones","date":"2020-05-17","url":"i2163655-urgent-sale.html","name":" Urgent Sale","price":"15,000"},{"type":"cellphones","date":"2020-05-17","url":"i2153497-samsung-galaxy-s10-plus-5g-256-gb-black.html","name":" Samsung Galaxy S10 Plus 5g 256 Gb Black","price":"87,000"},{"type":"cellphones","date":"2020-05-17","url":"i2153228-redmi-5.html","name":" Redmi 5","price":"10,000"},{"type":"cellphones","date":"2020-05-17","url":"i2132631-iphone-xs-max-256-gb.html","name":" Iphone Xs Max 256 Gb","price":"85,000"},{"type":"cellphones","date":"2020-05-17","url":"i2165390-pixel-4-xl-needed-for-70k.html","name":" Pixel 4 Xl Needed For 70k","price":"70,000"},{"type":"cellphones","date":"2020-05-17","url":"i2161179-huawei-p8-lite.html","name":" Huawei P8 Lite","price":"6,500"},{"type":"cellphones","date":"2020-05-17","url":"i2164985-one-plus-six-6-64gb-on-sale.html","name":" One Plus Six 6/64gb On Sale","price":"38,000"},{"type":"cellphones","date":"2020-05-17","url":"i2125059-fresh-redmi-note-8-pro.html","name":" Fresh Redmi Note 8 Pro","price":"25,000"},{"type":"cellphones","date":"2020-05-17","url":"i2157266-asus-zenfone-5z-snapdragon-845-6-128.html","name":" Asus Zenfone 5z Snapdragon 845(6/128)","price":"18,499"},{"type":"cellphones","date":"2020-05-17","url":"i2102703-iphone-7-plus-128gb.html","name":" Iphone 7 Plus 128gb","price":"40,000"},{"type":"cellphones","date":"2020-05-17","url":"i2161191-sale-note-8-pro-8128-gb.html","name":" Sale Note 8 Pro 8-128 Gb","price":"25,000"},{"type":"cellphones","date":"2020-05-17","url":"i2152969-vivo-s1-4-128.html","name":" Vivo S1 4/128","price":"20,000"},{"type":"cellphones","date":"2020-05-17","url":"i2149518-iphone-11-pro-max-256.html","name":" Iphone 11 Pro Max 256","price":"1,60,000"},{"type":"cellphones","date":"2020-05-17","url":"i2125461-pixel-3-xl-4-128-gb.html","name":" Pixel 3 Xl (4/128 Gb)","price":"25,000"},{"type":"cellphones","date":"2020-05-17","url":"i2165403-samsung-a51.html","name":" Samsung A51","price":"30,000"},{"type":"cellphones","date":"2020-05-17","url":"i2150116-samsung-galaxy-a6-plus.html","name":" Samsung Galaxy A6 Plus","price":"17,000"},{"type":"cellphones","date":"2020-05-17","url":"i2157265-samsung-a20.html","name":" Samsung A20","price":"12,500"},{"type":"cellphones","date":"2020-05-17","url":"i2163772-oppo-a9-2020.html","name":" Oppo A9 2020","price":"25,000"}]