[{"type":"cellphones","date":"2020-06-14","url":"i2172124-iphone-x-64-gb.html","name":" Iphone X - 64 Gb","price":"45,000"},{"type":"cellphones","date":"2020-06-14","url":"i2165153-samsung-note-8-sell-or-exng-white-oneplus6-or-6t.html","name":" Samsung Note 8 Sell Or Exng White Oneplus6 Or 6t","price":"25,000"},{"type":"cellphones","date":"2020-06-14","url":"i2150270-redmi-note-8-quad-camera-3-month-used.html","name":" Redmi Note 8 Quad Camera 3 Month Used","price":"17,000"},{"type":"cellphones","date":"2020-06-14","url":"i2090621-redmi-note-8-one-week-used.html","name":" Redmi Note 8 One Week Used","price":"17,000"},{"type":"cellphones","date":"2020-06-14","url":"i2181219-lg-v30-urgently-on-sale.html","name":" Lg V30 Urgently On Sale","price":"23,000"},{"type":"cellphones","date":"2020-06-14","url":"i2166986-m20-genuine-set.html","name":" M20 Genuine Set","price":"13,750"},{"type":"cellphones","date":"2020-06-14","url":"i2170571-iphone-11-pro-max-256gb-silver-white-urgent-sell.html","name":" Iphone 11 Pro Max 256gb Silver White Urgent Sell","price":"1,90,000"},{"type":"cellphones","date":"2020-06-14","url":"i2155023-samsung-galaxy-s9-like-new-in-pokhara.html","name":" Samsung Galaxy S9 Like New In Pokhara","price":"22,000"},{"type":"cellphones","date":"2020-06-14","url":"i2175542-need-poco-x2-urgent.html","name":" Need Poco X2 Urgent","price":"32,000"},{"type":"cellphones","date":"2020-06-14","url":"i2171831-galaxy-note-8-sale-or-exchange.html","name":" Galaxy Note 8 Sale Or Exchange","price":"24,998"},{"type":"cellphones","date":"2020-06-14","url":"i2179293-9828576176.html","name":" 9828576176","price":"65,000"},{"type":"cellphones","date":"2020-06-14","url":"i2181400-one-plus-6-8-128-with-dash-charger-org.html","name":" One Plus 6.. 8/128 With Dash Charger Org","price":"28,900"},{"type":"cellphones","date":"2020-06-14","url":"i2176399-nokia-7-2.html","name":" Nokia 7.2","price":"22,000"},{"type":"cellphones","date":"2020-06-14","url":"i2181111-samsung-galaxy-s10-plus.html","name":" Samsung Galaxy S10 Plus","price":"61,999"},{"type":"cellphones","date":"2020-06-14","url":"i2177976-samsung-galaxy-note-8.html","name":" Samsung Galaxy Note 8","price":"45,000"},{"type":"cellphones","date":"2020-06-14","url":"i2176336-samsung-galaxy-m31.html","name":" Samsung Galaxy M31","price":"31,000"},{"type":"cellphones","date":"2020-06-14","url":"i2175422-one-plus-7-8gbram-256-gb-rom-exchange-only.html","name":" One Plus 7 8gbram 256 Gb Rom Exchange Only","price":"43,500"},{"type":"cellphones","date":"2020-06-14","url":"i2176268-mobile-for-sell.html","name":" Mobile For Sell","price":"6,000"},{"type":"cellphones","date":"2020-06-14","url":"i2181101-iphone-6s.html","name":" Iphone 6s","price":"15,000"},{"type":"cellphones","date":"2020-06-14","url":"i2105142-iphone-6s-unlocked-from-us-excellent-condition.html","name":" Iphone 6s Unlocked, From Us-, Excellent Condition","price":"15,500"},{"type":"cellphones","date":"2020-06-14","url":"i1976531-blackberry-priv-android.html","name":" Blackberry Priv Android","price":"20,000"},{"type":"cellphones","date":"2020-06-14","url":"i2148241-iphone-6s-plus.html","name":" Iphone 6s+","price":"29,500"},{"type":"cellphones","date":"2020-06-14","url":"i2179421-iphone-8-plus.html","name":" Iphone 8 Plus","price":"50,000"},{"type":"cellphones","date":"2020-06-14","url":"i2027500-one-plus-6t.html","name":" One Plus 6t","price":"38,000"},{"type":"cellphones","date":"2020-06-14","url":"i2177719-hey-folks-iphone-6-on-sale.html","name":" Hey Folks Iphone 6 On Sale","price":"14,000"},{"type":"cellphones","date":"2020-06-14","url":"i2174768-exchange-with-oneplus-7t-or-iphone-xr-with-iphone-x.html","name":" Exchange With Oneplus 7t Or Iphone Xr With Iphone X","price":"59,000"},{"type":"cellphones","date":"2020-06-14","url":"i2180408-htc-2-16-gb-ram-rom-in-3500.html","name":" Htc 2/ 16 Gb Ram,rom In 3500","price":"3,500"},{"type":"cellphones","date":"2020-06-14","url":"i2172117-note-10-lite-box-pack-unused.html","name":" Note 10 Lite Box Pack Unused","price":"63,800"},{"type":"cellphones","date":"2020-06-14","url":"i2178360-oneplus-6.html","name":" Oneplus 6","price":"32,500"},{"type":"cellphones","date":"2020-06-14","url":"i2170027-vivo-v9.html","name":" Vivo V9","price":"16,000"},{"type":"cellphones","date":"2020-06-14","url":"i2129551-iphone-5s.html","name":" Iphone 5s","price":"9,000"},{"type":"cellphones","date":"2020-06-14","url":"i2172503-samsung-s7-edge-crack.html","name":" Samsung S7 Edge (crack)","price":"12,000"},{"type":"cellphones","date":"2020-06-14","url":"i2174799-note-5.html","name":" Note 5","price":"4,500"},{"type":"cellphones","date":"2020-06-14","url":"i2173762-iphone-xs-max-64-gb-on-sale.html","name":" Iphone Xs Max 64 Gb On Sale","price":"1,00,000"},{"type":"cellphones","date":"2020-06-14","url":"i2176996-samsung-s7.html","name":" Samsung S7","price":"18,000"},{"type":"cellphones","date":"2020-06-14","url":"i2176344-samsung-galaxy-a51.html","name":" Samsung Galaxy A51","price":"41,500"},{"type":"cellphones","date":"2020-06-14","url":"i2175898-iphone-11-pro.html","name":" Iphone 11 Pro","price":"1,20,000"},{"type":"cellphones","date":"2020-06-14","url":"i2174172-poco-x2-8-256.html","name":" Poco X2 8/256","price":"39"},{"type":"cellphones","date":"2020-06-14","url":"i2177817-oneplus-8-anyone-coming-from-india.html","name":" Oneplus 8 Anyone Coming From India?","price":"69,000"},{"type":"cellphones","date":"2020-06-14","url":"i2178486-mi-a2-lite.html","name":" Mi A2 Lite","price":"12,000"},{"type":"cellphones","date":"2020-06-14","url":"i2175834-redmi-note-3-3-32-9000.html","name":" Redmi Note 3 3/32 9000","price":"9,000"},{"type":"cellphones","date":"2020-06-14","url":"i2148967-samsung-a50s.html","name":" Samsung A50s","price":"19,999"},{"type":"cellphones","date":"2020-06-14","url":"i2176350-samsung-galaxy-note-4-3-32gb.html","name":" Samsung Galaxy Note 4 (3/32gb)","price":"10,000"},{"type":"cellphones","date":"2020-06-14","url":"i1756220-iphone-6-128gb.html","name":" Iphone 6 128gb","price":"20,000"},{"type":"cellphones","date":"2020-06-14","url":"i2180038-redmi-note-8-pro.html","name":" Redmi Note 8 Pro","price":"25,000"},{"type":"cellphones","date":"2020-06-14","url":"i2176266-mobile-for-sale.html","name":" Mobile For Sale","price":"10,000"},{"type":"cellphones","date":"2020-06-14","url":"i2176946-samsung-m20.html","name":" Samsung M20","price":"13,000"},{"type":"cellphones","date":"2020-06-14","url":"i2180904-oneplus-7t-8-256.html","name":" Oneplus 7t (8/256)","price":"55,000"},{"type":"cellphones","date":"2020-06-14","url":"i2177393-samsung-galaxy-j4-plus.html","name":" Samsung Galaxy J4 Plus","price":"10,000"},{"type":"cellphones","date":"2020-06-14","url":"i2172047-samsung-note10-lite.html","name":" Samsung Note10 Lite","price":"63,000"},{"type":"cellphones","date":"2020-06-14","url":"i2161550-redmi-note-8-4gb-128-rom-sell.html","name":" Redmi Note 8 4gb 128 Rom Sell","price":"22,000"},{"type":"cellphones","date":"2020-06-14","url":"i2177105-samsung-galaxy-m21.html","name":" Samsung Galaxy M21","price":"23,000"},{"type":"cellphones","date":"2020-06-14","url":"i2137520-poco-x2.html","name":" Poco X2","price":"32,500"},{"type":"cellphones","date":"2020-06-14","url":"i2153957-samsung-galaxy-a7plus-triple-camera-for-sale.html","name":" Samsung Galaxy A7plus Triple Camera For Sale","price":"19,000"},{"type":"cellphones","date":"2020-06-14","url":"i2177289-s8-plus-for-sale-or-exchange.html","name":" S8 Plus For Sale Or Exchange","price":"24,000"},{"type":"cellphones","date":"2020-06-14","url":"i2171837-nokia-6.html","name":" Nokia 6","price":"10,000"},{"type":"cellphones","date":"2020-06-14","url":"i2174308-brand-new-iphone-8-plus-64gb-box-pack-new-condition.html","name":" Brand New Iphone 8 Plus 64gb Box Pack New Condition","price":"55,000"},{"type":"cellphones","date":"2020-06-14","url":"i2176522-oneplus-7t.html","name":" Oneplus 7t","price":"58,000"},{"type":"cellphones","date":"2020-06-14","url":"i2179342-blackberry-passport-new.html","name":" Blackberry Passport New","price":"20,000"},{"type":"cellphones","date":"2020-06-14","url":"i2139441-realme-6-pro.html","name":" Realme 6 Pro","price":"26,000"},{"type":"cellphones","date":"2020-06-14","url":"i2180433-iphone-11pro-max-on-sell.html","name":" Iphone 11pro Max On Sell","price":"1,50,000"},{"type":"cellphones","date":"2020-06-14","url":"i2165640-mi-note-8-pro-exchange-oneplus-6-iphone-6s-ply.html","name":" Mi Note 8 Pro Exchange Oneplus 6 Iphone 6s Ply","price":"23,000"},{"type":"cellphones","date":"2020-06-14","url":"i2107133-one-plus-7pro-display-crack.html","name":" One Plus 7pro (display Crack)","price":"25,000"},{"type":"cellphones","date":"2020-06-14","url":"i2171572-sony-xperia-t2-ultra-mobile-phone.html","name":" Sony Xperia T2 Ultra Mobile Phone","price":"7,200"},{"type":"cellphones","date":"2020-06-14","url":"i2178260-iphone-8plus.html","name":" Iphone 8plus","price":"70,000"},{"type":"cellphones","date":"2020-06-14","url":"i2180468-iphone-6-plus.html","name":" Iphone 6 Plus","price":"10,000"},{"type":"cellphones","date":"2020-06-14","url":"i2164983-samsung-s10-5g-256gb-urgent-sale.html","name":" Samsung S10 5g 256gb Urgent Sale","price":"75,000"},{"type":"cellphones","date":"2020-06-14","url":"i2144710-iphone-xr-full-unlocked-2-month-used-with-all-accessories.html","name":" Iphone Xr Full Unlocked (2 Month Used) With All Accessories","price":"56,999"},{"type":"cellphones","date":"2020-06-14","url":"i2164425-iphone-xs-max-space-grey.html","name":" Iphone Xs Max Space Grey","price":"82,000"},{"type":"cellphones","date":"2020-06-14","url":"i2175318-samsung-j5-6-mobile-phone.html","name":" Samsung J5(6) Mobile Phone","price":"5,000"},{"type":"cellphones","date":"2020-06-14","url":"i2141453-iphone-x-256gb-white.html","name":" Iphone X 256gb White","price":"53,000"},{"type":"cellphones","date":"2020-06-14","url":"i2181275-iphone-11-pro-max-256gb-dual.html","name":" Iphone 11 Pro Max 256gb Dual","price":"1,60,000"},{"type":"cellphones","date":"2020-06-14","url":"i2064240-iphones-6-128gb.html","name":" Iphones 6 128gb","price":"20,000"},{"type":"cellphones","date":"2020-06-14","url":"i2182175-samsumg-galaxy-s10-plus-8-128gb.html","name":" Samsumg Galaxy S10 Plus 8/128gb","price":"59,000"},{"type":"cellphones","date":"2020-06-14","url":"i2181299-iphone-xs-max-256-gb.html","name":" Iphone Xs Max 256 Gb","price":"85,000"},{"type":"cellphones","date":"2020-06-14","url":"i2181575-iphone-xs.html","name":" Iphone Xs","price":"65,000"},{"type":"cellphones","date":"2020-06-14","url":"i2174951-redmi-note-9pro-6-128-with-authorize-warranty.html","name":" Redmi Note 9pro (6/128) With Authorize Warranty","price":"29,500"},{"type":"cellphones","date":"2020-06-14","url":"i2174144-brand-new-iphone-x.html","name":" Brand New Iphone X","price":"65,000"},{"type":"cellphones","date":"2020-06-14","url":"i2181068-i-phone-7-128-gb.html","name":" I Phone 7 128 Gb","price":"27,900"},{"type":"cellphones","date":"2020-06-14","url":"i2180772-iphone-x.html","name":" Iphone X","price":"50,000"},{"type":"cellphones","date":"2020-06-14","url":"i2182262-iphone-6.html","name":" Iphone 6","price":"14,000"},{"type":"cellphones","date":"2020-06-14","url":"i2179540-iphone-11-pro-max-green-256.html","name":" Iphone 11 Pro Max Green 256","price":"1,68,000"},{"type":"cellphones","date":"2020-06-14","url":"i2158244-urgently-needed-to-sale-oneplus-5t.html","name":" Urgently Needed To Sale Oneplus 5t","price":"21,000"},{"type":"cellphones","date":"2020-06-14","url":"i2175255-mi-redmi-go-brand-new-seal-pack-mobile.html","name":" Mi Redmi Go Brand New Seal Pack Mobile","price":"8,850"},{"type":"cellphones","date":"2020-06-14","url":"i2181268-one-plus-7-256gb.html","name":" One Plus 7 256gb","price":"47,000"},{"type":"cellphones","date":"2020-06-14","url":"i2181452-iphone-xs-i-want-dual-sim-samsung-mobile-i-can-exchange-also.html","name":" Iphone Xs... I Want Dual Sim Samsung Mobile.... I Can Exchange Also","price":"66,000"},{"type":"cellphones","date":"2020-06-14","url":"i2177733-one-plus-7-t-for-sale.html","name":" One Plus 7 T For Sale","price":"55,000"},{"type":"cellphones","date":"2020-06-14","url":"i2124871-vivo-y93.html","name":" Vivo Y93","price":"9,500"},{"type":"cellphones","date":"2020-06-14","url":"i2174685-bypass-full-fresh-iphone6-on-sale.html","name":" Bypass Full Fresh Iphone6 On Sale","price":"10,000"},{"type":"cellphones","date":"2020-06-14","url":"i2161518-samsung-a10s.html","name":" Samsung A10s","price":"10,000"},{"type":"cellphones","date":"2020-06-14","url":"i2166278-iphone-7-is-in-sell.html","name":" Iphone 7 Is In Sell","price":"28,000"},{"type":"cellphones","date":"2020-06-14","url":"i2175800-lockdown-sale-iphone-6-plus-plus-huawei-y7-prime.html","name":" Lockdown Sale: Iphone 6 Plus + Huawei Y7 Prime","price":"26,000"},{"type":"cellphones","date":"2020-06-14","url":"i2159308-realme-xt.html","name":" Realme Xt","price":"26,000"},{"type":"cellphones","date":"2020-06-14","url":"i2178559-iphone-7-chitwan-area-ko-layy-matra-haii.html","name":" Iphone 7 (chitwan Area Ko Layy Matra Haii)","price":"25,000"},{"type":"cellphones","date":"2020-06-14","url":"i2158945-samsung-galaxy-note-8.html","name":" Samsung Galaxy Note 8","price":"25,000"},{"type":"cellphones","date":"2020-06-14","url":"i2150902-oneplus-3-6gb-ram-64gb-internal-memory-good-condition.html","name":" Oneplus 3 6gb Ram 64gb Internal Memory.good Condition","price":"13,000"},{"type":"cellphones","date":"2020-06-14","url":"i2177070-redmi-8-4-gb-plus-64-gb-authorized-seal-packed.html","name":" Redmi 8 (4 Gb + 64 Gb) Authorized Seal Packed","price":"16,499"},{"type":"cellphones","date":"2020-06-14","url":"i2181291-oneplus-7t-8gb-256gb.html","name":" Oneplus 7t 8gb/256gb","price":"63,000"},{"type":"cellphones","date":"2020-06-14","url":"i2177251-samsung-note-9.html","name":" Samsung Note 9","price":"55,000"},{"type":"cellphones","date":"2020-06-14","url":"i2150013-samsung-s10-plus-8-128.html","name":" Samsung S10 Plus 8/128","price":"69,999"},{"type":"cellphones","date":"2020-06-14","url":"i2182159-samsung-android-folding-512-12.html","name":" Samsung Android Folding 512/12","price":"1,20,000"},{"type":"cellphones","date":"2020-06-14","url":"i2113599-iphone-xs-max-64gb.html","name":" Iphone Xs Max 64gb","price":"79,999"},{"type":"cellphones","date":"2020-06-14","url":"i2153705-iphone-x-64gb-for-sale-with-original-charger.html","name":" Iphone X 64gb For Sale With Original Charger","price":"55,000"},{"type":"cellphones","date":"2020-06-14","url":"i2164020-samsung-s9-plus-on-sale-personal-use-phone-with-box.html","name":" Samsung S9 Plus On Sale {personal Use Phone} With Box","price":"43,000"},{"type":"cellphones","date":"2020-06-14","url":"i2172122-mi-max-2.html","name":" Mi Max 2","price":"13,000"},{"type":"cellphones","date":"2020-06-14","url":"i2168256-samsung-a10s-brand-new-condition-set-comes-with-its-box.html","name":" Samsung A10s Brand New Condition Set Comes With Its Box","price":"15,000"},{"type":"cellphones","date":"2020-06-14","url":"i2182752-samsung-s7-edge.html","name":" Samsung S7 Edge","price":"10,000"},{"type":"cellphones","date":"2020-06-14","url":"i2178326-iphone-11-pro-max-512gb.html","name":" Iphone 11 Pro Max 512gb","price":"1,65,000"},{"type":"cellphones","date":"2020-06-14","url":"i2181127-ipad-9-7-inch-on-sale.html","name":" Ipad 9.7 Inch On Sale","price":"58,000"},{"type":"cellphones","date":"2020-06-14","url":"i2169912-oneplus-7t-pro.html","name":" Oneplus 7t Pro","price":"80,000"},{"type":"cellphones","date":"2020-06-14","url":"i2182047-samsung-galaxy-s10-plus.html","name":" Samsung Galaxy S10 Plus","price":"40,000"},{"type":"cellphones","date":"2020-06-14","url":"i2158419-iphone-11-in-red-color-100-battery-life.html","name":" Iphone 11 In Red Color(100% Battery Life)","price":"90,000"},{"type":"cellphones","date":"2020-06-14","url":"i2174936-redmi-note-9-pro-brand-new-with-snapdragon-720g.html","name":" Redmi Note 9 Pro Brand New With Snapdragon 720g","price":"29,390"},{"type":"cellphones","date":"2020-06-14","url":"i2129334-iphone-11-pro-max-256gb-grey.html","name":" Iphone 11 Pro Max 256gb Grey","price":"1,50,000"},{"type":"cellphones","date":"2020-06-14","url":"i2180485-iphone-6s.html","name":" Iphone 6s","price":"19,000"},{"type":"cellphones","date":"2020-06-14","url":"i2181282-iphone-6-new-condition.html","name":" Iphone 6 New Condition","price":"16,500"},{"type":"cellphones","date":"2020-06-14","url":"i2141497-iphone-8-plus-256gb.html","name":" Iphone 8 Plus 256gb","price":"67,500"},{"type":"cellphones","date":"2020-06-14","url":"i2181670-oneplus-6t-on-sale.html","name":" Oneplus 6t On Sale","price":"40,000"},{"type":"cellphones","date":"2020-06-14","url":"i2182816-redmi-note-8pro.html","name":" Redmi Note 8pro","price":"26,000"},{"type":"cellphones","date":"2020-06-14","url":"i2180814-oneplus-6t-on-sale-8-128.html","name":" Oneplus 6t On Sale ( 8/128)","price":"38,000"},{"type":"cellphones","date":"2020-06-14","url":"i2159257-samsung-galaxy-note-10-plus.html","name":" Samsung Galaxy Note 10 Plus","price":"90,000"},{"type":"cellphones","date":"2020-06-14","url":"i2154794-samsung-a9-128gb.html","name":" Samsung A9 128gb","price":"25,000"},{"type":"cellphones","date":"2020-06-14","url":"i2171821-iphone-5s.html","name":" Iphone 5s","price":"8,000"},{"type":"cellphones","date":"2020-06-14","url":"i2167908-samsung-tab-a10-1-2019-lockdown-no-problem.html","name":" Samsung Tab A10.1 (2019) Lockdown No Problem.","price":"34,300"},{"type":"cellphones","date":"2020-06-14","url":"i2171698-oppo-f7.html","name":" Oppo F7","price":"15,500"},{"type":"cellphones","date":"2020-06-14","url":"i2181385-i-need-bypass-8-plus-or-7-plus.html","name":" I Need Bypass 8 Plus Or 7 Plus","price":"20,000"},{"type":"cellphones","date":"2020-06-14","url":"i1993041-6-months-used-iphone-6-128gb-and-iphone-6-64gb-is-for-sell-urgently.html","name":" 6 Months Used Iphone 6 128gb And Iphone 6 64gb Is For Sell Urgently","price":"18,500"},{"type":"cellphones","date":"2020-06-14","url":"i2179431-i-need-icloud-lock-iphone-6-7-7-plus-8-plus-x-xr.html","name":" I Need Icloud Lock Iphone 6.7.7+.8+.x.xr","price":"20,000"},{"type":"cellphones","date":"2020-06-14","url":"i2110466-iphone-8-plus.html","name":" Iphone 8 Plus","price":"50,000"},{"type":"cellphones","date":"2020-06-14","url":"i2142071-galaxy-a51.html","name":" Galaxy A51","price":"36,000"},{"type":"cellphones","date":"2020-06-14","url":"i2181242-fresh-iphone-x-64gb.html","name":" Fresh Iphone X 64gb","price":"58,000"},{"type":"cellphones","date":"2020-06-14","url":"i2182329-iphone-xr-64gb-with-box-and-accessories.html","name":" Iphone Xr 64gb With Box And Accessories","price":"65,000"},{"type":"cellphones","date":"2020-06-14","url":"i2167609-huwaei-mate-20-pro.html","name":" Huwaei Mate 20 Pro","price":"70,000"},{"type":"cellphones","date":"2020-06-14","url":"i2161453-samsung-note-8-or-exchange-with-other-phones.html","name":" Samsung Note 8 Or Exchange With Other Phones","price":"29,000"},{"type":"cellphones","date":"2020-06-14","url":"i2161292-samsung-mobile-c9-pro-64gb.html","name":" Samsung Mobile C9 Pro 64gb","price":"28,000"},{"type":"cellphones","date":"2020-06-14","url":"i2173082-xiaomi-mi-redmi-note-9-pro-6-128gb-authorizes-warranty.html","name":" Xiaomi Mi Redmi Note 9 Pro(6/128gb) Authorizes Warranty","price":"29,999"},{"type":"cellphones","date":"2020-06-14","url":"i2183031-iphone-x-64gb.html","name":" Iphone X 64gb","price":"58,000"},{"type":"cellphones","date":"2020-06-14","url":"i2180832-redmi-8.html","name":" Redmi 8","price":"15,000"},{"type":"cellphones","date":"2020-06-14","url":"i2182586-iphone-x-64-gb.html","name":" Iphone X 64 Gb","price":"70,000"},{"type":"cellphones","date":"2020-06-14","url":"i2159761-iphone-7-plus-32gb-with-box.html","name":" Iphone 7 Plus 32gb With Box","price":"35,000"},{"type":"cellphones","date":"2020-06-14","url":"i2182718-iphone-xsmax-on-sale-or-exchange.html","name":" Iphone Xsmax On Sale Or Exchange","price":"70,000"},{"type":"cellphones","date":"2020-06-14","url":"i2181895-samsung-galaxy-note-8-box-packed.html","name":" Samsung Galaxy Note 8 Box Packed","price":"34,500"},{"type":"cellphones","date":"2020-06-14","url":"i2156092-box-pack-oppo-reno-2-with-20x-zoom-quad-camera.html","name":" Box Pack Oppo Reno 2 With 20x Zoom Quad Camera","price":"40,000"},{"type":"cellphones","date":"2020-06-14","url":"i2179349-poco-f1.html","name":" Poco F1","price":"23,000"},{"type":"cellphones","date":"2020-06-14","url":"i2182755-oneplus-7-pro.html","name":" Oneplus 7 Pro","price":"70,000"},{"type":"cellphones","date":"2020-06-14","url":"i2099697-iphone-6-orginal-and-brand-new.html","name":" Iphone 6 Orginal And Brand New","price":"10,500"},{"type":"cellphones","date":"2020-06-14","url":"i2180837-vivo-v15-pro.html","name":" Vivo V15 Pro","price":"28,000"},{"type":"cellphones","date":"2020-06-14","url":"i2178556-iphone-x-s-max-black-64gb.html","name":" Iphone X S Max Black 64gb","price":"89,000"},{"type":"cellphones","date":"2020-06-14","url":"i2152183-samsung-m30s.html","name":" Samsung M30s","price":"18,000"},{"type":"cellphones","date":"2020-06-14","url":"i2178175-samsung-galaxy-note-8-box-pack-usa-model.html","name":" Samsung Galaxy Note 8 Box Pack Usa Model","price":"50,000"},{"type":"cellphones","date":"2020-06-14","url":"i2168410-iphone-11-pro-max-512gb.html","name":" Iphone 11 Pro Max 512gb","price":"2,30,000"},{"type":"cellphones","date":"2020-06-14","url":"i2147695-samsung-m40-exchange-only.html","name":" Samsung M40 Exchange Only","price":"21,000"},{"type":"cellphones","date":"2020-06-14","url":"i2102202-5th-generation-ipad.html","name":" 5th Generation (ipad)","price":"26,000"},{"type":"cellphones","date":"2020-06-14","url":"i2151893-samsung-s8plus.html","name":" Samsung S8plus","price":"18,500"},{"type":"cellphones","date":"2020-06-14","url":"i2180447-iphone-xs-max-256-gb-on-sell.html","name":" Iphone Xs Max 256 Gb On Sell","price":"1,00,000"},{"type":"cellphones","date":"2020-06-14","url":"i2176356-samsung-a70s-on-sell.html","name":" Samsung A70s On Sell","price":"36,000"},{"type":"cellphones","date":"2020-06-14","url":"i2181885-samsung-note-9.html","name":" Samsung Note 9","price":"50,000"},{"type":"cellphones","date":"2020-06-14","url":"i2181002-authorized-brand-new-phones.html","name":" Authorized Brand New Phones","price":"11,111"},{"type":"cellphones","date":"2020-06-14","url":"i2180985-oneplus-7pro.html","name":" Oneplus 7pro","price":"70,000"},{"type":"cellphones","date":"2020-06-14","url":"i2037938-iphone-6s.html","name":" Iphone 6s","price":"17,000"},{"type":"cellphones","date":"2020-06-14","url":"i2181931-iphone-x-256gb-with-box-imei-matching-original-box-black.html","name":" Iphone X 256gb, With Box (imei Matching Original Box) Black","price":"68,000"},{"type":"cellphones","date":"2020-06-14","url":"i2146440-oneplus-6t-8-128-gb-on-sell.html","name":" Oneplus 6t (8/128)gb On Sell","price":"33,500"},{"type":"cellphones","date":"2020-06-14","url":"i2182561-ifone-6s-fresh.html","name":" Ifone 6s Fresh","price":"15,000"},{"type":"cellphones","date":"2020-06-14","url":"i2173292-iphone-7-plusfresh-condition.html","name":" Iphone 7 Plusfresh Condition","price":"38,000"},{"type":"cellphones","date":"2020-06-14","url":"i2168540-htc-u11-plus-6gb-and-128gb.html","name":" Htc U11 Plus (6gb&128gb)","price":"45,000"},{"type":"cellphones","date":"2020-06-14","url":"i2125793-motorola-v680-plus-cdma.html","name":" Motorola V680+( Cdma)","price":"700"},{"type":"cellphones","date":"2020-06-14","url":"i2134807-iphone-7-plus-256-gb.html","name":" Iphone 7+ 256 Gb","price":"38,000"},{"type":"cellphones","date":"2020-06-14","url":"i2182887-samsung-galaxy-s9-plus.html","name":" Samsung Galaxy S9 Plus","price":"28,000"},{"type":"cellphones","date":"2020-06-14","url":"i2148882-samsung-galaxy-note-edge.html","name":" Samsung Galaxy Note Edge","price":"12,345"},{"type":"cellphones","date":"2020-06-14","url":"i2062974-redmi-k20-pro-8-256.html","name":" Redmi K20 Pro (8/256)","price":"37,000"},{"type":"cellphones","date":"2020-06-14","url":"i2178913-redmi-note-9-pro.html","name":" Redmi Note 9 Pro","price":"30,500"},{"type":"cellphones","date":"2020-06-14","url":"i2180399-samsung-mobile-s7-edge.html","name":" Samsung Mobile S7 Edge","price":"18,000"},{"type":"cellphones","date":"2020-06-14","url":"i2177732-ipad-air-2-exchange-with-dslr-camera.html","name":" Ipad Air 2.. Exchange With Dslr Camera","price":"35,000"},{"type":"cellphones","date":"2020-06-14","url":"i2182563-redmi-note-8.html","name":" Redmi Note 8","price":"18,000"},{"type":"cellphones","date":"2020-06-14","url":"i2182309-need-oneplus-8-or-7-pro-urgent-55-thousand-comment-fast.html","name":" Need Oneplus 8 Or 7 Pro Urgent 55 Thousand Comment Fast","price":"55"},{"type":"cellphones","date":"2020-06-14","url":"i2177179-s10-plus.html","name":" S10 Plus","price":"69,999"},{"type":"cellphones","date":"2020-06-14","url":"i2182869-asus-rog-phone-2-8-128gb-with-charger.html","name":" Asus Rog Phone 2 8/128gb With Charger","price":"62,000"},{"type":"cellphones","date":"2020-06-14","url":"i2180595-needed-one-plus-7-pro-8gb-ram.html","name":" Needed One Plus 7 Pro 8gb Ram","price":"50,000"},{"type":"cellphones","date":"2020-06-14","url":"i2101318-oneplus-7-pro.html","name":" Oneplus 7 Pro","price":"60,000"},{"type":"cellphones","date":"2020-06-14","url":"i2180250-samsung-galaxy-a80-128gb-8gb-ram.html","name":" Samsung Galaxy A80 128gb/8gb Ram","price":"42,000"},{"type":"cellphones","date":"2020-06-14","url":"i2181098-honor-8x.html","name":" Honor 8x","price":"19,000"},{"type":"cellphones","date":"2020-06-14","url":"i2171666-iphone-8-plus-with-box.html","name":" Iphone 8 Plus With Box","price":"59,000"},{"type":"cellphones","date":"2020-06-14","url":"i2145630-redmi-note-8-quad-camera-with-all-accessories-free.html","name":" Redmi Note 8 (quad Camera) With All Accessories Free","price":"15,490"},{"type":"cellphones","date":"2020-06-14","url":"i2182411-iphone-8-64-gb-icloud-bypass.html","name":" Iphone 8 64 Gb Icloud Bypass","price":"18,500"},{"type":"cellphones","date":"2020-06-14","url":"i2174044-redmi-note-9-pro-authorised-warranty-set.html","name":" Redmi Note 9 Pro Authorised Warranty Set","price":"29,999"},{"type":"cellphones","date":"2020-06-14","url":"i2104749-iphone-7plus-128gb-urgent-sell.html","name":" Iphone 7plus 128gb Urgent Sell","price":"50,000"},{"type":"cellphones","date":"2020-06-14","url":"i2117752-samsung-m31.html","name":" Samsung M31","price":"27,000"},{"type":"cellphones","date":"2020-06-14","url":"i2149485-iphone-7-plus-128gb.html","name":" Iphone 7 Plus 128gb","price":"46,500"},{"type":"cellphones","date":"2020-06-14","url":"i2173834-k20-pro-8gb-ram-256gb-rom.html","name":" K20 Pro 8gb Ram 256gb Rom","price":"40,000"},{"type":"cellphones","date":"2020-06-14","url":"i2182784-samsung-a50.html","name":" Samsung A50","price":"16,500"},{"type":"cellphones","date":"2020-06-14","url":"i2143650-iphone-x.html","name":" Iphone X","price":"55,000"},{"type":"cellphones","date":"2020-06-14","url":"i2163168-iphone-8plus-64gb.html","name":" Iphone 8plus 64gb","price":"45,000"},{"type":"cellphones","date":"2020-06-14","url":"i2115805-iphone-x-256-gb.html","name":" Iphone X (256 Gb)","price":"64,000"},{"type":"cellphones","date":"2020-06-14","url":"i2166817-one-plus-7pro.html","name":" One Plus 7pro","price":"57,000"},{"type":"cellphones","date":"2020-06-14","url":"i2144043-samsung-note-10-plus-12-256-gb-white-1-month-used-plus-full-accessory.html","name":" Samsung Note 10 Plus 12/256 Gb, White (1 Month Used)+ Full Accessory","price":"83,000"},{"type":"cellphones","date":"2020-06-14","url":"i2178831-mi-4-w-mobile.html","name":" Mi 4 W Mobile","price":"3,500"},{"type":"cellphones","date":"2020-06-14","url":"i2137589-oppo-f9-pro.html","name":" Oppo F9 Pro","price":"14,000"},{"type":"cellphones","date":"2020-06-14","url":"i2180704-samsung-galaxy-m30s-64gb.html","name":" Samsung Galaxy M30s 64gb","price":"20,000"},{"type":"cellphones","date":"2020-06-14","url":"i2155150-iphone-xs-max-256gb-gold-colour.html","name":" Iphone Xs Max 256gb (gold Colour)","price":"75,000"},{"type":"cellphones","date":"2020-06-14","url":"i1977957-xiaomi-redmi-8-4gb-ram-64gb-rom-5000mah-battery-with-authorize-warra.html","name":" Xiaomi Redmi 8 (4gb Ram/64gb Rom) 5000mah Battery With Authorize Warra","price":"16,300"},{"type":"cellphones","date":"2020-06-14","url":"i2153102-very-good-condition-back-4-camera-64-mp-and-front-2-camera-32-plus-8-mp.html","name":" Very Good Condition Back 4 Camera 64 Mp And Front 2 Camera 32+8 Mp","price":"36,000"},{"type":"cellphones","date":"2020-06-14","url":"i2106957-iphone-11-pro-max-super-dubai-clone.html","name":" Iphone 11 Pro Max(super Dubai Clone)","price":"24,000"},{"type":"cellphones","date":"2020-06-14","url":"i2172754-samsung-a51-brandnew.html","name":" Samsung A51 Brandnew","price":"38,400"},{"type":"cellphones","date":"2020-06-14","url":"i2174035-iphone-6-for-sale.html","name":" Iphone 6 For Sale","price":"14,000"},{"type":"cellphones","date":"2020-06-14","url":"i2173304-samsung-s9-with-original-akg-earphones.html","name":" Samsung S9 With Original Akg Earphones","price":"40,000"},{"type":"cellphones","date":"2020-06-14","url":"i2152516-brand-new-iwatch-series-3-42mm-and-iphone-6s.html","name":" Brand New Iwatch Series 3 42mm And Iphone 6s","price":"50,000"},{"type":"cellphones","date":"2020-06-14","url":"i2167655-iphone-6-64gb.html","name":" Iphone 6 (64gb)","price":"15,000"},{"type":"cellphones","date":"2020-06-14","url":"i2182355-samsung-note9-lcd-with-frame-orginal.html","name":" Samsung Note9 Lcd With Frame Orginal","price":"27,000"},{"type":"cellphones","date":"2020-06-14","url":"i2182962-mi-a3-on-sale-with-matching-box-and-accessories.html","name":" Mi A3 On Sale With Matching Box And Accessories","price":"18,000"},{"type":"cellphones","date":"2020-06-14","url":"i2171492-mi-a3-urgent-sale.html","name":" Mi A3 Urgent Sale","price":"25,000"},{"type":"cellphones","date":"2020-06-14","url":"i1650654-vivo-mobile-grand-offer-with-unbeliable-rate-with-warranty.html","name":" Vivo Mobile Grand Offer With Unbeliable Rate With Warranty","price":"11,990"},{"type":"cellphones","date":"2020-06-14","url":"i2182230-i-phone-xr-want-to-buy.html","name":" I Phone Xr (want To Buy)","price":"55,000"},{"type":"cellphones","date":"2020-06-14","url":"i2182183-oneplus-7-like-new.html","name":" Oneplus 7 Like New","price":"42,999"},{"type":"cellphones","date":"2020-06-14","url":"i2182233-iphone-x-64gb-fresh.html","name":" Iphone X 64gb Fresh","price":"40,000"},{"type":"cellphones","date":"2020-06-14","url":"i2114202-samsung-a70-on-sell.html","name":" Samsung A70 On Sell","price":"22,000"},{"type":"cellphones","date":"2020-06-14","url":"i2137619-iphone-7-plus-128gb-gold.html","name":" Iphone 7 Plus 128gb Gold","price":"40,000"},{"type":"cellphones","date":"2020-06-14","url":"i2181826-htc-u-ultra-new-64gb-brilliant-black.html","name":" Htc U Ultra New 64gb Brilliant Black","price":"26,000"},{"type":"cellphones","date":"2020-06-14","url":"i2172855-xiaomi-mi-note-10-lite-6-128gb-seald-pack.html","name":" Xiaomi Mi Note 10 Lite (6/128gb) Seald Pack","price":"44,999"},{"type":"cellphones","date":"2020-06-14","url":"i2173244-samsung-mobile-on-sale-glass-crack.html","name":" Samsung Mobile On Sale (glass Crack)","price":"3,000"},{"type":"cellphones","date":"2020-06-14","url":"i2182618-iphone-7-plus-maroon-128-on-sale.html","name":" Iphone 7+ Maroon 128 On Sale","price":"37,000"},{"type":"cellphones","date":"2020-06-14","url":"i2171629-samsung-a71.html","name":" Samsung A71","price":"49,999"},{"type":"cellphones","date":"2020-06-14","url":"i2176777-samsung-s9-plus-on-sale.html","name":" Samsung S9 Plus On Sale","price":"40,000"},{"type":"cellphones","date":"2020-06-14","url":"i2177321-i-phone-11-pro-64gb-256gb-seald-pack.html","name":" I Phone 11 Pro (64gb/256gb)seald Pack","price":"1,44,999"},{"type":"cellphones","date":"2020-06-14","url":"i2172351-j7-prime-3gb-16-gb-rom.html","name":" J7 Prime 3gb 16 Gb Rom","price":"8,000"},{"type":"cellphones","date":"2020-06-14","url":"i2147247-iphone-7-32gb.html","name":" Iphone 7 32gb","price":"21,000"},{"type":"cellphones","date":"2020-06-14","url":"i2170236-iphone-8-like-new.html","name":" Iphone 8 (like New)","price":"35,000"},{"type":"cellphones","date":"2020-06-14","url":"i2179499-google-type-c-earphone-18w-fast-charger-and-type-c-audio-connector.html","name":" Google Type C Earphone,18w Fast Charger And Type C Audio Connector","price":"9,000"},{"type":"cellphones","date":"2020-06-14","url":"i2175704-king-mobile.html","name":" King Mobile","price":"5,600"},{"type":"cellphones","date":"2020-06-14","url":"i2171276-samsung-a5-6-back-pannel-crack-xa.html","name":" Samsung A5(6) Back Pannel Crack Xa","price":"8,500"},{"type":"cellphones","date":"2020-06-14","url":"i2177161-box-pack-iphone-8-plus.html","name":" Box Pack Iphone 8+","price":"85,000"},{"type":"cellphones","date":"2020-06-14","url":"i2182724-redmi-note-7s-48-mp-camera.html","name":" Redmi Note 7s ( 48 Mp Camera )","price":"13,500"},{"type":"cellphones","date":"2020-06-14","url":"i2181128-iphone-6-plus.html","name":" Iphone 6 Plus","price":"18,000"},{"type":"cellphones","date":"2020-06-14","url":"i2180958-both-mobile-for-sell.html","name":" Both Mobile For Sell","price":"18,000"},{"type":"cellphones","date":"2020-06-14","url":"i2180073-iphone-6s-bypassed-64-gb.html","name":" Iphone 6s Bypassed 64 Gb","price":"11,000"},{"type":"cellphones","date":"2020-06-14","url":"i2181116-samsung-galaxy-note-9-for-sale.html","name":" Samsung Galaxy Note 9 For Sale","price":"40,000"},{"type":"cellphones","date":"2020-06-14","url":"i2176560-money.html","name":" Money","price":"10,000"},{"type":"cellphones","date":"2020-06-14","url":"i2174541-iphone-6s-plus-on-sale.html","name":" Iphone 6s Plus On Sale","price":"27,000"},{"type":"cellphones","date":"2020-06-14","url":"i2179103-poco-f1-8-256-gb.html","name":" Poco F1 8/256 Gb","price":"30,000"},{"type":"cellphones","date":"2020-06-14","url":"i2178533-samsung-note-9-for-sale-128gb.html","name":" Samsung Note 9 For Sale 128gb","price":"48,000"},{"type":"cellphones","date":"2020-06-14","url":"i2182191-samsung-galaxy-note9.html","name":" Samsung Galaxy Note9","price":"40,000"}]