[{"type":"cellphones","date":"2020-06-02","url":"i2168196-one-plus-7-8gb-ram-256-gb-rom-ex-also.html","name":" One Plus 7 8gb Ram /256 Gb Rom Ex Also","price":"43,000"},{"type":"cellphones","date":"2020-06-02","url":"i2172021-redmi-note-8-6-128-or-pro-8-128-needed.html","name":" Redmi Note 8 6/128 Or Pro 8/128 Needed","price":"25,000"},{"type":"cellphones","date":"2020-06-02","url":"i2171666-iphone-8-plus-with-box.html","name":" Iphone 8 Plus With Box","price":"59,000"},{"type":"cellphones","date":"2020-06-02","url":"i2168292-iphone-11-128gb-only-exchange-with-same-range-device.html","name":" Iphone 11 128gb Only Exchange With Same Range Device","price":"92,000"},{"type":"cellphones","date":"2020-06-02","url":"i2167564-a50-fresh-mobile.html","name":" A50 Fresh Mobile","price":"22,500"},{"type":"cellphones","date":"2020-06-02","url":"i2168583-huawei-y9-2018.html","name":" Huawei Y9 2018","price":"9,000"},{"type":"cellphones","date":"2020-06-02","url":"i2171888-poco-x2-or-realme-6-pro.html","name":" Poco X2 Or Realme 6 Pro","price":"10"},{"type":"cellphones","date":"2020-06-02","url":"i2170027-mobile.html","name":" Mobile","price":"16,000"},{"type":"cellphones","date":"2020-06-02","url":"i2171629-samsung-a71.html","name":" Samsung A71","price":"49,999"},{"type":"cellphones","date":"2020-06-02","url":"i2171831-galaxy-note-8-sale-or-exchange.html","name":" Galaxy Note 8 Sale Or Exchange","price":"24,998"},{"type":"cellphones","date":"2020-06-02","url":"i2172366-mi-note-8-pro-8-128.html","name":" Mi Note 8 Pro 8 /128","price":"27,000"},{"type":"cellphones","date":"2020-06-02","url":"i1976531-blackberry-priv-android.html","name":" Blackberry Priv Android","price":"20,000"},{"type":"cellphones","date":"2020-06-02","url":"i2163168-iphone-8plus-64gb.html","name":" Iphone 8plus 64gb","price":"45,000"},{"type":"cellphones","date":"2020-06-02","url":"i2027500-one-plus-6t.html","name":" One Plus 6t","price":"38,000"},{"type":"cellphones","date":"2020-06-02","url":"i2166921-iphone-6s-plus-128gb.html","name":" Iphone 6s Plus 128gb","price":"28,000"},{"type":"cellphones","date":"2020-06-02","url":"i2172117-note-10-lite-box-pack-unused.html","name":" Note 10 Lite Box Pack Unused","price":"63,800"},{"type":"cellphones","date":"2020-06-02","url":"i2148241-iphone-6s-plus.html","name":" Iphone 6s+","price":"29,500"},{"type":"cellphones","date":"2020-06-02","url":"i2167609-huwaei-mate-20-pro.html","name":" Huwaei Mate 20 Pro","price":"70,000"},{"type":"cellphones","date":"2020-06-02","url":"i2129551-iphone-5s.html","name":" Iphone 5s","price":"9,000"},{"type":"cellphones","date":"2020-06-02","url":"i2171613-iphone-11-64gb.html","name":" Iphone 11 64gb","price":"88,000"},{"type":"cellphones","date":"2020-06-02","url":"i2171380-iphone-7-plus-black.html","name":" Iphone 7+ Black","price":"35,000"},{"type":"cellphones","date":"2020-06-02","url":"i2153957-samsung-galaxy-a7plus-triple-camera-for-sale.html","name":" Samsung Galaxy A7plus Triple Camera For Sale","price":"19,000"},{"type":"cellphones","date":"2020-06-02","url":"i2173284-seal-packed-iphone-8-plus-space-grey-comes-with-1-year-warranty.html","name":" Seal Packed Iphone 8 Plus Space Grey Comes With 1 Year Warranty","price":"66,500"},{"type":"cellphones","date":"2020-06-02","url":"i2171188-j7-prime.html","name":" J7 Prime","price":"8,500"},{"type":"cellphones","date":"2020-06-02","url":"i1756220-iphone-6-128gb.html","name":" Iphone 6 128gb","price":"20,000"},{"type":"cellphones","date":"2020-06-02","url":"i2169912-oneplus-7t-pro.html","name":" Oneplus 7t Pro","price":"80,000"},{"type":"cellphones","date":"2020-06-02","url":"i2171876-ipad-9-7-6th-gen-2018-32-gb.html","name":" Ipad 9.7. 6th Gen 2018 32 Gb","price":"35,000"},{"type":"cellphones","date":"2020-06-02","url":"i2172503-samsung-edge-7.html","name":" Samsung Edge 7","price":"12,000"},{"type":"cellphones","date":"2020-06-02","url":"i2171572-sony-mobile-phone.html","name":" Sony Mobile Phone","price":"7,200"},{"type":"cellphones","date":"2020-06-02","url":"i2168256-samsung-a10s-brand-new-condition-set-comes-with-its-box.html","name":" Samsung A10s Brand New Condition Set Comes With Its Box","price":"15,000"},{"type":"cellphones","date":"2020-06-02","url":"i2165153-samsung-note-8-sell-or-exng-white-oneplus6-or-6t.html","name":" Samsung Note 8 Sell Or Exng White Oneplus6 Or 6t","price":"25,000"},{"type":"cellphones","date":"2020-06-02","url":"i2170683-iphone-x-256-gb-for-sale.html","name":" Iphone X 256 Gb For Sale","price":"78,000"},{"type":"cellphones","date":"2020-06-02","url":"i2171949-samsung-s8.html","name":" Samsung S8","price":"25,000"},{"type":"cellphones","date":"2020-06-02","url":"i2166986-m20-genuine-set.html","name":" M20 Genuine Set","price":"13,750"},{"type":"cellphones","date":"2020-06-02","url":"i2165640-mi-note-8-pro-exchange-oneplus-6-iphone-6s-ply.html","name":" Mi Note 8 Pro Exchange Oneplus 6 Iphone 6s Ply","price":"23,000"},{"type":"cellphones","date":"2020-06-02","url":"i2170825-one-plus-7-pro.html","name":" One Plus 7 Pro","price":"65,000"},{"type":"cellphones","date":"2020-06-02","url":"i2137864-iphone-7-plus-fresh-1-hand-mobiles.html","name":" Iphone 7 Plus/fresh 1 Hand Mobiles","price":"43,000"},{"type":"cellphones","date":"2020-06-02","url":"i2159761-iphone-7-plus-32gb-with-box.html","name":" Iphone 7 Plus 32gb With Box","price":"35,000"},{"type":"cellphones","date":"2020-06-02","url":"i2169194-moto-g7-fresh.html","name":" Moto G7 Fresh","price":"16,000"},{"type":"cellphones","date":"2020-06-02","url":"i2171492-urgent-sale-on-mobile-phone.html","name":" Urgent Sale On Mobile Phone","price":"25,000"},{"type":"cellphones","date":"2020-06-02","url":"i2137520-poco-x2.html","name":" Poco X2","price":"32,500"},{"type":"cellphones","date":"2020-06-02","url":"i2168540-htc-u11-plus-6gb-and-128gb.html","name":" Htc U11 Plus (6gb&128gb)","price":"45,000"},{"type":"cellphones","date":"2020-06-02","url":"i2171395-ipad-mini-1st-generation-urgent-cash-need-so.html","name":" Ipad Mini 1st Generation. ( Urgent Cash Need So)","price":"10,000"},{"type":"cellphones","date":"2020-06-02","url":"i2168169-mi-redmi-8a-dual-sky-white-plus-midnight-grey.html","name":" Mi Redmi 8a Dual (sky White + Midnight Grey)","price":"13,000"},{"type":"cellphones","date":"2020-06-02","url":"i2167908-samsung-tab-a10-1-2019-lockdown-no-problem.html","name":" Samsung Tab A10.1 (2019) Lockdown No Problem.","price":"32,000"},{"type":"cellphones","date":"2020-06-02","url":"i2161550-redmi-note-8-4gb-128-rom-sell.html","name":" Redmi Note 8 4gb 128 Rom Sell","price":"22,000"},{"type":"cellphones","date":"2020-06-02","url":"i2148967-samsung-a50s.html","name":" Samsung A50s","price":"19,999"},{"type":"cellphones","date":"2020-06-02","url":"i2168410-iphone-11-pro-max-512-gb.html","name":" Iphone 11 Pro Max 512 Gb","price":"2,30,000"},{"type":"cellphones","date":"2020-06-02","url":"i2164983-samsung-s10-5g-256gb-urgent-sale.html","name":" Samsung S10 5g 256gb Urgent Sale","price":"75,000"},{"type":"cellphones","date":"2020-06-02","url":"i2150270-redmi-note-8-quad-camera-3-month-used.html","name":" Redmi Note 8 Quad Camera 3 Month Used","price":"17,000"},{"type":"cellphones","date":"2020-06-02","url":"i2107133-one-plus-7pro-display-crack.html","name":" One Plus 7pro (display Crack)","price":"25,000"},{"type":"cellphones","date":"2020-06-02","url":"i2090621-redmi-note-8-one-week-used.html","name":" Redmi Note 8 One Week Used","price":"17,000"},{"type":"cellphones","date":"2020-06-02","url":"i2167576-i-need-gaming-mobile-under-18k.html","name":" I Need Gaming Mobile Under 18k","price":"18,000"},{"type":"cellphones","date":"2020-06-02","url":"i2155023-samsung-galaxy-s9-like-new-in-pokhara.html","name":" Samsung Galaxy S9 Like New In Pokhara","price":"22,000"},{"type":"cellphones","date":"2020-06-02","url":"i2139441-realme-6-pro.html","name":" Realme 6 Pro","price":"26,000"},{"type":"cellphones","date":"2020-06-02","url":"i2172047-samsung-note10-lite.html","name":" Samsung Note10 Lite","price":"63,000"},{"type":"cellphones","date":"2020-06-02","url":"i2172759-xiaomi-redmi-note-8-pro-6-64-6-128-8-128.html","name":" Xiaomi Redmi Note 8 Pro (6/64) (6/128) (8/128)","price":"29,999"},{"type":"cellphones","date":"2020-06-02","url":"i2172754-samsung-a51-brandnew.html","name":" Samsung A51 Brandnew","price":"38,400"},{"type":"cellphones","date":"2020-06-02","url":"i2173175-one-plus-5.html","name":" One Plus 5","price":"20,000"},{"type":"cellphones","date":"2020-06-02","url":"i2166838-apple-iphone-8-64gb.html","name":" Apple Iphone 8 64gb","price":"41,000"},{"type":"cellphones","date":"2020-06-02","url":"i2171952-xiaomi-mi-note-10-lite.html","name":" Xiaomi Mi Note 10 Lite","price":"44,999"},{"type":"cellphones","date":"2020-06-02","url":"i2151855-samsung-galaxy-tab-10-1.html","name":" Samsung Galaxy Tab 10.1","price":"6,000"},{"type":"cellphones","date":"2020-06-02","url":"i2172592-redmi-k20-pro.html","name":" Redmi K20 Pro","price":"34,000"},{"type":"cellphones","date":"2020-06-02","url":"i2164425-iphone-xs-max-space-grey.html","name":" Iphone Xs Max Space Grey","price":"82,000"},{"type":"cellphones","date":"2020-06-02","url":"i2173147-iphone-x-64gb.html","name":" Iphone X 64gb","price":"65,000"},{"type":"cellphones","date":"2020-06-02","url":"i2166278-iphone-7-is-in-sell.html","name":" Iphone 7 Is In Sell","price":"28,000"},{"type":"cellphones","date":"2020-06-02","url":"i2162608-huawei-p30-lite-on-sale-only.html","name":" Huawei P30 Lite On Sale Only","price":"26,500"},{"type":"cellphones","date":"2020-06-02","url":"i2151981-iphone-6.html","name":" Iphone 6","price":"10,000"},{"type":"cellphones","date":"2020-06-02","url":"i2064240-iphones-6-128gb.html","name":" Iphones 6 128gb","price":"20,000"},{"type":"cellphones","date":"2020-06-02","url":"i2144710-iphone-xr-full-unlocked-2-month-used-with-all-accessories.html","name":" Iphone Xr Full Unlocked (2 Month Used) With All Accessories","price":"56,999"},{"type":"cellphones","date":"2020-06-02","url":"i2172425-poco-f1-gaming-phone.html","name":" Poco F1 Gaming Phone","price":"32,000"},{"type":"cellphones","date":"2020-06-02","url":"i2172124-iphone-x-64-gb.html","name":" Iphone X - 64 Gb","price":"45,000"},{"type":"cellphones","date":"2020-06-02","url":"i2170571-iphone-11-pro-max-256gb-silver-white-urgent-sell.html","name":" Iphone 11 Pro Max 256gb Silver White Urgent Sell","price":"1,95,000"},{"type":"cellphones","date":"2020-06-02","url":"i2129334-iphone-11-pro-max-256gb-grey.html","name":" Iphone 11 Pro Max 256gb Grey","price":"1,50,000"},{"type":"cellphones","date":"2020-06-02","url":"i2171783-iphone-x-256gb.html","name":" Iphone X (256gb)","price":"52,000"},{"type":"cellphones","date":"2020-06-02","url":"i2158945-samsung-galaxy-note-8.html","name":" Samsung Galaxy Note 8","price":"25,000"},{"type":"cellphones","date":"2020-06-02","url":"i2171221-samsung-galaxy-s10-plus-galaxy-watch.html","name":" Samsung Galaxy S10 Plus Galaxy Watch","price":"80,000"},{"type":"cellphones","date":"2020-06-02","url":"i2141453-iphone-x-256gb-white.html","name":" Iphone X 256gb White","price":"53,000"},{"type":"cellphones","date":"2020-06-02","url":"i2173160-samsung-s10-plus-sale-and-xchange.html","name":" Samsung S10+ Sale & Xchange","price":"60,000"},{"type":"cellphones","date":"2020-06-02","url":"i2158244-urgently-needed-to-sale-oneplus-5t.html","name":" Urgently Needed To Sale Oneplus 5t","price":"21,000"},{"type":"cellphones","date":"2020-06-02","url":"i2170965-oneplus-7t.html","name":" Oneplus 7t","price":"54,500"},{"type":"cellphones","date":"2020-06-02","url":"i2171698-oppo-f7.html","name":" Oppo F7","price":"15,500"},{"type":"cellphones","date":"2020-06-02","url":"i2166992-samsung-s9-snapdragon-845.html","name":" Samsung S9 Snapdragon 845","price":"27,900"},{"type":"cellphones","date":"2020-06-02","url":"i2153705-iphone-x-64gb-for-sale-with-original-charger.html","name":" Iphone X 64gb For Sale With Original Charger","price":"55,000"},{"type":"cellphones","date":"2020-06-02","url":"i2159308-realme-xt.html","name":" Realme Xt","price":"26,000"},{"type":"cellphones","date":"2020-06-02","url":"i2150013-samsung-s10-plus-8-128.html","name":" Samsung S10 Plus 8/128","price":"69,999"},{"type":"cellphones","date":"2020-06-02","url":"i2170236-iphone-8-like-new.html","name":" Iphone 8 (like New)","price":"35,000"},{"type":"cellphones","date":"2020-06-02","url":"i2172443-redmi-note-8-pro.html","name":" Redmi Note 8 Pro","price":"25,000"},{"type":"cellphones","date":"2020-06-02","url":"i2124871-vivo-y93.html","name":" Vivo Y93","price":"9,500"},{"type":"cellphones","date":"2020-06-02","url":"i2147695-samsung-m40-exchange-only.html","name":" Samsung M40 Exchange Only","price":"21,000"},{"type":"cellphones","date":"2020-06-02","url":"i2105142-iphone-6s-unlocked-from-us-excellent-condition.html","name":" Iphone 6s Unlocked, From Us-, Excellent Condition","price":"15,500"},{"type":"cellphones","date":"2020-06-02","url":"i2173082-xiaomi-mi-redmi-note-9-pro-6-128gb-authorizes-warranty.html","name":" Xiaomi Mi Redmi Note 9 Pro(6/128gb) Authorizes Warranty","price":"31,499"},{"type":"cellphones","date":"2020-06-02","url":"i2150902-oneplus-3-6gb-ram-64gb-internal-memory-good-condition.html","name":" Oneplus 3 6gb Ram 64gb Internal Memory.good Condition","price":"13,000"},{"type":"cellphones","date":"2020-06-02","url":"i2172116-mate-20-pro.html","name":" Mate 20 Pro","price":"54,000"},{"type":"cellphones","date":"2020-06-02","url":"i2169622-nokia-8.html","name":" Nokia 8","price":"12,000"},{"type":"cellphones","date":"2020-06-02","url":"i2169109-iphone-xr.html","name":" Iphone Xr","price":"51,000"},{"type":"cellphones","date":"2020-06-02","url":"i2172896-pixel-3.html","name":" Pixel 3","price":"100"},{"type":"cellphones","date":"2020-06-02","url":"i2113599-iphone-xs-max-64gb.html","name":" Iphone Xs Max 64gb","price":"79,999"},{"type":"cellphones","date":"2020-06-02","url":"i2162675-samsung-galaxy-note-9-on-sale.html","name":" Samsung Galaxy Note 9 On Sale","price":"48,000"},{"type":"cellphones","date":"2020-06-02","url":"i2164020-samsung-s9-plus-on-sale-personal-use-phone-with-box.html","name":" Samsung S9 Plus On Sale {personal Use Phone} With Box","price":"43,000"},{"type":"cellphones","date":"2020-06-02","url":"i2128109-oppo-f9-pro.html","name":" Oppo F9 Pro","price":"16,500"},{"type":"cellphones","date":"2020-06-02","url":"i2158419-iphone-11-in-red-color-100-battery-life.html","name":" Iphone 11 In Red Color(100% Battery Life)","price":"90,000"},{"type":"cellphones","date":"2020-06-02","url":"i2164741-vivo-v19-pro.html","name":" Vivo V19 Pro","price":"55,000"},{"type":"cellphones","date":"2020-06-02","url":"i2171837-nokia-6.html","name":" Nokia 6","price":"10,000"},{"type":"cellphones","date":"2020-06-02","url":"i2154794-samsung-a9-128gb.html","name":" Samsung A9 128gb","price":"25,000"},{"type":"cellphones","date":"2020-06-02","url":"i2171585-iphone-11-pro-max-256gb.html","name":" Iphone 11 Pro Max 256gb","price":"1,35,000"},{"type":"cellphones","date":"2020-06-02","url":"i2171693-poco-f1-6-128-like-new-from-dubai.html","name":" Poco F1 6/128 Like New From Dubai","price":"26,000"},{"type":"cellphones","date":"2020-06-02","url":"i2128113-mi-mix-2.html","name":" Mi Mix 2","price":"18,500"},{"type":"cellphones","date":"2020-06-02","url":"i2166796-vivo-v9-pro-ex-with-iphone.html","name":" Vivo V9 Pro Ex With Iphone","price":"17,000"},{"type":"cellphones","date":"2020-06-02","url":"i2141497-iphone-8-plus-256gb.html","name":" Iphone 8 Plus 256gb","price":"59,999"},{"type":"cellphones","date":"2020-06-02","url":"i2167655-iphone-6-64gb.html","name":" Iphone 6 (64gb)","price":"15,000"},{"type":"cellphones","date":"2020-06-02","url":"i2173132-iphone-xs-max-64-gb.html","name":" Iphone Xs Max 64 Gb","price":"76,900"},{"type":"cellphones","date":"2020-06-02","url":"i2159257-samsung-galaxy-note-10-plus.html","name":" Samsung Galaxy Note 10 Plus","price":"90,000"},{"type":"cellphones","date":"2020-06-02","url":"i2171276-samsung-a5-6-back-pannel-crack-xa.html","name":" Samsung A5(6) Back Pannel Crack Xa","price":"8,500"},{"type":"cellphones","date":"2020-06-02","url":"i2142071-galaxy-a51.html","name":" Galaxy A51","price":"36,000"},{"type":"cellphones","date":"2020-06-02","url":"i2171036-icloud-unlock-bypass-service.html","name":" Icloud Unlock(bypass) Service","price":"999"},{"type":"cellphones","date":"2020-06-02","url":"i2166817-one-plus-7pro.html","name":" One Plus 7pro","price":"57,000"},{"type":"cellphones","date":"2020-06-02","url":"i2167675-sale.html","name":" Sale","price":"7,000"},{"type":"cellphones","date":"2020-06-02","url":"i2161453-samsung-note-8-or-exchange-with-other-phones.html","name":" Samsung Note 8 Or Exchange With Other Phones","price":"29,000"},{"type":"cellphones","date":"2020-06-02","url":"i2167567-samsung-mobile-on-sale.html","name":" Samsung Mobile On Sale","price":"3,999"},{"type":"cellphones","date":"2020-06-02","url":"i2170328-k20-pro-and-poco-x2.html","name":" K20 Pro And Poco X2","price":"25,000"},{"type":"cellphones","date":"2020-06-02","url":"i2161518-samsung-a10s.html","name":" Samsung A10s","price":"10,000"},{"type":"cellphones","date":"2020-06-02","url":"i1993041-6-months-used-iphone-6-128gb-and-iphone-6-64gb-is-for-sell-urgently.html","name":" 6 Months Used Iphone 6 128gb And Iphone 6 64gb Is For Sell Urgently","price":"18,500"},{"type":"cellphones","date":"2020-06-02","url":"i2170863-iphone-7.html","name":" Iphone 7","price":"14,999"},{"type":"cellphones","date":"2020-06-02","url":"i2141962-iphone-xs-max-256gb-with-box-and-all-accessories.html","name":" Iphone Xs Max 256gb With Box & All Accessories","price":"92,000"},{"type":"cellphones","date":"2020-06-02","url":"i2110466-iphone-8-plus.html","name":" Iphone 8 Plus","price":"50,000"},{"type":"cellphones","date":"2020-06-02","url":"i2128104-vivo-y15.html","name":" Vivo Y15","price":"13,500"},{"type":"cellphones","date":"2020-06-02","url":"i2170406-brand-new-apple-iphone-11-pro-max-256-gb-from-japan.html","name":" Brand New Apple Iphone 11 Pro Max 256 Gb From Japan","price":"1,50,000"},{"type":"cellphones","date":"2020-06-02","url":"i2171829-samsung-galaxy-note-10-plus-256-gb-aura-black.html","name":" Samsung Galaxy Note 10 Plus 256 Gb Aura Black","price":"95,000"},{"type":"cellphones","date":"2020-06-02","url":"i2170534-samsung-galaxy-s9-plus.html","name":" Samsung Galaxy S9 Plus","price":"38,000"},{"type":"cellphones","date":"2020-06-02","url":"i2161292-samsung-mobile-c9-pro-64gb.html","name":" Samsung Mobile C9 Pro 64gb","price":"28,000"},{"type":"cellphones","date":"2020-06-02","url":"i2173150-iphone-7-plus-128gb.html","name":" Iphone 7 Plus 128gb","price":"47,000"},{"type":"cellphones","date":"2020-06-02","url":"i2164875-iphone-xr-like-new.html","name":" Iphone Xr Like New","price":"63,000"},{"type":"cellphones","date":"2020-06-02","url":"i2169595-lg-v30-plus.html","name":" Lg V30 Plus","price":"25,000"},{"type":"cellphones","date":"2020-06-02","url":"i2165808-huawei-y9-prime-2019-ex-with-redmi-note-9.html","name":" Huawei Y9 Prime 2019 Ex With Redmi Note 9","price":"19,999"},{"type":"cellphones","date":"2020-06-02","url":"i2151893-samsung-s8plus.html","name":" Samsung S8plus","price":"18,500"},{"type":"cellphones","date":"2020-06-02","url":"i2171494-one-plus-7pro-one-plus-7t-needed-chahiyo.html","name":" One Plus 7pro, One Plus 7t Needed (chahiyo)","price":"50,000"},{"type":"cellphones","date":"2020-06-02","url":"i2156092-box-pack-oppo-reno-2-with-20x-zoom-quad-camera.html","name":" Box Pack Oppo Reno 2 With 20x Zoom Quad Camera","price":"40,000"},{"type":"cellphones","date":"2020-06-02","url":"i2099697-iphone-6-orginal-and-brand-new.html","name":" Iphone 6 Orginal And Brand New","price":"10,500"},{"type":"cellphones","date":"2020-06-02","url":"i2125793-motorola-v680-plus-cdma.html","name":" Motorola V680+( Cdma)","price":"700"},{"type":"cellphones","date":"2020-06-02","url":"i2037938-iphone-6s.html","name":" Iphone 6s","price":"17,000"},{"type":"cellphones","date":"2020-06-02","url":"i2172122-max-2.html","name":" Max 2","price":"13,000"},{"type":"cellphones","date":"2020-06-02","url":"i2148882-samsung-galaxy-note-edge.html","name":" Samsung Galaxy Note Edge","price":"12,345"},{"type":"cellphones","date":"2020-06-02","url":"i2170953-iphone-7-rose-gold-color-seal-pack.html","name":" Iphone 7 Rose Gold Color Seal Pack","price":"36,000"},{"type":"cellphones","date":"2020-06-02","url":"i2173387-samsung-a50.html","name":" Samsung A50","price":"22,000"},{"type":"cellphones","date":"2020-06-02","url":"i2134807-iphone-7-plus-256-gb.html","name":" Iphone 7+ 256 Gb","price":"38,000"},{"type":"cellphones","date":"2020-06-02","url":"i2171508-redmi-k20-pro-on-sale.html","name":" Redmi K20 Pro On Sale","price":"41,500"},{"type":"cellphones","date":"2020-06-02","url":"i2172761-lockdown-mobile-phones-and-accessories.html","name":" Lockdown Mobile Phones And Accessories","price":"12,345"},{"type":"cellphones","date":"2020-06-02","url":"i2159283-samsung-s9.html","name":" Samsung S9","price":"32,000"},{"type":"cellphones","date":"2020-06-02","url":"i2102202-5th-generation-ipad.html","name":" 5th Generation (ipad)","price":"26,000"},{"type":"cellphones","date":"2020-06-02","url":"i2152516-brand-new-iwatch-series-3-42mm-and-iphone-6s.html","name":" Brand New Iwatch Series 3 42mm And Iphone 6s","price":"50,000"},{"type":"cellphones","date":"2020-06-02","url":"i2149515-mi-redmi-k20.html","name":" Mi Redmi K20","price":"25,000"},{"type":"cellphones","date":"2020-06-02","url":"i2171115-new-seald-pack-set-with-officially-warrenty-n-vat-bill.html","name":" New Seald Pack Set With Officially Warrenty N Vat Bill","price":"23,900"},{"type":"cellphones","date":"2020-06-02","url":"i2172351-j7-prime-3gb-16-gb-rom.html","name":" J7 Prime 3gb 16 Gb Rom","price":"8,000"},{"type":"cellphones","date":"2020-06-02","url":"i2106957-iphone-11-pro-max-super-dubai-clone.html","name":" Iphone 11 Pro Max(super Dubai Clone)","price":"24,000"},{"type":"cellphones","date":"2020-06-02","url":"i2173153-need-iphone-6.html","name":" Need Iphone 6","price":"12,000"},{"type":"cellphones","date":"2020-06-02","url":"i2062974-redmi-k20-pro-8-256.html","name":" Redmi K20 Pro (8/256)","price":"37,000"},{"type":"cellphones","date":"2020-06-02","url":"i2149485-iphone-7-plus-128gb.html","name":" Iphone 7 Plus 128gb","price":"46,500"},{"type":"cellphones","date":"2020-06-02","url":"i2169852-pixel-3.html","name":" Pixel 3","price":"40,000"},{"type":"cellphones","date":"2020-06-02","url":"i2173304-samsung-s9-with-original-akg-earphones.html","name":" Samsung S9 With Original Akg Earphones","price":"40,000"},{"type":"cellphones","date":"2020-06-02","url":"i2171037-mi-note-7.html","name":" Mi Note 7","price":"17,000"},{"type":"cellphones","date":"2020-06-02","url":"i2152183-samsung-m30s.html","name":" Samsung M30s","price":"18,000"},{"type":"cellphones","date":"2020-06-02","url":"i2170586-samsung-note-9-with-original-box-bill-and-charger-earphone.html","name":" Samsung Note 9 With Original Box, Bill And Charger, Earphone","price":"52,000"},{"type":"cellphones","date":"2020-06-02","url":"i2128601-oneplus-7.html","name":" Oneplus 7","price":"40,000"},{"type":"cellphones","date":"2020-06-02","url":"i2172883-iphone-xs-max-256gb.html","name":" Iphone Xs Max 256gb","price":"83,000"},{"type":"cellphones","date":"2020-06-02","url":"i2172713-smart-phone-in-good-condition-for-urgent-sale.html","name":" Smart Phone In Good Condition For Urgent Sale","price":"3,900"},{"type":"cellphones","date":"2020-06-02","url":"i2171616-honor-8s.html","name":" Honor 8s","price":"12,000"},{"type":"cellphones","date":"2020-06-02","url":"i2157724-iphone-7-plus-128.html","name":" Iphone 7 Plus 128","price":"48,000"},{"type":"cellphones","date":"2020-06-02","url":"i2172996-sell-iphonex.html","name":" Sell Iphonex","price":"48,000"},{"type":"cellphones","date":"2020-06-02","url":"i2104749-iphone-7plus-128gb-urgent-sell.html","name":" Iphone 7plus 128gb Urgent Sell","price":"50,000"},{"type":"cellphones","date":"2020-06-02","url":"i2170180-samsung-s9-plus.html","name":" Samsung S9 Plus","price":"41,000"},{"type":"cellphones","date":"2020-06-02","url":"i2172953-iphone-10-xs-256-gb-black.html","name":" Iphone 10 Xs 256 Gb Black","price":"90,000"},{"type":"cellphones","date":"2020-06-02","url":"i2117752-samsung-m31.html","name":" Samsung M31","price":"27,000"},{"type":"cellphones","date":"2020-06-02","url":"i2147247-iphone-7-32gb.html","name":" Iphone 7 32gb","price":"21,000"},{"type":"cellphones","date":"2020-06-02","url":"i2134367-oppo-reno-2f-8-128-gb.html","name":" Oppo Reno 2f 8/128 Gb","price":"28,000"},{"type":"cellphones","date":"2020-06-02","url":"i2172597-iphone-7-plus-128.html","name":" Iphone 7 Plus 128","price":"43,000"},{"type":"cellphones","date":"2020-06-02","url":"i2153102-very-good-condition-back-4-camera-64-mp-and-front-2-camera-32-plus-8-mp.html","name":" Very Good Condition Back 4 Camera 64 Mp And Front 2 Camera 32+8 Mp","price":"36,000"},{"type":"cellphones","date":"2020-06-02","url":"i2172026-in-need-of-gaming-phone-with-ram-not-less-than-6-gb-8-gb.html","name":" In Need Of Gaming Phone With Ram Not Less Than 6 Gb - 8 Gb","price":"25,000"},{"type":"cellphones","date":"2020-06-02","url":"i2167334-iphone-7.html","name":" Iphone 7","price":"23,500"},{"type":"cellphones","date":"2020-06-02","url":"i2172017-iphone-8-plus-64gb-rose-gold-with-box-and-unused-earphone.html","name":" Iphone 8 Plus 64gb Rose Gold With Box And Unused Earphone","price":"58,000"},{"type":"cellphones","date":"2020-06-02","url":"i2168303-mi-a1-3-32.html","name":" Mi A1 3/32","price":"6,500"},{"type":"cellphones","date":"2020-06-02","url":"i2101318-oneplus-7-pro.html","name":" Oneplus 7 Pro","price":"60,000"},{"type":"cellphones","date":"2020-06-02","url":"i2168666-i-need-gaming-iphone-under-20k.html","name":" I Need Gaming Iphone Under 20k","price":"20,000"},{"type":"cellphones","date":"2020-06-02","url":"i2146440-oneplus-6t-8-128-gb-on-sell.html","name":" Oneplus 6t (8/128)gb On Sell","price":"33,500"},{"type":"cellphones","date":"2020-06-02","url":"i2173244-mobile-on-sale.html","name":" Mobile On Sale","price":"3,000"},{"type":"cellphones","date":"2020-06-02","url":"i2172403-redmi-note-7pr0-4-64.html","name":" Redmi Note 7pr0 (4/64)","price":"18,500"},{"type":"cellphones","date":"2020-06-02","url":"i2129480-s7-edge.html","name":" S7 Edge","price":"7,000"},{"type":"cellphones","date":"2020-06-02","url":"i2131870-iphone-7-plus.html","name":" Iphone 7 Plus","price":"43,000"},{"type":"cellphones","date":"2020-06-02","url":"i2172301-brand-new-galaxy-s9-on-sale.html","name":" Brand New Galaxy S9 On Sale","price":"32,000"},{"type":"cellphones","date":"2020-06-02","url":"i2170564-samsung-galaxy-a5-3-32-2017-like-new-condition-for-sale.html","name":" Samsung Galaxy A5 (3/32) 2017 Like New Condition For Sale","price":"10,999"},{"type":"cellphones","date":"2020-06-02","url":"i2171032-all-kinds-of-mobile-phones.html","name":" All Kinds Of Mobile Phones","price":"12,235"},{"type":"cellphones","date":"2020-06-02","url":"i2172862-galaxy-s9-plus.html","name":" Galaxy S9 +","price":"44,000"},{"type":"cellphones","date":"2020-06-02","url":"i2143650-iphone-x.html","name":" Iphone X","price":"55,000"},{"type":"cellphones","date":"2020-06-02","url":"i2171333-redmi-note-9-pro-max-8gb-128gb.html","name":" Redmi Note 9 Pro Max 8gb / 128gb","price":"36,000"},{"type":"cellphones","date":"2020-06-02","url":"i1977957-xiaomi-redmi-8-4gb-ram-64gb-rom-5000mah-battery-with-authorize-warra.html","name":" Xiaomi Redmi 8 (4gb Ram/64gb Rom) 5000mah Battery With Authorize Warra","price":"16,300"},{"type":"cellphones","date":"2020-06-02","url":"i2172665-oppo-a5s-sale-or-exchange.html","name":" Oppo A5s Sale Or Exchange","price":"11,999"},{"type":"cellphones","date":"2020-06-02","url":"i2144043-samsung-note-10-plus-12-256-gb-white-1-month-used-plus-full-accessory.html","name":" Samsung Note 10 Plus 12/256 Gb, White (1 Month Used)+ Full Accessory","price":"83,000"},{"type":"cellphones","date":"2020-06-02","url":"i2173485-s10-plus-with-box-and-all-org-accessories.html","name":" S10 Plus With Box And All Org Accessories","price":"72,000"},{"type":"cellphones","date":"2020-06-02","url":"i2172829-black-berry-priv-3-32-gb.html","name":" Black Berry Priv 3/32 Gb","price":"15,000"},{"type":"cellphones","date":"2020-06-02","url":"i2170587-new-samsung-m30s-6-128gb-on-sale.html","name":" New Samsung M30s 6/128gb On Sale","price":"28,690"},{"type":"cellphones","date":"2020-06-02","url":"i2168166-mi-note-8-4-64-space-black.html","name":" Mi Note 8 4/64 ( Space Black)","price":"20,000"},{"type":"cellphones","date":"2020-06-02","url":"i2173310-iphone-7-plus-black-32-gb-for-sale.html","name":" Iphone 7 Plus Black 32 Gb For Sale","price":"25,000"},{"type":"cellphones","date":"2020-06-02","url":"i2167215-mobile.html","name":" Mobile","price":"20,500"},{"type":"cellphones","date":"2020-06-02","url":"i2171821-iphone-5s.html","name":" Iphone 5s","price":"8,000"},{"type":"cellphones","date":"2020-06-02","url":"i2172855-xiaomi-mi-note-10-lite-6-128gb-seald-pack.html","name":" Xiaomi Mi Note 10 Lite (6/128gb) Seald Pack","price":"44,999"},{"type":"cellphones","date":"2020-06-02","url":"i2172471-vivo-y12.html","name":" Vivo Y12","price":"12,000"},{"type":"cellphones","date":"2020-06-02","url":"i2169083-iphonex-orginal-box-with-orginal-earphone-and-charger.html","name":" Iphonex Orginal Box With Orginal Earphone And Charger","price":"49,000"},{"type":"cellphones","date":"2020-06-02","url":"i2172290-fresh-iphone-x-256-gb.html","name":" Fresh Iphone X 256 Gb","price":"65,000"},{"type":"cellphones","date":"2020-06-02","url":"i2137619-iphone-7-plus-128gb-gold.html","name":" Iphone 7 Plus 128gb Gold","price":"40,000"},{"type":"cellphones","date":"2020-06-02","url":"i2169722-samsung-galaxy-s8.html","name":" Samsung Galaxy S8","price":"27,000"},{"type":"cellphones","date":"2020-06-02","url":"i2114202-samsung-a70-on-sell.html","name":" Samsung A70 On Sell","price":"22,000"},{"type":"cellphones","date":"2020-06-02","url":"i1650654-vivo-mobile-grand-offer-with-unbeliable-rate-with-warranty.html","name":" Vivo Mobile Grand Offer With Unbeliable Rate With Warranty","price":"11,990"},{"type":"cellphones","date":"2020-06-02","url":"i2168044-mi-redmi-note-8-pro.html","name":" Mi Redmi Note 8 Pro","price":"11,11,11,111"},{"type":"cellphones","date":"2020-06-02","url":"i2173382-oppo-a3s-sale-or-exchange.html","name":" Oppo A3s(sale Or Exchange)","price":"10,000"},{"type":"cellphones","date":"2020-06-02","url":"i2173164-samsung-note-8-6-64.html","name":" Samsung Note 8 (6/64)","price":"30,500"},{"type":"cellphones","date":"2020-06-02","url":"i2171266-mi-redmi-note-4.html","name":" Mi Redmi Note 4","price":"13,000"},{"type":"cellphones","date":"2020-06-02","url":"i2172200-samsung-a20s.html","name":" Samsung A20s","price":"19,990"},{"type":"cellphones","date":"2020-06-02","url":"i2171955-oppo-reno-2f-urgent-sell.html","name":" Oppo Reno 2f Urgent Sell","price":"35,000"},{"type":"cellphones","date":"2020-06-02","url":"i2115805-iphone-x-256-gb.html","name":" Iphone X (256 Gb)","price":"64,000"},{"type":"cellphones","date":"2020-06-02","url":"i2168530-huawei-mate-20-pro-8-256.html","name":" Huawei Mate 20 Pro 8/256","price":"50,000"},{"type":"cellphones","date":"2020-06-02","url":"i2158132-oneplus-5t-on-sales.html","name":" Oneplus 5t On Sales","price":"33,500"},{"type":"cellphones","date":"2020-06-02","url":"i2171385-iphone-11-64gb-black.html","name":" Iphone 11 64gb Black","price":"99,000"},{"type":"cellphones","date":"2020-06-02","url":"i2168479-oppo-f9.html","name":" Oppo F9","price":"14,500"},{"type":"cellphones","date":"2020-06-02","url":"i2173149-i-want-to-buy-realme-x2-in-white.html","name":" I Want To Buy Realme X2 In White","price":"99,99,99,999"},{"type":"cellphones","date":"2020-06-02","url":"i2164528-note8-pro-seal-pack.html","name":" Note8 Pro Seal Pack","price":"30,000"},{"type":"cellphones","date":"2020-06-02","url":"i2170675-iphone-x.html","name":" Iphone X","price":"75,000"},{"type":"cellphones","date":"2020-06-02","url":"i2145630-redmi-note-8-quad-camera-with-all-accessories-free.html","name":" Redmi Note 8 (quad Camera) With All Accessories Free","price":"15,490"},{"type":"cellphones","date":"2020-06-02","url":"i2130276-iphone-8.html","name":" Iphone 8","price":"35,000"},{"type":"cellphones","date":"2020-06-02","url":"i2173873-i-phone-6s-plus.html","name":" I Phone 6s Plus","price":"24,000"},{"type":"cellphones","date":"2020-06-02","url":"i2169178-otto-mark-2.html","name":" Otto Mark 2","price":"6,499"},{"type":"cellphones","date":"2020-06-02","url":"i2173144-poco-f1-6-128-with-snapdragon-845.html","name":" Poco F1 (6/128) With Snapdragon 845","price":"22,000"},{"type":"cellphones","date":"2020-06-02","url":"i2147946-s6-edge-parts.html","name":" S6 Edge Parts","price":"3,000"},{"type":"cellphones","date":"2020-06-02","url":"i2171715-iphone-5.html","name":" Iphone 5","price":"10,000"},{"type":"cellphones","date":"2020-06-02","url":"i2172913-oneplus-6-6-64.html","name":" Oneplus 6 6/64","price":"28,000"},{"type":"cellphones","date":"2020-06-02","url":"i2169503-samsung-galaxy-s10e.html","name":" Samsung Galaxy S10e","price":"43,000"},{"type":"cellphones","date":"2020-06-02","url":"i2173370-oppo-f15.html","name":" Oppo F15","price":"35,000"},{"type":"cellphones","date":"2020-06-02","url":"i2171631-i-need-samsung-galaxy-note-10-plus.html","name":" I Need Samsung Galaxy Note 10 Plus","price":"70,000"},{"type":"cellphones","date":"2020-06-02","url":"i2161258-oneplus-5t-8-128gb.html","name":" Oneplus 5t 8/128gb","price":"25,000"},{"type":"cellphones","date":"2020-06-02","url":"i2164143-iphone-6-64gb-on-sale.html","name":" Iphone 6 64gb On Sale","price":"12,000"},{"type":"cellphones","date":"2020-06-02","url":"i2162347-samsung-s10-plus-exchange.html","name":" Samsung S10+ Exchange","price":"99,999"}]