[{"type":"cellphones","date":"2020-06-08","url":"i2171888-poco-x2-or-realme-6-pro.html","name":" Poco X2 Or Realme 6 Pro","price":"10"},{"type":"cellphones","date":"2020-06-08","url":"i2173387-samsung-a50.html","name":" Samsung A50","price":"22,000"},{"type":"cellphones","date":"2020-06-08","url":"i2172117-note-10-lite-box-pack-unused.html","name":" Note 10 Lite Box Pack Unused","price":"63,800"},{"type":"cellphones","date":"2020-06-08","url":"i2176399-nokia-7-2.html","name":" Nokia 7.2","price":"22,000"},{"type":"cellphones","date":"2020-06-08","url":"i2175422-one-plus-7-8gbram-256-gb-rom-exchange-only.html","name":" One Plus 7 8gbram 256 Gb Rom Exchange Only","price":"43,500"},{"type":"cellphones","date":"2020-06-08","url":"i2170571-iphone-11-pro-max-256gb-silver-white-urgent-sell.html","name":" Iphone 11 Pro Max 256gb Silver White Urgent Sell","price":"1,90,000"},{"type":"cellphones","date":"2020-06-08","url":"i2174728-iphone-11-pro-max-green-256.html","name":" Iphone 11 Pro Max Green 256","price":"1,60,000"},{"type":"cellphones","date":"2020-06-08","url":"i2168583-huawei-y9-2018.html","name":" Huawei Y9 2018","price":"9,000"},{"type":"cellphones","date":"2020-06-08","url":"i2171837-nokia-6.html","name":" Nokia 6","price":"10,000"},{"type":"cellphones","date":"2020-06-08","url":"i2171831-galaxy-note-8-sale-or-exchange.html","name":" Galaxy Note 8 Sale Or Exchange","price":"24,998"},{"type":"cellphones","date":"2020-06-08","url":"i1976531-blackberry-priv-android.html","name":" Blackberry Priv Android","price":"20,000"},{"type":"cellphones","date":"2020-06-08","url":"i2172047-samsung-note10-lite.html","name":" Samsung Note10 Lite","price":"63,000"},{"type":"cellphones","date":"2020-06-08","url":"i2027500-one-plus-6t.html","name":" One Plus 6t","price":"38,000"},{"type":"cellphones","date":"2020-06-08","url":"i2176307-fresh-cha.html","name":" Fresh Cha","price":"7,500"},{"type":"cellphones","date":"2020-06-08","url":"i2176990-iphone-6s-plus.html","name":" Iphone 6s Plus","price":"23,500"},{"type":"cellphones","date":"2020-06-08","url":"i2176392-galaxy-note-9-sealed-pack-brand-new.html","name":" Galaxy Note 9 Sealed Pack Brand New","price":"60,000"},{"type":"cellphones","date":"2020-06-08","url":"i2176522-oneplus-7t.html","name":" Oneplus 7t","price":"58,000"},{"type":"cellphones","date":"2020-06-08","url":"i2148241-iphone-6s-plus.html","name":" Iphone 6s+","price":"29,500"},{"type":"cellphones","date":"2020-06-08","url":"i2170027-vivo-v9.html","name":" Vivo V9","price":"16,000"},{"type":"cellphones","date":"2020-06-08","url":"i2129551-iphone-5s.html","name":" Iphone 5s","price":"9,000"},{"type":"cellphones","date":"2020-06-08","url":"i2175255-mi-redmi-go-brand-new-seal-pack-mobile.html","name":" Mi Redmi Go Brand New Seal Pack Mobile","price":"8,850"},{"type":"cellphones","date":"2020-06-08","url":"i2174172-poco-x2-8-256.html","name":" Poco X2 8/256","price":"39"},{"type":"cellphones","date":"2020-06-08","url":"i2172759-xiaomi-redmi-note-8-pro-6-64-6-128-8-128.html","name":" Xiaomi Redmi Note 8 Pro (6/64) (6/128) (8/128)","price":"29,999"},{"type":"cellphones","date":"2020-06-08","url":"i2174951-redmi-note-9pro-6-128-with-authorize-warranty.html","name":" Redmi Note 9pro (6/128) With Authorize Warranty","price":"29,500"},{"type":"cellphones","date":"2020-06-08","url":"i2174125-oneplus-7-pro-8-256-for-exchange-only.html","name":" Oneplus 7 Pro 8/256 For Exchange Only","price":"10,00,09,009"},{"type":"cellphones","date":"2020-06-08","url":"i1756220-iphone-6-128gb.html","name":" Iphone 6 128gb","price":"20,000"},{"type":"cellphones","date":"2020-06-08","url":"i2173762-iphone-xs-max-64-gb-on-sale.html","name":" Iphone Xs Max 64 Gb On Sale","price":"1,00,000"},{"type":"cellphones","date":"2020-06-08","url":"i2153957-samsung-galaxy-a7plus-triple-camera-for-sale.html","name":" Samsung Galaxy A7plus Triple Camera For Sale","price":"19,000"},{"type":"cellphones","date":"2020-06-08","url":"i2175619-iphone-needed-6splus-to-7plus.html","name":" Iphone Needed 6splus To 7plus","price":"20,000"},{"type":"cellphones","date":"2020-06-08","url":"i2161550-redmi-note-8-4gb-128-rom-sell.html","name":" Redmi Note 8 4gb 128 Rom Sell","price":"22,000"},{"type":"cellphones","date":"2020-06-08","url":"i2137864-iphone-7-plus-fresh-1-hand-mobiles.html","name":" Iphone 7 Plus/fresh 1 Hand Mobiles","price":"43,000"},{"type":"cellphones","date":"2020-06-08","url":"i2174768-exchange-with-oneplus-7t-or-iphone-xr-with-iphone-x.html","name":" Exchange With Oneplus 7t Or Iphone Xr With Iphone X","price":"59,000"},{"type":"cellphones","date":"2020-06-08","url":"i2148967-samsung-a50s.html","name":" Samsung A50s","price":"19,999"},{"type":"cellphones","date":"2020-06-08","url":"i2174799-note-5.html","name":" Note 5","price":"4,500"},{"type":"cellphones","date":"2020-06-08","url":"i2172503-samsung-edge-7.html","name":" Samsung Edge 7","price":"12,000"},{"type":"cellphones","date":"2020-06-08","url":"i2172335-redmi-note-4.html","name":" Redmi Note 4","price":"10,000"},{"type":"cellphones","date":"2020-06-08","url":"i2137520-poco-x2.html","name":" Poco X2","price":"32,500"},{"type":"cellphones","date":"2020-06-08","url":"i2166986-m20-genuine-set.html","name":" M20 Genuine Set","price":"13,750"},{"type":"cellphones","date":"2020-06-08","url":"i2173153-need-iphone-6.html","name":" Need Iphone 6","price":"12,000"},{"type":"cellphones","date":"2020-06-08","url":"i2171629-samsung-a71.html","name":" Samsung A71","price":"49,999"},{"type":"cellphones","date":"2020-06-08","url":"i2174313-vivo-y90-mobile-on-sale.html","name":" Vivo Y90 Mobile On Sale","price":"11,500"},{"type":"cellphones","date":"2020-06-08","url":"i2172754-samsung-a51-brandnew.html","name":" Samsung A51 Brandnew","price":"38,400"},{"type":"cellphones","date":"2020-06-08","url":"i2172122-max-2.html","name":" Max 2","price":"13,000"},{"type":"cellphones","date":"2020-06-08","url":"i2165153-samsung-note-8-sell-or-exng-white-oneplus6-or-6t.html","name":" Samsung Note 8 Sell Or Exng White Oneplus6 Or 6t","price":"25,000"},{"type":"cellphones","date":"2020-06-08","url":"i2174144-brand-new-iphone-x.html","name":" Brand New Iphone X","price":"65,000"},{"type":"cellphones","date":"2020-06-08","url":"i2176438-xiaomi-redmi-note-9-pro-6gb-128gb.html","name":" Xiaomi Redmi Note 9 Pro (6gb/128gb)","price":"29,500"},{"type":"cellphones","date":"2020-06-08","url":"i2150270-redmi-note-8-quad-camera-3-month-used.html","name":" Redmi Note 8 Quad Camera 3 Month Used","price":"17,000"},{"type":"cellphones","date":"2020-06-08","url":"i2090621-redmi-note-8-one-week-used.html","name":" Redmi Note 8 One Week Used","price":"17,000"},{"type":"cellphones","date":"2020-06-08","url":"i2165640-mi-note-8-pro-exchange-oneplus-6-iphone-6s-ply.html","name":" Mi Note 8 Pro Exchange Oneplus 6 Iphone 6s Ply","price":"23,000"},{"type":"cellphones","date":"2020-06-08","url":"i2176266-mobile-for-sale.html","name":" Mobile For Sale","price":"10,000"},{"type":"cellphones","date":"2020-06-08","url":"i2176336-samsung-galaxy-m31.html","name":" Samsung Galaxy M31","price":"31,000"},{"type":"cellphones","date":"2020-06-08","url":"i2155023-samsung-galaxy-s9-like-new-in-pokhara.html","name":" Samsung Galaxy S9 Like New In Pokhara","price":"22,000"},{"type":"cellphones","date":"2020-06-08","url":"i2173244-mobile-on-sale.html","name":" Mobile On Sale","price":"3,000"},{"type":"cellphones","date":"2020-06-08","url":"i2107133-one-plus-7pro-display-crack.html","name":" One Plus 7pro (display Crack)","price":"25,000"},{"type":"cellphones","date":"2020-06-08","url":"i2171698-oppo-f7.html","name":" Oppo F7","price":"15,500"},{"type":"cellphones","date":"2020-06-08","url":"i2139441-realme-6-pro.html","name":" Realme 6 Pro","price":"26,000"},{"type":"cellphones","date":"2020-06-08","url":"i2167675-oppo-a83-2018-sale-display-futeko.html","name":" Oppo A83 2018 Sale (display Futeko)","price":"7,000"},{"type":"cellphones","date":"2020-06-08","url":"i2176268-mobile-for-sell.html","name":" Mobile For Sell","price":"6,000"},{"type":"cellphones","date":"2020-06-08","url":"i2162608-huawei-p30-lite-on-sale-only.html","name":" Huawei P30 Lite On Sale Only","price":"26,500"},{"type":"cellphones","date":"2020-06-08","url":"i2175875-iphone-6s-urgent-sale.html","name":" Iphone 6s Urgent Sale","price":"6,000"},{"type":"cellphones","date":"2020-06-08","url":"i2175542-need-poco-x2-urgent.html","name":" Need Poco X2 Urgent","price":"32,000"},{"type":"cellphones","date":"2020-06-08","url":"i2171693-poco-f1-6-128-like-new-from-dubai.html","name":" Poco F1 6/128 Like New From Dubai","price":"26,000"},{"type":"cellphones","date":"2020-06-08","url":"i2169912-oneplus-7t-pro.html","name":" Oneplus 7t Pro","price":"80,000"},{"type":"cellphones","date":"2020-06-08","url":"i2151855-samsung-galaxy-tab-10-1.html","name":" Samsung Galaxy Tab 10.1","price":"6,000"},{"type":"cellphones","date":"2020-06-08","url":"i2171821-iphone-5s.html","name":" Iphone 5s","price":"8,000"},{"type":"cellphones","date":"2020-06-08","url":"i2174730-note-7-pro-sale-exchange.html","name":" Note 7 Pro Sale/exchange","price":"17,499"},{"type":"cellphones","date":"2020-06-08","url":"i2174044-redmi-note-9-pro-authorised-warranty-set.html","name":" Redmi Note 9 Pro Authorised Warranty Set","price":"29,499"},{"type":"cellphones","date":"2020-06-08","url":"i2164983-samsung-s10-5g-256gb-urgent-sale.html","name":" Samsung S10 5g 256gb Urgent Sale","price":"75,000"},{"type":"cellphones","date":"2020-06-08","url":"i2151981-iphone-6.html","name":" Iphone 6","price":"10,000"},{"type":"cellphones","date":"2020-06-08","url":"i2174091-iphone-11pro.html","name":" Iphone 11pro","price":"1,15,000"},{"type":"cellphones","date":"2020-06-08","url":"i2144710-iphone-xr-full-unlocked-2-month-used-with-all-accessories.html","name":" Iphone Xr Full Unlocked (2 Month Used) With All Accessories","price":"56,999"},{"type":"cellphones","date":"2020-06-08","url":"i2064240-iphones-6-128gb.html","name":" Iphones 6 128gb","price":"20,000"},{"type":"cellphones","date":"2020-06-08","url":"i2168256-samsung-a10s-brand-new-condition-set-comes-with-its-box.html","name":" Samsung A10s Brand New Condition Set Comes With Its Box","price":"15,000"},{"type":"cellphones","date":"2020-06-08","url":"i2172124-iphone-x-64-gb.html","name":" Iphone X - 64 Gb","price":"45,000"},{"type":"cellphones","date":"2020-06-08","url":"i2141453-iphone-x-256gb-white.html","name":" Iphone X 256gb White","price":"53,000"},{"type":"cellphones","date":"2020-06-08","url":"i2175267-xiaomi-redmi-note-9-pro-brandnew.html","name":" Xiaomi Redmi Note 9 Pro Brandnew","price":"31,000"},{"type":"cellphones","date":"2020-06-08","url":"i2174059-samsung-smr381-galaxy-neo-watch.html","name":" Samsung(sm-r381) Galaxy Neo Watch.","price":"9,000"},{"type":"cellphones","date":"2020-06-08","url":"i2164425-iphone-xs-max-space-grey.html","name":" Iphone Xs Max Space Grey","price":"82,000"},{"type":"cellphones","date":"2020-06-08","url":"i2158244-urgently-needed-to-sale-oneplus-5t.html","name":" Urgently Needed To Sale Oneplus 5t","price":"21,000"},{"type":"cellphones","date":"2020-06-08","url":"i2167908-samsung-tab-a10-1-2019-lockdown-no-problem.html","name":" Samsung Tab A10.1 (2019) Lockdown No Problem.","price":"34,300"},{"type":"cellphones","date":"2020-06-08","url":"i2174308-brand-new-iphone-8-plus-64gb-box-pack-new-condition.html","name":" Brand New Iphone 8 Plus 64gb Box Pack New Condition","price":"55,000"},{"type":"cellphones","date":"2020-06-08","url":"i2172883-iphone-xs-max-256gb.html","name":" Iphone Xs Max 256gb","price":"83,000"},{"type":"cellphones","date":"2020-06-08","url":"i2175800-lockdown-sale-iphone-6-plus-plus-huawei-y7-prime.html","name":" Lockdown Sale: Iphone 6 Plus + Huawei Y7 Prime","price":"26,000"},{"type":"cellphones","date":"2020-06-08","url":"i2158945-samsung-galaxy-note-8.html","name":" Samsung Galaxy Note 8","price":"25,000"},{"type":"cellphones","date":"2020-06-08","url":"i2176350-samsung-galaxy-note-4-3-32gb.html","name":" Samsung Galaxy Note 4 (3/32gb)","price":"10,000"},{"type":"cellphones","date":"2020-06-08","url":"i2159308-realme-xt.html","name":" Realme Xt","price":"26,000"},{"type":"cellphones","date":"2020-06-08","url":"i2177432-mi-note-6-pro.html","name":" Mi Note 6 Pro","price":"12,499"},{"type":"cellphones","date":"2020-06-08","url":"i2124871-vivo-y93.html","name":" Vivo Y93","price":"9,500"},{"type":"cellphones","date":"2020-06-08","url":"i2161518-samsung-a10s.html","name":" Samsung A10s","price":"10,000"},{"type":"cellphones","date":"2020-06-08","url":"i2171572-sony-mobile-phone.html","name":" Sony Mobile Phone","price":"7,200"},{"type":"cellphones","date":"2020-06-08","url":"i2171492-urgent-sale-on-mobile-phone.html","name":" Urgent Sale On Mobile Phone","price":"25,000"},{"type":"cellphones","date":"2020-06-08","url":"i2167609-huwaei-mate-20-pro.html","name":" Huwaei Mate 20 Pro","price":"70,000"},{"type":"cellphones","date":"2020-06-08","url":"i2105142-iphone-6s-unlocked-from-us-excellent-condition.html","name":" Iphone 6s Unlocked, From Us-, Excellent Condition","price":"15,500"},{"type":"cellphones","date":"2020-06-08","url":"i2171783-iphone-x-256gb.html","name":" Iphone X (256gb)","price":"52,000"},{"type":"cellphones","date":"2020-06-08","url":"i2150902-oneplus-3-6gb-ram-64gb-internal-memory-good-condition.html","name":" Oneplus 3 6gb Ram 64gb Internal Memory.good Condition","price":"13,000"},{"type":"cellphones","date":"2020-06-08","url":"i2150013-samsung-s10-plus-8-128.html","name":" Samsung S10 Plus 8/128","price":"69,999"},{"type":"cellphones","date":"2020-06-08","url":"i2175538-iphone-11-pro-max-512gb-firstcopy.html","name":" Iphone 11 Pro Max 512gb Firstcopy","price":"25,500"},{"type":"cellphones","date":"2020-06-08","url":"i2174693-iphone-11-pro-max-brand-new.html","name":" Iphone 11 Pro Max Brand New","price":"1,46,000"},{"type":"cellphones","date":"2020-06-08","url":"i2173133-ipad-3rd-generation-on-urgent-sell.html","name":" Ipad 3rd Generation On Urgent Sell","price":"10,500"},{"type":"cellphones","date":"2020-06-08","url":"i2168410-iphone-11-pro-max-512gb.html","name":" Iphone 11 Pro Max 512gb","price":"2,30,000"},{"type":"cellphones","date":"2020-06-08","url":"i2176428-iphone-xs-max-256gb-white.html","name":" Iphone Xs Max 256gb ( White)","price":"95,000"},{"type":"cellphones","date":"2020-06-08","url":"i2175898-iphone-11-pro.html","name":" Iphone 11 Pro","price":"1,20,000"},{"type":"cellphones","date":"2020-06-08","url":"i2166278-iphone-7-is-in-sell.html","name":" Iphone 7 Is In Sell","price":"28,000"},{"type":"cellphones","date":"2020-06-08","url":"i2153705-iphone-x-64gb-for-sale-with-original-charger.html","name":" Iphone X 64gb For Sale With Original Charger","price":"55,000"},{"type":"cellphones","date":"2020-06-08","url":"i2177817-oneplus-8-anyone-coming-from-india.html","name":" Oneplus 8 Anyone Coming From India?","price":"69,000"},{"type":"cellphones","date":"2020-06-08","url":"i2175834-redmi-note-3-3-32-9000.html","name":" Redmi Note 3 3/32 9000","price":"9,000"},{"type":"cellphones","date":"2020-06-08","url":"i2113599-iphone-xs-max-64gb.html","name":" Iphone Xs Max 64gb","price":"79,999"},{"type":"cellphones","date":"2020-06-08","url":"i2177105-samsung-galaxy-m21.html","name":" Samsung Galaxy M21","price":"23,000"},{"type":"cellphones","date":"2020-06-08","url":"i2177670-iphone6-16-gb.html","name":" Iphone6 16 Gb","price":"12,000"},{"type":"cellphones","date":"2020-06-08","url":"i2171395-ipad-mini-1st-generation-urgent-cash-need-so.html","name":" Ipad Mini 1st Generation. ( Urgent Cash Need So)","price":"10,000"},{"type":"cellphones","date":"2020-06-08","url":"i2164020-samsung-s9-plus-on-sale-personal-use-phone-with-box.html","name":" Samsung S9 Plus On Sale {personal Use Phone} With Box","price":"43,000"},{"type":"cellphones","date":"2020-06-08","url":"i2170236-iphone-8-like-new.html","name":" Iphone 8 (like New)","price":"35,000"},{"type":"cellphones","date":"2020-06-08","url":"i2175318-samsung-j5-6-mobile-phone.html","name":" Samsung J5(6) Mobile Phone","price":"5,000"},{"type":"cellphones","date":"2020-06-08","url":"i2176025-urgent-sale-on-mobile-phone.html","name":" Urgent Sale On Mobile Phone","price":"17,000"},{"type":"cellphones","date":"2020-06-08","url":"i2129334-iphone-11-pro-max-256gb-grey.html","name":" Iphone 11 Pro Max 256gb Grey","price":"1,50,000"},{"type":"cellphones","date":"2020-06-08","url":"i2177289-s8-plus-for-sale-or-exchange.html","name":" S8 Plus For Sale Or Exchange","price":"24,000"},{"type":"cellphones","date":"2020-06-08","url":"i2168540-htc-u11-plus-6gb-and-128gb.html","name":" Htc U11 Plus (6gb&128gb)","price":"45,000"},{"type":"cellphones","date":"2020-06-08","url":"i2158419-iphone-11-in-red-color-100-battery-life.html","name":" Iphone 11 In Red Color(100% Battery Life)","price":"90,000"},{"type":"cellphones","date":"2020-06-08","url":"i2177179-s10-plus.html","name":" S10 Plus","price":"69,999"},{"type":"cellphones","date":"2020-06-08","url":"i2172996-sell-iphonex.html","name":" Sell Iphonex","price":"48,000"},{"type":"cellphones","date":"2020-06-08","url":"i2177769-iphone-11-purple.html","name":" Iphone 11 Purple","price":"90,000"},{"type":"cellphones","date":"2020-06-08","url":"i2141497-iphone-8-plus-256gb.html","name":" Iphone 8 Plus 256gb","price":"59,999"},{"type":"cellphones","date":"2020-06-08","url":"i2176836-brand-new-note-10-plus-untouched.html","name":" Brand New Note 10 Plus Untouched","price":"98,000"},{"type":"cellphones","date":"2020-06-08","url":"i2166817-one-plus-7pro.html","name":" One Plus 7pro","price":"57,000"},{"type":"cellphones","date":"2020-06-08","url":"i2159761-iphone-7-plus-32gb-with-box.html","name":" Iphone 7 Plus 32gb With Box","price":"35,000"},{"type":"cellphones","date":"2020-06-08","url":"i2154794-samsung-a9-128gb.html","name":" Samsung A9 128gb","price":"25,000"},{"type":"cellphones","date":"2020-06-08","url":"i2161453-samsung-note-8-or-exchange-with-other-phones.html","name":" Samsung Note 8 Or Exchange With Other Phones","price":"29,000"},{"type":"cellphones","date":"2020-06-08","url":"i2166992-samsung-s9-snapdragon-845.html","name":" Samsung S9 Snapdragon 845","price":"27,900"},{"type":"cellphones","date":"2020-06-08","url":"i2176344-samsung-galaxy-a51.html","name":" Samsung Galaxy A51","price":"41,500"},{"type":"cellphones","date":"2020-06-08","url":"i2175439-redmi-8a-brand-new.html","name":" Redmi 8a Brand New","price":"15,000"},{"type":"cellphones","date":"2020-06-08","url":"i2176560-money.html","name":" Money","price":"10,000"},{"type":"cellphones","date":"2020-06-08","url":"i2176946-samsung-m20.html","name":" Samsung M20","price":"13,000"},{"type":"cellphones","date":"2020-06-08","url":"i2173292-iphone-7-plusfresh-condition.html","name":" Iphone 7 Plusfresh Condition","price":"38,000"},{"type":"cellphones","date":"2020-06-08","url":"i2174035-iphone-6-for-sale.html","name":" Iphone 6 For Sale","price":"14,000"},{"type":"cellphones","date":"2020-06-08","url":"i2176356-samsung-a70s-on-sell.html","name":" Samsung A70s On Sell","price":"36,000"},{"type":"cellphones","date":"2020-06-08","url":"i2175454-iphone-x-256.html","name":" Iphone X 256","price":"55,000"},{"type":"cellphones","date":"2020-06-08","url":"i2174178-iphone-x-64-gigabyte.html","name":" Iphone X 64 Gigabyte","price":"48,000"},{"type":"cellphones","date":"2020-06-08","url":"i2159257-samsung-galaxy-note-10-plus.html","name":" Samsung Galaxy Note 10 Plus","price":"90,000"},{"type":"cellphones","date":"2020-06-08","url":"i2176777-samsung-s9-plus-on-sale.html","name":" Samsung S9 Plus On Sale","price":"40,000"},{"type":"cellphones","date":"2020-06-08","url":"i2172855-xiaomi-mi-note-10-lite-6-128gb-seald-pack.html","name":" Xiaomi Mi Note 10 Lite (6/128gb) Seald Pack","price":"44,999"},{"type":"cellphones","date":"2020-06-08","url":"i1993041-6-months-used-iphone-6-128gb-and-iphone-6-64gb-is-for-sell-urgently.html","name":" 6 Months Used Iphone 6 128gb And Iphone 6 64gb Is For Sell Urgently","price":"18,500"},{"type":"cellphones","date":"2020-06-08","url":"i2176056-fresh-chilled-note6-pro.html","name":" Fresh Chilled Note6 Pro","price":"14,000"},{"type":"cellphones","date":"2020-06-08","url":"i2142071-galaxy-a51.html","name":" Galaxy A51","price":"36,000"},{"type":"cellphones","date":"2020-06-08","url":"i2175522-apple-iphone-11-128gb-dual-sim-box-pack-imei-matching.html","name":" Apple Iphone 11 128gb (dual Sim,box Pack Imei Matching)","price":"92,000"},{"type":"cellphones","date":"2020-06-08","url":"i2110466-iphone-8-plus.html","name":" Iphone 8 Plus","price":"50,000"},{"type":"cellphones","date":"2020-06-08","url":"i2176416-redmi-note-8-pro.html","name":" Redmi Note 8 Pro","price":"28,500"},{"type":"cellphones","date":"2020-06-08","url":"i2171276-samsung-a5-6-back-pannel-crack-xa.html","name":" Samsung A5(6) Back Pannel Crack Xa","price":"8,500"},{"type":"cellphones","date":"2020-06-08","url":"i2147695-samsung-m40-exchange-only.html","name":" Samsung M40 Exchange Only","price":"21,000"},{"type":"cellphones","date":"2020-06-08","url":"i2176761-oppo-f7-black-color-64gb-4gb-ram.html","name":" Oppo F7,black Color , 64gb 4gb Ram","price":"14,500"},{"type":"cellphones","date":"2020-06-08","url":"i2177602-oneplus-7t-8gb-256gb.html","name":" Oneplus 7t (8gb/256gb)","price":"58,500"},{"type":"cellphones","date":"2020-06-08","url":"i2177161-box-pack-iphone-8-plus.html","name":" Box Pack Iphone 8+","price":"85,000"},{"type":"cellphones","date":"2020-06-08","url":"i2176018-lg-g5.html","name":" Lg G5","price":"15,000"},{"type":"cellphones","date":"2020-06-08","url":"i2172953-iphone-10-xs-256-gb-black.html","name":" Iphone 10 Xs 256 Gb Black","price":"90,000"},{"type":"cellphones","date":"2020-06-08","url":"i2178060-samsung-note-10-aura-glow.html","name":" Samsung Note 10 (aura Glow)","price":"69,999"},{"type":"cellphones","date":"2020-06-08","url":"i2174041-iphone-8-64gb-gold-genuine-set.html","name":" Iphone 8 64gb Gold Genuine Set","price":"26,999"},{"type":"cellphones","date":"2020-06-08","url":"i2099697-iphone-6-orginal-and-brand-new.html","name":" Iphone 6 Orginal And Brand New","price":"10,500"},{"type":"cellphones","date":"2020-06-08","url":"i2173740-iphone-7-plus.html","name":" Iphone 7+","price":"20,000"},{"type":"cellphones","date":"2020-06-08","url":"i2151893-samsung-s8plus.html","name":" Samsung S8plus","price":"18,500"},{"type":"cellphones","date":"2020-06-08","url":"i2172351-j7-prime-3gb-16-gb-rom.html","name":" J7 Prime 3gb 16 Gb Rom","price":"8,000"},{"type":"cellphones","date":"2020-06-08","url":"i2037938-iphone-6s.html","name":" Iphone 6s","price":"17,000"},{"type":"cellphones","date":"2020-06-08","url":"i2176940-galaxy-s10-plus-with-imei-matching-box-and-accessories.html","name":" Galaxy S10+ With Imei Matching Box And Accessories","price":"63,000"},{"type":"cellphones","date":"2020-06-08","url":"i2171666-iphone-8-plus-with-box.html","name":" Iphone 8 Plus With Box","price":"59,000"},{"type":"cellphones","date":"2020-06-08","url":"i2173834-k20-pro-8gb-ram-256gb-rom.html","name":" K20 Pro 8gb Ram 256gb Rom","price":"40,000"},{"type":"cellphones","date":"2020-06-08","url":"i2155150-iphone-xs-max-256gb-gold-colour.html","name":" Iphone Xs Max 256gb (gold Colour)","price":"75,000"},{"type":"cellphones","date":"2020-06-08","url":"i2102202-5th-generation-ipad.html","name":" 5th Generation (ipad)","price":"26,000"},{"type":"cellphones","date":"2020-06-08","url":"i2177733-one-plus-7-t-for-sale.html","name":" One Plus 7 T For Sale","price":"55,000"},{"type":"cellphones","date":"2020-06-08","url":"i2172862-galaxy-s9-plus.html","name":" Galaxy S9 +","price":"44,000"},{"type":"cellphones","date":"2020-06-08","url":"i2173304-samsung-s9-with-original-akg-earphones.html","name":" Samsung S9 With Original Akg Earphones","price":"40,000"},{"type":"cellphones","date":"2020-06-08","url":"i2125793-motorola-v680-plus-cdma.html","name":" Motorola V680+( Cdma)","price":"700"},{"type":"cellphones","date":"2020-06-08","url":"i2134807-iphone-7-plus-256-gb.html","name":" Iphone 7+ 256 Gb","price":"38,000"},{"type":"cellphones","date":"2020-06-08","url":"i2177393-samsung-galaxy-j4-plus.html","name":" Samsung Galaxy J4 Plus","price":"10,000"},{"type":"cellphones","date":"2020-06-08","url":"i2167655-iphone-6-64gb.html","name":" Iphone 6 (64gb)","price":"15,000"},{"type":"cellphones","date":"2020-06-08","url":"i2170825-one-plus-7-pro.html","name":" One Plus 7 Pro","price":"65,000"},{"type":"cellphones","date":"2020-06-08","url":"i2148882-samsung-galaxy-note-edge.html","name":" Samsung Galaxy Note Edge","price":"12,345"},{"type":"cellphones","date":"2020-06-08","url":"i2161292-samsung-mobile-c9-pro-64gb.html","name":" Samsung Mobile C9 Pro 64gb","price":"28,000"},{"type":"cellphones","date":"2020-06-08","url":"i2156092-box-pack-oppo-reno-2-with-20x-zoom-quad-camera.html","name":" Box Pack Oppo Reno 2 With 20x Zoom Quad Camera","price":"40,000"},{"type":"cellphones","date":"2020-06-08","url":"i2169109-iphone-xr.html","name":" Iphone Xr","price":"51,000"},{"type":"cellphones","date":"2020-06-08","url":"i2149515-mi-redmi-k20.html","name":" Mi Redmi K20","price":"25,000"},{"type":"cellphones","date":"2020-06-08","url":"i2176996-samsung-s7.html","name":" Samsung S7","price":"18,000"},{"type":"cellphones","date":"2020-06-08","url":"i2176433-lg-v30-plus.html","name":" Lg V30 Plus","price":"25,000"},{"type":"cellphones","date":"2020-06-08","url":"i2062974-redmi-k20-pro-8-256.html","name":" Redmi K20 Pro (8/256)","price":"37,000"},{"type":"cellphones","date":"2020-06-08","url":"i2174483-one-plus-7t-pro-exchange-with-note-10-plus.html","name":" One Plus 7t Pro Exchange With Note 10 Plus","price":"80,000"},{"type":"cellphones","date":"2020-06-08","url":"i2177251-samsung-note-9.html","name":" Samsung Note 9","price":"55,000"},{"type":"cellphones","date":"2020-06-08","url":"i2177141-redmi-note-5.html","name":" Redmi Note 5","price":"11,000"},{"type":"cellphones","date":"2020-06-08","url":"i2169622-nokia-8.html","name":" Nokia 8","price":"12,000"},{"type":"cellphones","date":"2020-06-08","url":"i2128601-oneplus-7.html","name":" Oneplus 7","price":"40,000"},{"type":"cellphones","date":"2020-06-08","url":"i2175826-iphone-6-plus-sell-full-unlock.html","name":" Iphone 6 Plus Sell Full Unlock","price":"16,500"},{"type":"cellphones","date":"2020-06-08","url":"i2177500-realme-x2-8-128.html","name":" Realme X2 8/128","price":"31,000"},{"type":"cellphones","date":"2020-06-08","url":"i2146440-oneplus-6t-8-128-gb-on-sell.html","name":" Oneplus 6t (8/128)gb On Sell","price":"33,500"},{"type":"cellphones","date":"2020-06-08","url":"i2176784-need-iphone-x.html","name":" Need Iphone X","price":"40,000"},{"type":"cellphones","date":"2020-06-08","url":"i2166796-vivo-v9-pro-ex-with-iphone.html","name":" Vivo V9 Pro Ex With Iphone","price":"17,000"},{"type":"cellphones","date":"2020-06-08","url":"i2152183-samsung-m30s.html","name":" Samsung M30s","price":"18,000"},{"type":"cellphones","date":"2020-06-08","url":"i2104749-iphone-7plus-128gb-urgent-sell.html","name":" Iphone 7plus 128gb Urgent Sell","price":"50,000"},{"type":"cellphones","date":"2020-06-08","url":"i2174936-redmi-note-9-pro-brand-new-with-snapdragon-720g.html","name":" Redmi Note 9 Pro Brand New With Snapdragon 720g","price":"29,390"},{"type":"cellphones","date":"2020-06-08","url":"i2176633-realme-2-pro-super-fresh-set-with-original-charger.html","name":" Realme 2 Pro Super Fresh Set With Original Charger","price":"16,500"},{"type":"cellphones","date":"2020-06-08","url":"i2117752-samsung-m31.html","name":" Samsung M31","price":"27,000"},{"type":"cellphones","date":"2020-06-08","url":"i2149485-iphone-7-plus-128gb.html","name":" Iphone 7 Plus 128gb","price":"46,500"},{"type":"cellphones","date":"2020-06-08","url":"i2177672-samsung-s9-plus.html","name":" Samsung S9 Plus","price":"41,000"},{"type":"cellphones","date":"2020-06-08","url":"i2177286-tab-s-10-5-and-tab-s-8-4-sim-support-combo-offer-sale.html","name":" Tab S 10.5 And Tab S 8.4 Sim Support Combo Offer Sale","price":"34,000"},{"type":"cellphones","date":"2020-06-08","url":"i2101318-oneplus-7-pro.html","name":" Oneplus 7 Pro","price":"60,000"},{"type":"cellphones","date":"2020-06-08","url":"i2177445-iphone-6s-plus-16gb.html","name":" Iphone 6s+ 16gb","price":"22,000"},{"type":"cellphones","date":"2020-06-08","url":"i2130276-iphone-8.html","name":" Iphone 8","price":"35,000"},{"type":"cellphones","date":"2020-06-08","url":"i2174284-huawei-p30-pro-8-256gb-with-charger.html","name":" Huawei P30 Pro 8/256gb With Charger","price":"73,000"},{"type":"cellphones","date":"2020-06-08","url":"i2176692-samsung-projector-phone.html","name":" Samsung Projector Phone","price":"20"},{"type":"cellphones","date":"2020-06-08","url":"i2174278-lee-tv-2.html","name":" Lee Tv 2","price":"3,000"},{"type":"cellphones","date":"2020-06-08","url":"i2167564-a50-fresh-mobile.html","name":" A50 Fresh Mobile","price":"22,500"},{"type":"cellphones","date":"2020-06-08","url":"i2171585-iphone-11-pro-max-256gb.html","name":" Iphone 11 Pro Max 256gb","price":"1,35,000"},{"type":"cellphones","date":"2020-06-08","url":"i2165808-huawei-y9-prime-2019-ex-with-redmi-note-9.html","name":" Huawei Y9 Prime 2019 Ex With Redmi Note 9","price":"19,999"},{"type":"cellphones","date":"2020-06-08","url":"i2171115-new-seald-pack-set-with-officially-warrenty-n-vat-bill.html","name":" New Seald Pack Set With Officially Warrenty N Vat Bill","price":"23,900"},{"type":"cellphones","date":"2020-06-08","url":"i2152516-brand-new-iwatch-series-3-42mm-and-iphone-6s.html","name":" Brand New Iwatch Series 3 42mm And Iphone 6s","price":"50,000"},{"type":"cellphones","date":"2020-06-08","url":"i2153102-very-good-condition-back-4-camera-64-mp-and-front-2-camera-32-plus-8-mp.html","name":" Very Good Condition Back 4 Camera 64 Mp And Front 2 Camera 32+8 Mp","price":"36,000"},{"type":"cellphones","date":"2020-06-08","url":"i2174846-iphone-8-plus-64-gb-rose-gold.html","name":" Iphone 8 Plus 64 Gb Rose Gold","price":"45,000"},{"type":"cellphones","date":"2020-06-08","url":"i2144043-samsung-note-10-plus-12-256-gb-white-1-month-used-plus-full-accessory.html","name":" Samsung Note 10 Plus 12/256 Gb, White (1 Month Used)+ Full Accessory","price":"83,000"},{"type":"cellphones","date":"2020-06-08","url":"i2143650-iphone-x.html","name":" Iphone X","price":"55,000"},{"type":"cellphones","date":"2020-06-08","url":"i2173447-urgent-sale-iphone-6-icloud-locked.html","name":" Urgent Sale Iphone 6 (icloud Locked)","price":"7,500"},{"type":"cellphones","date":"2020-06-08","url":"i1977957-xiaomi-redmi-8-4gb-ram-64gb-rom-5000mah-battery-with-authorize-warra.html","name":" Xiaomi Redmi 8 (4gb Ram/64gb Rom) 5000mah Battery With Authorize Warra","price":"16,300"},{"type":"cellphones","date":"2020-06-08","url":"i2145630-redmi-note-8-quad-camera-with-all-accessories-free.html","name":" Redmi Note 8 (quad Camera) With All Accessories Free","price":"15,490"},{"type":"cellphones","date":"2020-06-08","url":"i2175704-king-mobile.html","name":" King Mobile","price":"5,600"},{"type":"cellphones","date":"2020-06-08","url":"i2174664-iphone-x-64-gb-on-sell.html","name":" Iphone X 64 Gb On Sell","price":"52,000"},{"type":"cellphones","date":"2020-06-08","url":"i2147247-iphone-7-32gb.html","name":" Iphone 7 32gb","price":"21,000"},{"type":"cellphones","date":"2020-06-08","url":"i2172433-samsung-s10e.html","name":" Samsung S10e","price":"45,000"},{"type":"cellphones","date":"2020-06-08","url":"i2106957-iphone-11-pro-max-super-dubai-clone.html","name":" Iphone 11 Pro Max(super Dubai Clone)","price":"24,000"},{"type":"cellphones","date":"2020-06-08","url":"i2115805-iphone-x-256-gb.html","name":" Iphone X (256 Gb)","price":"64,000"},{"type":"cellphones","date":"2020-06-08","url":"i2177685-one-plus-6t-10-256-mclaren-edition.html","name":" One Plus 6t (10/256) Mclaren Edition","price":"44,500"},{"type":"cellphones","date":"2020-06-08","url":"i2172881-xiaomi-mi-10-8-256gb-seald-pack.html","name":" Xiaomi Mi 10 (8/256gb) Seald Pack","price":"89,999"},{"type":"cellphones","date":"2020-06-08","url":"i2171616-honor-8s.html","name":" Honor 8s","price":"12,000"},{"type":"cellphones","date":"2020-06-08","url":"i2173379-samsung-s20-plus-with-buds-plus.html","name":" Samsung S20+ (with Buds+)","price":"1,10,000"},{"type":"cellphones","date":"2020-06-08","url":"i2172116-mate-20-pro.html","name":" Mate 20 Pro","price":"54,000"},{"type":"cellphones","date":"2020-06-08","url":"i2114202-samsung-a70-on-sell.html","name":" Samsung A70 On Sell","price":"22,000"},{"type":"cellphones","date":"2020-06-08","url":"i2177199-xiaomi-mi-note-10-lite.html","name":" Xiaomi Mi Note 10 Lite","price":"44,000"},{"type":"cellphones","date":"2020-06-08","url":"i2174649-redmi-note-8-new-phone.html","name":" Redmi Note 8 New Phone","price":"21,500"},{"type":"cellphones","date":"2020-06-08","url":"i1650654-vivo-mobile-grand-offer-with-unbeliable-rate-with-warranty.html","name":" Vivo Mobile Grand Offer With Unbeliable Rate With Warranty","price":"11,990"},{"type":"cellphones","date":"2020-06-08","url":"i2172366-mi-note-8-pro-8-128.html","name":" Mi Note 8 Pro 8 /128","price":"27,000"},{"type":"cellphones","date":"2020-06-08","url":"i2137619-iphone-7-plus-128gb-gold.html","name":" Iphone 7 Plus 128gb Gold","price":"40,000"},{"type":"cellphones","date":"2020-06-08","url":"i2157724-iphone-7-plus-128.html","name":" Iphone 7 Plus 128","price":"48,000"},{"type":"cellphones","date":"2020-06-08","url":"i2174719-samsung-galaxy-j5.html","name":" Samsung Galaxy J5","price":"6,500"},{"type":"cellphones","date":"2020-06-08","url":"i2177582-pixel-3-128gb.html","name":" Pixel 3 128gb","price":"35,000"},{"type":"cellphones","date":"2020-06-08","url":"i2171494-one-plus-7pro-one-plus-7t-needed-chahiyo.html","name":" One Plus 7pro, One Plus 7t Needed (chahiyo)","price":"50,000"},{"type":"cellphones","date":"2020-06-08","url":"i2174616-lenovo-a6000-with-box.html","name":" Lenovo A6000(with Box)","price":"6,499"},{"type":"cellphones","date":"2020-06-08","url":"i2174541-iphone-6s-plus-on-sale.html","name":" Iphone 6s Plus On Sale","price":"27,000"}]