[{"type":"cellphones","date":"2020-07-03","url":"i2202027-iphone-11-mobile.html","name":" Iphone 11 Mobile","price":"92,000"},{"type":"cellphones","date":"2020-07-03","url":"i2200597-iphone-7-and-iwatch-2-series.html","name":" Iphone 7 & Iwatch 2 Series","price":"50,000"},{"type":"cellphones","date":"2020-07-03","url":"i2201431-poco-x2-6-128-available.html","name":" Poco X2 6/128 Available","price":"36,000"},{"type":"cellphones","date":"2020-07-03","url":"i2148241-iphone-6s-plus.html","name":" Iphone 6s+","price":"29,500"},{"type":"cellphones","date":"2020-07-03","url":"i2174172-poco-x2-8-256.html","name":" Poco X2 8/256","price":"39,000"},{"type":"cellphones","date":"2020-07-03","url":"i2192103-i-ph-8-plus-plus-boxpack-like-new-genuine-pkr.html","name":" I Ph 8+plus Boxpack Like New Genuine Pkr","price":"54,000"},{"type":"cellphones","date":"2020-07-03","url":"i2203454-one-plus-7t-at-70k-urgent-sale.html","name":" One Plus 7t At 70k Urgent Sale","price":"71,999"},{"type":"cellphones","date":"2020-07-03","url":"i2196496-lava-ln9910.html","name":" Lava Ln9910","price":"5,000"},{"type":"cellphones","date":"2020-07-03","url":"i2195975-nokia-2-3.html","name":" Nokia 2.3","price":"12,500"},{"type":"cellphones","date":"2020-07-03","url":"i2192499-vivo-y11-with-5000-mah-battery.html","name":" Vivo Y11 With 5000 Mah Battery","price":"15,000"},{"type":"cellphones","date":"2020-07-03","url":"i2198212-iphone-xr-needed-urgent.html","name":" Iphone Xr Needed Urgent","price":"55,000"},{"type":"cellphones","date":"2020-07-03","url":"i2189801-nokia-2-3-version-10.html","name":" Nokia 2.3 Version 10","price":"10,000"},{"type":"cellphones","date":"2020-07-03","url":"i2198606-i-phone-8-plus-256-gb-box-pack-all-accessories.html","name":" I Phone 8+ 256 Gb Box Pack All Accessories","price":"62,500"},{"type":"cellphones","date":"2020-07-03","url":"i2129551-iphone-5s.html","name":" Iphone 5s","price":"9,000"},{"type":"cellphones","date":"2020-07-03","url":"i2185662-xiaomi-redmi-8-4-gb-plus-64-gb-authorized-seal-packed.html","name":" Xiaomi Redmi 8 (4 Gb + 64 Gb) Authorized Seal Packed","price":"15,999"},{"type":"cellphones","date":"2020-07-03","url":"i2198900-samsung-j5-urgent-sell.html","name":" Samsung J5 Urgent Sell","price":"5,000"},{"type":"cellphones","date":"2020-07-03","url":"i2200229-iphone-x-256gb-white.html","name":" Iphone X 256gb (white)","price":"68,000"},{"type":"cellphones","date":"2020-07-03","url":"i2201494-iphone-7-32gb-9866270021.html","name":" Iphone 7 32gb (9866270021)","price":"24,999"},{"type":"cellphones","date":"2020-07-03","url":"i2204836-rs-13000-at-redmi-note-seven.html","name":" Rs. 13000 At Redmi Note Seven","price":"13,000"},{"type":"cellphones","date":"2020-07-03","url":"i2194702-sony-xperia-z.html","name":" Sony Xperia Z","price":"699"},{"type":"cellphones","date":"2020-07-03","url":"i2194631-iphone-11-pro-max-256gb.html","name":" Iphone 11 Pro Max 256gb","price":"1,75,000"},{"type":"cellphones","date":"2020-07-03","url":"i2205212-oneplus-3-with-box-and-accessories.html","name":" Oneplus 3 With Box And Accessories","price":"16,000"},{"type":"cellphones","date":"2020-07-03","url":"i2192414-poco-x2-8-256gb.html","name":" Poco X2 8/256gb","price":"36,500"},{"type":"cellphones","date":"2020-07-03","url":"i2190492-iphone-7-in-new-condition-128gb.html","name":" Iphone 7 In New Condition 128gb","price":"32,000"},{"type":"cellphones","date":"2020-07-03","url":"i2204076-ipad-5th-generation-32gb-wifi.html","name":" Ipad 5th Generation 32gb(wifi)","price":"35,000"},{"type":"cellphones","date":"2020-07-03","url":"i2193465-iphone-x-256gb-with-imei-matching-box-plus-charger-plus-earphone.html","name":" Iphone X 256gb With Imei Matching Box + Charger + Earphone","price":"79,000"},{"type":"cellphones","date":"2020-07-03","url":"i2188797-samsung-note-8.html","name":" Samsung Note 8","price":"27,000"},{"type":"cellphones","date":"2020-07-03","url":"i1756220-iphone-6-128gb.html","name":" Iphone 6 128gb","price":"20,000"},{"type":"cellphones","date":"2020-07-03","url":"i2205308-samsung-note-9-urgent-sale.html","name":" Samsung Note 9 Urgent Sale","price":"24,000"},{"type":"cellphones","date":"2020-07-03","url":"i2165153-samsung-note-8-sell-or-exng-white-oneplus6-or-6t.html","name":" Samsung Note 8 Sell Or Exng White Oneplus6 Or 6t","price":"25,000"},{"type":"cellphones","date":"2020-07-03","url":"i2199012-iphone-6-plus.html","name":" Iphone 6 Plus","price":"7,000"},{"type":"cellphones","date":"2020-07-03","url":"i2171831-galaxy-note-8-sale-or-exchange.html","name":" Galaxy Note 8 Sale Or Exchange","price":"24,998"},{"type":"cellphones","date":"2020-07-03","url":"i2170571-iphone-11-pro-max-256gb-silver-white-urgent-sell.html","name":" Iphone 11 Pro Max 256gb Silver White Urgent Sell","price":"1,90,000"},{"type":"cellphones","date":"2020-07-03","url":"i2204090-apple-ipad-mini-on-sell.html","name":" Apple Ipad Mini On Sell","price":"6,000"},{"type":"cellphones","date":"2020-07-03","url":"i2198756-urgent-sale-samsung-galaxy-s10.html","name":" Urgent Sale Samsung Galaxy S10","price":"42,000"},{"type":"cellphones","date":"2020-07-03","url":"i2202776-one-plus-6.html","name":" One Plus 6","price":"27,000"},{"type":"cellphones","date":"2020-07-03","url":"i2139441-realme-6-pro.html","name":" Realme 6 Pro","price":"26,000"},{"type":"cellphones","date":"2020-07-03","url":"i2188698-xiaomi-mi-note-10-lite-6-128-gb-brand-new-sealed.html","name":" Xiaomi Mi Note 10 Lite (6/128)gb -brand New Sealed","price":"44,499"},{"type":"cellphones","date":"2020-07-03","url":"i2199701-iphone-6plus-128-gb-100-health-fully-unlock-set.html","name":" Iphone 6plus(128)gb 100%% Health Fully Unlock Set","price":"22,000"},{"type":"cellphones","date":"2020-07-03","url":"i2198132-samsung-s8-plus.html","name":" Samsung S8 Plus","price":"25,000"},{"type":"cellphones","date":"2020-07-03","url":"i2193708-iphone-8-plus-64gb.html","name":" Iphone 8 Plus 64gb","price":"54,999"},{"type":"cellphones","date":"2020-07-03","url":"i2185688-xiaomi-redmi-note-9-pro-6-gb-plus-128-gb-authorized-seal-packed.html","name":" Xiaomi Redmi Note 9 Pro (6 Gb + 128 Gb) Authorized Seal Packed","price":"29,999"},{"type":"cellphones","date":"2020-07-03","url":"i2204570-samsung-s10-plus.html","name":" Samsung S10 Plus","price":"55,000"},{"type":"cellphones","date":"2020-07-03","url":"i2198992-iphone-xs-max-256gb.html","name":" Iphone Xs Max 256gb","price":"80,000"},{"type":"cellphones","date":"2020-07-03","url":"i2176399-nokia-7-2.html","name":" Nokia 7.2","price":"22,000"},{"type":"cellphones","date":"2020-07-03","url":"i2193899-realme-5s-exchange-also.html","name":" Realme 5s Exchange Also","price":"17,000"},{"type":"cellphones","date":"2020-07-03","url":"i2199381-ipad-4-16-gb-wifi-plus-cellular-usa-bata-liyako-ho.html","name":" Ipad 4 16 Gb Wifi+cellular Usa Bata Liyako Ho","price":"18,000"},{"type":"cellphones","date":"2020-07-03","url":"i2166986-m20-genuine-set.html","name":" M20 Genuine Set","price":"13,750"},{"type":"cellphones","date":"2020-07-03","url":"i2172503-samsung-s7-edge-crack.html","name":" Samsung S7 Edge (crack)","price":"13,000"},{"type":"cellphones","date":"2020-07-03","url":"i2178360-oneplus-6.html","name":" Oneplus 6","price":"32,500"},{"type":"cellphones","date":"2020-07-03","url":"i2165640-mi-note-8-pro-exchange-oneplus-6-iphone-6s-ply.html","name":" Mi Note 8 Pro Exchange Oneplus 6 Iphone 6s Ply","price":"25,000"},{"type":"cellphones","date":"2020-07-03","url":"i2192108-iphone-7-fully-unlocked-ekdam-fresh-32gb.html","name":" Iphone 7 Fully Unlocked Ekdam Fresh 32gb","price":"30,000"},{"type":"cellphones","date":"2020-07-03","url":"i2206277-brand-new-poco-x2-6-128.html","name":" Brand New Poco X2 6/128","price":"34,999"},{"type":"cellphones","date":"2020-07-03","url":"i2199392-samsung-galaxy-s10-plus-s10-plus.html","name":" Samsung Galaxy S10 Plus (s10+)","price":"69,999"},{"type":"cellphones","date":"2020-07-03","url":"i2205155-samsung-s9-plus.html","name":" Samsung S9 Plus","price":"35,000"},{"type":"cellphones","date":"2020-07-03","url":"i2090621-redmi-note-8-one-week-used.html","name":" Redmi Note 8 One Week Used","price":"17,000"},{"type":"cellphones","date":"2020-07-03","url":"i2197945-iphone-xr-128gb.html","name":" Iphone Xr 128gb","price":"69,999"},{"type":"cellphones","date":"2020-07-03","url":"i2202429-k20-6-128.html","name":" K20 6/128","price":"30,500"},{"type":"cellphones","date":"2020-07-03","url":"i2178260-iphone-8plus.html","name":" Iphone 8plus","price":"70,000"},{"type":"cellphones","date":"2020-07-03","url":"i2198819-redmi-k20-pro-6-128.html","name":" Redmi K20 Pro/6/128","price":"37,000"},{"type":"cellphones","date":"2020-07-03","url":"i2198862-huawei-y6-prime.html","name":" Huawei Y6 Prime","price":"9,500"},{"type":"cellphones","date":"2020-07-03","url":"i2198839-iphone-11.html","name":" Iphone 11","price":"90,000"},{"type":"cellphones","date":"2020-07-03","url":"i2201958-iphone-xr-red.html","name":" Iphone Xr Red","price":"70,000"},{"type":"cellphones","date":"2020-07-03","url":"i2199334-redmi-note-8.html","name":" Redmi Note 8","price":"19,100"},{"type":"cellphones","date":"2020-07-03","url":"i2190351-m10-on-sale-10-000-rs.html","name":" M10 On Sale 10,000 Rs.","price":"10,000"},{"type":"cellphones","date":"2020-07-03","url":"i2183331-samsung-s10-plus.html","name":" Samsung S10+","price":"70,000"},{"type":"cellphones","date":"2020-07-03","url":"i2206420-j7-urgent-sell-coz-i-wanna-buy-high-range-phone.html","name":" J7.urgent Sell Coz I Wanna Buy High Range Phone","price":"6,000"},{"type":"cellphones","date":"2020-07-03","url":"i2161550-redmi-note-8-4gb-128-rom-sell.html","name":" Redmi Note 8 4gb 128 Rom Sell","price":"22,000"},{"type":"cellphones","date":"2020-07-03","url":"i2197267-samsung-galaxy-m20-3-32.html","name":" Samsung Galaxy M20 3/ 32","price":"13,500"},{"type":"cellphones","date":"2020-07-03","url":"i2195938-vivo-v11-pro.html","name":" Vivo V11 Pro","price":"18,000"},{"type":"cellphones","date":"2020-07-03","url":"i2107133-one-plus-7pro-display-crack.html","name":" One Plus 7pro (display Crack)","price":"25,000"},{"type":"cellphones","date":"2020-07-03","url":"i2206056-iphone-x-64gb-black-color-with-wireless-charging-set-from-belkin.html","name":" Iphone X 64gb Black Color With Wireless Charging Set From Belkin","price":"55,000"},{"type":"cellphones","date":"2020-07-03","url":"i2180433-iphone-11pro-max-on-sell.html","name":" Iphone 11pro Max On Sell","price":"1,50,000"},{"type":"cellphones","date":"2020-07-03","url":"i2171837-nokia-6.html","name":" Nokia 6","price":"10,000"},{"type":"cellphones","date":"2020-07-03","url":"i2203741-bypassed-iphone-8.html","name":" Bypassed Iphone 8","price":"25,000"},{"type":"cellphones","date":"2020-07-03","url":"i2191758-one-plus-7t.html","name":" One Plus 7t","price":"52,500"},{"type":"cellphones","date":"2020-07-03","url":"i2190254-galaxy-tab-e.html","name":" Galaxy Tab E","price":"10,000"},{"type":"cellphones","date":"2020-07-03","url":"i2194070-samsung-galaxy-s8-4gb-ram-64gb-rom.html","name":" Samsung Galaxy S8 4gb Ram 64gb Rom","price":"14,500"},{"type":"cellphones","date":"2020-07-03","url":"i2195932-mi-note-6-pro.html","name":" Mi Note 6 Pro","price":"10,000"},{"type":"cellphones","date":"2020-07-03","url":"i2206523-iphone-x-64-gb.html","name":" Iphone X 64 Gb","price":"55,900"},{"type":"cellphones","date":"2020-07-03","url":"i2188704-redmi-note-8-pro.html","name":" Redmi Note 8 Pro","price":"26,000"},{"type":"cellphones","date":"2020-07-03","url":"i2064240-iphones-6-128gb.html","name":" Iphones 6 128gb","price":"20,000"},{"type":"cellphones","date":"2020-07-03","url":"i2205696-iphone-11-pro-256.html","name":" Iphone 11 Pro 256","price":"1,45,000"},{"type":"cellphones","date":"2020-07-03","url":"i2183604-pocofone-f1-fresh-like-new-6128gb.html","name":" Pocofone F1 Fresh Like New(6-128gb)","price":"24,000"},{"type":"cellphones","date":"2020-07-03","url":"i2204772-asus-rog-phone-2.html","name":" Asus Rog Phone 2","price":"66,000"},{"type":"cellphones","date":"2020-07-03","url":"i2205329-iphone-6s.html","name":" Iphone 6s","price":"15,000"},{"type":"cellphones","date":"2020-07-03","url":"i2187514-iphone-xsmax-on-sale.html","name":" Iphone Xsmax On Sale","price":"80,000"},{"type":"cellphones","date":"2020-07-03","url":"i2198765-one-plus-7t-exchange-also.html","name":" One Plus 7t, Exchange Also","price":"60,000"},{"type":"cellphones","date":"2020-07-03","url":"i2124871-vivo-y93.html","name":" Vivo Y93","price":"9,500"},{"type":"cellphones","date":"2020-07-03","url":"i2203065-iphone-11-pro-max.html","name":" Iphone 11 Pro Max","price":"1,85,000"},{"type":"cellphones","date":"2020-07-03","url":"i2206340-samsung-a50.html","name":" Samsung A50","price":"20,000"},{"type":"cellphones","date":"2020-07-03","url":"i2187987-blackberry-priv.html","name":" Blackberry Priv","price":"12,500"},{"type":"cellphones","date":"2020-07-03","url":"i2192629-vivo-v15-pro-6-128.html","name":" Vivo V15 Pro 6/128","price":"24,500"},{"type":"cellphones","date":"2020-07-03","url":"i2199661-samsung-s7.html","name":" Samsung S7","price":"13,000"},{"type":"cellphones","date":"2020-07-03","url":"i2202162-iphone-11-pro-max.html","name":" Iphone 11 Pro Max","price":"1,60,000"},{"type":"cellphones","date":"2020-07-03","url":"i2184477-mi-note-9-pro.html","name":" Mi Note 9 Pro","price":"32,500"},{"type":"cellphones","date":"2020-07-03","url":"i2203943-iphone-7-32-gb-black.html","name":" Iphone 7 , 32 Gb Black","price":"25,000"},{"type":"cellphones","date":"2020-07-03","url":"i2195053-iphone-x-64-bypassed.html","name":" Iphone X 64 Bypassed","price":"45,000"},{"type":"cellphones","date":"2020-07-03","url":"i2183426-iphone-6-plus-64gb.html","name":" Iphone 6 Plus ( 64gb)","price":"15,000"},{"type":"cellphones","date":"2020-07-03","url":"i2189667-oneplus-7-pro-on-sale.html","name":" Oneplus 7 Pro On Sale","price":"65,000"},{"type":"cellphones","date":"2020-07-03","url":"i2204579-iphone-11-white.html","name":" Iphone 11 White","price":"1,00,000"},{"type":"cellphones","date":"2020-07-03","url":"i2171572-sony-xperia-t2-ultra-mobile-phone.html","name":" Sony Xperia T2 Ultra Mobile Phone","price":"7,200"},{"type":"cellphones","date":"2020-07-03","url":"i2204739-amazing-phones-at-lockdown-time.html","name":" Amazing Phones At Lockdown Time","price":"9,999"},{"type":"cellphones","date":"2020-07-03","url":"i2174799-note-5-display-change-garnu-parcha.html","name":" Note 5 (display Change Garnu Parcha)","price":"3,000"},{"type":"cellphones","date":"2020-07-03","url":"i2205227-huawei-p20-pro-sell-and-exchange.html","name":" Huawei P20 Pro Sell And Exchange","price":"40,000"},{"type":"cellphones","date":"2020-07-03","url":"i2201278-redmi-note-7-s-3-32.html","name":" Redmi Note 7 S 3/32","price":"13,800"},{"type":"cellphones","date":"2020-07-03","url":"i2198623-iphone-xs-max-256.html","name":" Iphone Xs Max 256","price":"100"},{"type":"cellphones","date":"2020-07-03","url":"i2193231-oneplus-8.html","name":" Oneplus 8","price":"77,080"},{"type":"cellphones","date":"2020-07-03","url":"i2195952-samsung-s9-plus-256-gb-fresh-korean-pokhara.html","name":" Samsung S9+ 256 Gb Fresh Korean Pokhara","price":"30,000"},{"type":"cellphones","date":"2020-07-03","url":"i2164983-samsung-s10-5g-256gb-urgent-sale.html","name":" Samsung S10 5g 256gb Urgent Sale","price":"75,000"},{"type":"cellphones","date":"2020-07-03","url":"i2192367-iphone8-64-gb-bypassed.html","name":" Iphone8 64 Gb Bypassed","price":"27,000"},{"type":"cellphones","date":"2020-07-03","url":"i2150902-oneplus-3-6gb-ram-64gb-internal-memory-good-condition.html","name":" Oneplus 3 6gb Ram 64gb Internal Memory.good Condition","price":"13,000"},{"type":"cellphones","date":"2020-07-03","url":"i2161518-samsung-a10s.html","name":" Samsung A10s","price":"10,000"},{"type":"cellphones","date":"2020-07-03","url":"i2190288-iphone-x-256gb.html","name":" Iphone X 256gb","price":"65,000"},{"type":"cellphones","date":"2020-07-03","url":"i2205453-iphone-x-256gb.html","name":" Iphone X 256gb","price":"69,000"},{"type":"cellphones","date":"2020-07-03","url":"i2205297-samsung-m30s.html","name":" Samsung M30s","price":"20,500"},{"type":"cellphones","date":"2020-07-03","url":"i2187835-iphone-7-plus.html","name":" Iphone 7 Plus","price":"48,500"},{"type":"cellphones","date":"2020-07-03","url":"i2195911-galaxy-s9-plus.html","name":" Galaxy S9 Plus","price":"20,000"},{"type":"cellphones","date":"2020-07-03","url":"i2179689-oppo-f1s.html","name":" Oppo F1s","price":"8,800"},{"type":"cellphones","date":"2020-07-03","url":"i2197265-iphone-x-256-gb-with-box-and-all-accessories.html","name":" Iphone X 256 Gb With Box And All Accessories","price":"68,000"},{"type":"cellphones","date":"2020-07-03","url":"i2205131-tab-for-sale.html","name":" Tab For Sale","price":"2,000"},{"type":"cellphones","date":"2020-07-03","url":"i2195134-real-me-3.html","name":" Real Me 3","price":"12,000"},{"type":"cellphones","date":"2020-07-03","url":"i2113599-iphone-xs-max-64gb.html","name":" Iphone Xs Max 64gb","price":"79,999"},{"type":"cellphones","date":"2020-07-03","url":"i2191771-samsung-a50.html","name":" Samsung A50","price":"15,000"},{"type":"cellphones","date":"2020-07-03","url":"i2203478-fresh-samsung-tab-s-10-5-inch-for-sale.html","name":" Fresh Samsung Tab S 10.5 Inch For Sale","price":"30,000"},{"type":"cellphones","date":"2020-07-03","url":"i2199722-iphone-6-plus-16gb.html","name":" Iphone 6 Plus 16gb","price":"15,500"},{"type":"cellphones","date":"2020-07-03","url":"i2192354-i-phone-6s.html","name":" I Phone 6s","price":"12,500"},{"type":"cellphones","date":"2020-07-03","url":"i2190018-s20-plus-urgently-sale.html","name":" S20+ Urgently Sale","price":"1,00,000"},{"type":"cellphones","date":"2020-07-03","url":"i2188436-redmi-note-7pro.html","name":" Redmi Note 7pro","price":"15,000"},{"type":"cellphones","date":"2020-07-03","url":"i2197393-realme-5i.html","name":" Realme 5i","price":"19,500"},{"type":"cellphones","date":"2020-07-03","url":"i2181299-iphone-xs-max-256-gb.html","name":" Iphone Xs Max 256 Gb","price":"85,000"},{"type":"cellphones","date":"2020-07-03","url":"i2199908-oppo-f1s.html","name":" Oppo F1s","price":"8,500"},{"type":"cellphones","date":"2020-07-03","url":"i2192838-iphone-7-plus.html","name":" Iphone 7 Plus","price":"40,000"},{"type":"cellphones","date":"2020-07-03","url":"i2199604-s9-plus.html","name":" S9 Plus","price":"30,000"},{"type":"cellphones","date":"2020-07-03","url":"i2193957-ipad-pro-10-5-cellular-64gb-with-apple-pencil.html","name":" Ipad Pro 10.5 Cellular 64gb With Apple Pencil","price":"85,000"},{"type":"cellphones","date":"2020-07-03","url":"i2159308-realme-xt.html","name":" Realme Xt","price":"26,000"},{"type":"cellphones","date":"2020-07-03","url":"i2150013-samsung-s10-plus-8-128.html","name":" Samsung S10 Plus 8/128","price":"69,999"},{"type":"cellphones","date":"2020-07-03","url":"i2198665-iphone-7.html","name":" Iphone 7","price":"25,000"},{"type":"cellphones","date":"2020-07-03","url":"i2203590-galaxy-s9-plus.html","name":" Galaxy S9 Plus","price":"60,000"},{"type":"cellphones","date":"2020-07-03","url":"i2201062-iphone-7-plus-256-gb-full-fresh-98-battery.html","name":" Iphone 7+256 Gb Full Fresh 98% Battery","price":"47,999"},{"type":"cellphones","date":"2020-07-03","url":"i2185600-samsung-note-9-glass-crack-sell-or-exchange.html","name":" Samsung Note 9 (glass Crack) Sell Or Exchange","price":"40,000"},{"type":"cellphones","date":"2020-07-03","url":"i2195983-iphone-6s.html","name":" Iphone 6s","price":"14,500"},{"type":"cellphones","date":"2020-07-03","url":"i2205234-samsung-galaxy-s8-plus-4-64-dual-sim-like-new-condition-sale.html","name":" Samsung Galaxy S8 Plus (4/64) Dual Sim Like New Condition Sale","price":"28,499"},{"type":"cellphones","date":"2020-07-03","url":"i2175800-lockdown-sale-iphone-6-plus-plus-huawei-y7-prime.html","name":" Lockdown Sale: Iphone 6 Plus + Huawei Y7 Prime","price":"26,000"},{"type":"cellphones","date":"2020-07-03","url":"i2205569-samsung-j7-pro.html","name":" Samsung J7 Pro","price":"12,500"},{"type":"cellphones","date":"2020-07-03","url":"i2195954-redmi-note-7-pro.html","name":" Redmi Note 7 Pro","price":"16,000"},{"type":"cellphones","date":"2020-07-03","url":"i2202584-iphone-x.html","name":" Iphone X","price":"48,000"},{"type":"cellphones","date":"2020-07-03","url":"i2129334-iphone-11-pro-max-256gb-grey.html","name":" Iphone 11 Pro Max 256gb Grey","price":"1,50,000"},{"type":"cellphones","date":"2020-07-03","url":"i2206442-samsung-galaxy-s10-plus-8-128gb.html","name":" Samsung Galaxy S10 Plus 8/128gb","price":"65,000"},{"type":"cellphones","date":"2020-07-03","url":"i2197290-mi-redmi-note-8-4-64gb-seald-pack.html","name":" Mi Redmi Note 8 (4/64gb) Seald Pack","price":"20,999"},{"type":"cellphones","date":"2020-07-03","url":"i2193079-flagship-killer-oneplus-is-on-urgent-sale.html","name":" Flagship Killer Oneplus Is On Urgent Sale","price":"19,999"},{"type":"cellphones","date":"2020-07-03","url":"i2164020-samsung-s9-plus-on-sale-personal-use-phone-with-box.html","name":" Samsung S9 Plus On Sale {personal Use Phone} With Box","price":"43,000"},{"type":"cellphones","date":"2020-07-03","url":"i2203416-samsung-s9-plus.html","name":" Samsung S9+","price":"38,000"},{"type":"cellphones","date":"2020-07-03","url":"i2201001-oppo-reno-2z.html","name":" Oppo Reno 2z","price":"35,000"},{"type":"cellphones","date":"2020-07-03","url":"i2203595-samsung-galaxy-s9-plus.html","name":" Samsung Galaxy S9 Plus","price":"60,000"},{"type":"cellphones","date":"2020-07-03","url":"i2189836-sony-xperia.html","name":" Sony Xperia","price":"6,500"},{"type":"cellphones","date":"2020-07-03","url":"i2206067-oneplus-5t.html","name":" Oneplus 5t","price":"25,000"},{"type":"cellphones","date":"2020-07-03","url":"i2151893-samsung-s8plus.html","name":" Samsung S8plus","price":"18,500"},{"type":"cellphones","date":"2020-07-03","url":"i2198343-redmi-note7-pro.html","name":" Redmi Note7 Pro","price":"18,000"},{"type":"cellphones","date":"2020-07-03","url":"i2190791-samsung-note-5.html","name":" Samsung Note 5","price":"15,500"},{"type":"cellphones","date":"2020-07-03","url":"i2199680-samsung-note-8-256gb-with-imei-matching-box.html","name":" Samsung Note 8 256gb With Imei Matching Box","price":"45,000"},{"type":"cellphones","date":"2020-07-03","url":"i2188038-iphone-x-64gb.html","name":" Iphone X 64gb","price":"60,000"},{"type":"cellphones","date":"2020-07-03","url":"i2205464-samsung-galaxy-m20-3-32.html","name":" Samsung Galaxy M20 3/32","price":"13,000"},{"type":"cellphones","date":"2020-07-03","url":"i2110466-iphone-8-plus.html","name":" Iphone 8 Plus","price":"50,000"},{"type":"cellphones","date":"2020-07-03","url":"i2158945-samsung-galaxy-note-8.html","name":" Samsung Galaxy Note 8","price":"25,000"},{"type":"cellphones","date":"2020-07-03","url":"i2177289-s8-plus-for-sale-or-exchange.html","name":" S8 Plus For Sale Or Exchange","price":"27,000"},{"type":"cellphones","date":"2020-07-03","url":"i2203139-iphone-11-pro.html","name":" Iphone 11 Pro","price":"1,30,000"},{"type":"cellphones","date":"2020-07-03","url":"i2199518-samsung-galaxy-a7-2016.html","name":" Samsung Galaxy A7 2016","price":"5,000"},{"type":"cellphones","date":"2020-07-03","url":"i2202034-iphone-11-128gb.html","name":" Iphone 11 128gb","price":"1,06,000"},{"type":"cellphones","date":"2020-07-03","url":"i2192676-redmi-note-8-pro.html","name":" Redmi Note 8 Pro","price":"22,000"},{"type":"cellphones","date":"2020-07-03","url":"i2192314-lock-down-special-offer-6000.html","name":" Lock Down Special Offer 6000","price":"6,000"},{"type":"cellphones","date":"2020-07-03","url":"i2197869-redmi-k20-pro-8gb-256gb.html","name":" Redmi K20 Pro 8gb/256gb","price":"40,000"},{"type":"cellphones","date":"2020-07-03","url":"i2195587-samsung-s10plus.html","name":" Samsung S10plus","price":"72,000"},{"type":"cellphones","date":"2020-07-03","url":"i2174936-redmi-note-9-pro-brand-new-with-snapdragon-720g.html","name":" Redmi Note 9 Pro Brand New With Snapdragon 720g","price":"29,390"},{"type":"cellphones","date":"2020-07-03","url":"i2204218-oneplus-7t-8-256gb.html","name":" Oneplus 7t 8/256gb","price":"55,000"},{"type":"cellphones","date":"2020-07-03","url":"i2141497-iphone-8-plus-256gb.html","name":" Iphone 8 Plus 256gb","price":"67,500"},{"type":"cellphones","date":"2020-07-03","url":"i2204358-mi-note-6-pro-4gb-ram-64-gb-internal.html","name":" Mi Note 6 Pro 4gb Ram 64 Gb Internal","price":"13,500"},{"type":"cellphones","date":"2020-07-03","url":"i2199496-iphone-xs-max-dual-sim.html","name":" Iphone Xs Max Dual Sim","price":"86,000"},{"type":"cellphones","date":"2020-07-03","url":"i2159257-samsung-galaxy-note-10-plus.html","name":" Samsung Galaxy Note 10 Plus","price":"90,000"},{"type":"cellphones","date":"2020-07-03","url":"i2180985-oneplus-7pro.html","name":" Oneplus 7pro","price":"70,000"},{"type":"cellphones","date":"2020-07-03","url":"i2176946-samsung-m20.html","name":" Samsung M20","price":"13,000"},{"type":"cellphones","date":"2020-07-03","url":"i2193158-samsung-m30s-6gb-128gb-48-mp-6000-mah-battery.html","name":" Samsung M30s 6gb/128gb 48 Mp 6000 Mah Battery","price":"25,000"},{"type":"cellphones","date":"2020-07-03","url":"i2142071-galaxy-a51.html","name":" Galaxy A51","price":"36,000"},{"type":"cellphones","date":"2020-07-03","url":"i2194850-samsung-galaxy-s9-plus-on-sale.html","name":" Samsung Galaxy S9+ On Sale","price":"40,000"},{"type":"cellphones","date":"2020-07-03","url":"i2193275-oneplus-8-pro.html","name":" Oneplus 8 Pro","price":"98,399"},{"type":"cellphones","date":"2020-07-03","url":"i2176996-samsung-s7.html","name":" Samsung S7","price":"18,000"},{"type":"cellphones","date":"2020-07-03","url":"i2099697-iphone-6-orginal-and-brand-new.html","name":" Iphone 6 Orginal And Brand New","price":"10,500"},{"type":"cellphones","date":"2020-07-03","url":"i2204794-i-phone-7-plus.html","name":" I Phone 7 Plus","price":"47,000"},{"type":"cellphones","date":"2020-07-03","url":"i2199867-oneplus-7.html","name":" Oneplus 7","price":"60,000"},{"type":"cellphones","date":"2020-07-03","url":"i2186592-asus-rog-phone-2.html","name":" Asus Rog Phone 2","price":"70"},{"type":"cellphones","date":"2020-07-03","url":"i2168256-samsung-a10s-brand-new-condition-set-comes-with-its-box.html","name":" Samsung A10s Brand New Condition Set Comes With Its Box","price":"15,000"},{"type":"cellphones","date":"2020-07-03","url":"i2202327-k20-pro-exchange-with-iphone-8-or-more-i-can-add-money.html","name":" K20 Pro Exchange With Iphone 8 Or More I Can Add Money","price":"99,99,99,999"},{"type":"cellphones","date":"2020-07-03","url":"i2169912-oneplus-7t-pro.html","name":" Oneplus 7t Pro","price":"80,000"},{"type":"cellphones","date":"2020-07-03","url":"i2190544-i-want-sell-in-urgent.html","name":" I Want Sell In Urgent","price":"24,000"},{"type":"cellphones","date":"2020-07-03","url":"i2185459-iphone-7s-32-gb-black-matte-urgent-sell.html","name":" Iphone 7s 32 Gb Black Matte Urgent Sell","price":"25,000"},{"type":"cellphones","date":"2020-07-03","url":"i2181400-one-plus-6-8-128-with-dash-charger-org.html","name":" One Plus 6.. 8/128 With Dash Charger Org","price":"28,900"},{"type":"cellphones","date":"2020-07-03","url":"i2202180-iphone-6s.html","name":" Iphone 6s","price":"15,000"},{"type":"cellphones","date":"2020-07-03","url":"i2101318-oneplus-7-pro.html","name":" Oneplus 7 Pro","price":"60,000"},{"type":"cellphones","date":"2020-07-03","url":"i2205093-iphone-11-pro-max-256gb-midnight-green-read-description.html","name":" Iphone 11 Pro Max 256gb | Midnight Green | Read Description |","price":"1,53,000"},{"type":"cellphones","date":"2020-07-03","url":"i2205703-sale-sale-samsung-m20-sale.html","name":" Sale Sale Samsung M20 Sale","price":"13,000"},{"type":"cellphones","date":"2020-07-03","url":"i2206068-j7-pro-64-gb.html","name":" J7 Pro 64 Gb","price":"9,500"},{"type":"cellphones","date":"2020-07-03","url":"i2205893-pixel-2xl-4-128-exchange.html","name":" Pixel 2xl 4/128 Exchange","price":"34,500"},{"type":"cellphones","date":"2020-07-03","url":"i2202924-iphone-7-plus-box-pack.html","name":" Iphone 7 Plus (box Pack)","price":"41,500"},{"type":"cellphones","date":"2020-07-03","url":"i2142799-oppo-a3s-in-sell-ma.html","name":" Oppo A3s In Sell Ma","price":"7,000"},{"type":"cellphones","date":"2020-07-03","url":"i2200289-samsung-s20-ultra-12-gb.html","name":" Samsung S20 Ultra 12 Gb","price":"1,45,000"},{"type":"cellphones","date":"2020-07-03","url":"i2191317-redmi-note-9-pro-interstellar-black.html","name":" Redmi Note 9 Pro... Interstellar Black","price":"30,000"},{"type":"cellphones","date":"2020-07-03","url":"i2199685-icloud-bypass-500npr.html","name":" Icloud Bypass 500npr","price":"500"},{"type":"cellphones","date":"2020-07-03","url":"i2194616-iphone-6-plus.html","name":" Iphone 6 Plus","price":"15,200"},{"type":"cellphones","date":"2020-07-03","url":"i2185633-iphone-xsmax.html","name":" Iphone Xsmax","price":"86,000"},{"type":"cellphones","date":"2020-07-03","url":"i2203334-iphone-x-on-sale-93-battery-health.html","name":" Iphone X On Sale 93 % Battery Health","price":"65,000"},{"type":"cellphones","date":"2020-07-03","url":"i2204439-sale-sale-sale.html","name":" Sale Sale Sale","price":"70,000"},{"type":"cellphones","date":"2020-07-03","url":"i2114202-samsung-a70-on-sell.html","name":" Samsung A70 On Sell","price":"22,000"},{"type":"cellphones","date":"2020-07-03","url":"i2201419-iphone-6s-plus-64gb.html","name":" Iphone 6s Plus 64gb","price":"26,500"},{"type":"cellphones","date":"2020-07-03","url":"i2154794-samsung-a9-128gb.html","name":" Samsung A9 128gb","price":"25,000"},{"type":"cellphones","date":"2020-07-03","url":"i2206250-iphone-7plus.html","name":" Iphone 7plus","price":"34,000"},{"type":"cellphones","date":"2020-07-03","url":"i2174951-redmi-note-9pro-6-128-with-authorize-warranty.html","name":" Redmi Note 9pro (6/128) With Authorize Warranty","price":"29,500"},{"type":"cellphones","date":"2020-07-03","url":"i2149485-iphone-7-plus-128gb.html","name":" Iphone 7 Plus 128gb","price":"46,500"},{"type":"cellphones","date":"2020-07-03","url":"i2195849-iphone-xr-128gb.html","name":" Iphone Xr 128gb","price":"66,000"},{"type":"cellphones","date":"2020-07-03","url":"i2037938-iphone-6s.html","name":" Iphone 6s","price":"17,000"},{"type":"cellphones","date":"2020-07-03","url":"i2203695-iphone-x-256-gb.html","name":" Iphone X 256 Gb","price":"55,555"},{"type":"cellphones","date":"2020-07-03","url":"i2181116-samsung-galaxy-note-9-for-sale.html","name":" Samsung Galaxy Note 9 For Sale","price":"40,000"},{"type":"cellphones","date":"2020-07-03","url":"i2203093-samsung-galaxy-j5-prime-4g.html","name":" Samsung Galaxy J5 Prime 4g","price":"6,500"},{"type":"cellphones","date":"2020-07-03","url":"i2201401-realme-x2.html","name":" Realme X2","price":"32,000"},{"type":"cellphones","date":"2020-07-03","url":"i2174685-bypass-full-fresh-iphone6-on-sale.html","name":" Bypass Full Fresh Iphone6 On Sale","price":"10,000"},{"type":"cellphones","date":"2020-07-03","url":"i2205538-mi-redim-note-9-pro.html","name":" Mi Redim Note 9 Pro","price":"30,000"},{"type":"cellphones","date":"2020-07-03","url":"i2206707-google-nexus-5-urgent-sell.html","name":" Google Nexus 5 Urgent Sell","price":"5,000"},{"type":"cellphones","date":"2020-07-03","url":"i2172122-mi-max-2.html","name":" Mi Max 2","price":"13,000"},{"type":"cellphones","date":"2020-07-03","url":"i2194022-j7-max.html","name":" J7 Max","price":"12,999"},{"type":"cellphones","date":"2020-07-03","url":"i2203633-s10-plus.html","name":" S10 Plus","price":"75,000"},{"type":"cellphones","date":"2020-07-03","url":"i2192597-need-bypass-iphone-7-plus-or-8-plus.html","name":" Need Bypass Iphone 7 Plus Or 8 Plus","price":"123"},{"type":"cellphones","date":"2020-07-03","url":"i2203161-iphone-x.html","name":" Iphone X","price":"62,000"},{"type":"cellphones","date":"2020-07-03","url":"i2175255-mi-redmi-go-brand-new-seal-pack-mobile.html","name":" Mi Redmi Go Brand New Seal Pack Mobile","price":"8,850"},{"type":"cellphones","date":"2020-07-03","url":"i2204752-iphone-6.html","name":" Iphone 6","price":"16,500"},{"type":"cellphones","date":"2020-07-03","url":"i2204777-oneplus-6t-6-128gb.html","name":" Oneplus 6t (6/128gb)","price":"40,000"},{"type":"cellphones","date":"2020-07-03","url":"i2200494-nokia-2.html","name":" Nokia 2","price":"6,500"},{"type":"cellphones","date":"2020-07-03","url":"i2204123-iphone-6s.html","name":" Iphone 6s","price":"18,500"},{"type":"cellphones","date":"2020-07-03","url":"i2197821-mi-a2-lite-buwa-le-chalanu-bhako-phone-ho.html","name":" Mi A2 Lite Buwa Le Chalanu Bhako Phone Ho","price":"15,000"},{"type":"cellphones","date":"2020-07-03","url":"i2183341-iphone-7plus.html","name":" Iphone 7plus","price":"35,000"},{"type":"cellphones","date":"2020-07-03","url":"i2117752-samsung-m31.html","name":" Samsung M31","price":"27,000"},{"type":"cellphones","date":"2020-07-03","url":"i2202769-one-plus-5.html","name":" One Plus 5","price":"25,000"}]