[{"type":"cellphones","date":"2020-06-23","url":"i2183895-samsung-m20.html","name":" Samsung M20","price":"14,000"},{"type":"cellphones","date":"2020-06-23","url":"i2186210-oppo-realme-x2-pro-60k-phone-on-40k-has-snapdragon-855-plus-chipset.html","name":" Oppo Realme X2 Pro 60k Phone On 40k, Has Snapdragon 855+ Chipset","price":"40,000"},{"type":"cellphones","date":"2020-06-23","url":"i2181068-i-phone-7-128-gb.html","name":" I Phone 7 128 Gb","price":"26,900"},{"type":"cellphones","date":"2020-06-23","url":"i2189649-iphone-11-on-sale.html","name":" Iphone 11 On Sale","price":"85,000"},{"type":"cellphones","date":"2020-06-23","url":"i2170571-iphone-11-pro-max-256gb-silver-white-urgent-sell.html","name":" Iphone 11 Pro Max 256gb Silver White Urgent Sell","price":"1,90,000"},{"type":"cellphones","date":"2020-06-23","url":"i2171831-galaxy-note-8-sale-or-exchange.html","name":" Galaxy Note 8 Sale Or Exchange","price":"24,998"},{"type":"cellphones","date":"2020-06-23","url":"i2189217-oneplus-7.html","name":" Oneplus 7","price":"45,000"},{"type":"cellphones","date":"2020-06-23","url":"i2188698-xiaomi-mi-note-10-lite-6-128-gb-brand-new-sealed.html","name":" Xiaomi Mi Note 10 Lite (6/128)gb -brand New Sealed","price":"44,499"},{"type":"cellphones","date":"2020-06-23","url":"i2188779-iphone-11-128-gb-with-box-vat-bill-and-all-accessories.html","name":" Iphone 11 128 Gb With Box Vat Bill And All Accessories","price":"1,02,000"},{"type":"cellphones","date":"2020-06-23","url":"i2183138-s10-plus-128-gb-on-sale.html","name":" S10 Plus 128 Gb On Sale","price":"40,000"},{"type":"cellphones","date":"2020-06-23","url":"i2176996-samsung-s7.html","name":" Samsung S7","price":"18,000"},{"type":"cellphones","date":"2020-06-23","url":"i2186172-huawei-nova-2i.html","name":" Huawei Nova 2i","price":"14,000"},{"type":"cellphones","date":"2020-06-23","url":"i2192692-iphone-x-with-imei-matching-box-and-all-accessories.html","name":" Iphone X With Imei Matching Box And All Accessories","price":"65,000"},{"type":"cellphones","date":"2020-06-23","url":"i2181291-oneplus-7t-8gb-256gb.html","name":" Oneplus 7t 8gb/256gb","price":"62,500"},{"type":"cellphones","date":"2020-06-23","url":"i2191758-one-plus-7t.html","name":" One Plus 7t","price":"52,500"},{"type":"cellphones","date":"2020-06-23","url":"i2187803-iphone-7plus-or-iphone8plus-needed.html","name":" Iphone 7plus Or Iphone8plus Needed","price":"35,000"},{"type":"cellphones","date":"2020-06-23","url":"i2181400-one-plus-6-8-128-with-dash-charger-org.html","name":" One Plus 6.. 8/128 With Dash Charger Org","price":"28,900"},{"type":"cellphones","date":"2020-06-23","url":"i2148241-iphone-6s-plus.html","name":" Iphone 6s+","price":"29,500"},{"type":"cellphones","date":"2020-06-23","url":"i2184047-redmi-note-7-pro-6-128.html","name":" Redmi Note 7 Pro 6/128","price":"21,000"},{"type":"cellphones","date":"2020-06-23","url":"i2181127-ipad-9-7-inch-on-sale.html","name":" Ipad 9.7 Inch On Sale","price":"58,000"},{"type":"cellphones","date":"2020-06-23","url":"i2027500-one-plus-6t.html","name":" One Plus 6t","price":"38,000"},{"type":"cellphones","date":"2020-06-23","url":"i2190770-redmi-note-8-pro.html","name":" Redmi Note 8 Pro","price":"25,500"},{"type":"cellphones","date":"2020-06-23","url":"i2182561-ifone-6s-fresh.html","name":" Ifone 6s Fresh","price":"15,000"},{"type":"cellphones","date":"2020-06-23","url":"i2191720-poco-f1.html","name":" Poco F1","price":"27,000"},{"type":"cellphones","date":"2020-06-23","url":"i2184430-samsung-galaxy-tab-3.html","name":" Samsung Galaxy Tab 3","price":"12,000"},{"type":"cellphones","date":"2020-06-23","url":"i2191651-iphone-x-256-gb-with-remax-attached-power-bank.html","name":" Iphone X 256 Gb With Remax Attached Power Bank","price":"74,300"},{"type":"cellphones","date":"2020-06-23","url":"i2129551-iphone-5s.html","name":" Iphone 5s","price":"9,000"},{"type":"cellphones","date":"2020-06-23","url":"i2188092-mi-note-10-lite.html","name":" Mi Note 10 Lite","price":"44,000"},{"type":"cellphones","date":"2020-06-23","url":"i2177393-samsung-galaxy-j4-plus.html","name":" Samsung Galaxy J4 Plus","price":"10,000"},{"type":"cellphones","date":"2020-06-23","url":"i2174172-poco-x2-8-256.html","name":" Poco X2 8/256","price":"39,000"},{"type":"cellphones","date":"2020-06-23","url":"i2180837-vivo-v15-pro.html","name":" Vivo V15 Pro","price":"28,000"},{"type":"cellphones","date":"2020-06-23","url":"i2179540-iphone-11-pro-max-green-256.html","name":" Iphone 11 Pro Max Green 256","price":"1,68,000"},{"type":"cellphones","date":"2020-06-23","url":"i2176399-nokia-7-2.html","name":" Nokia 7.2","price":"22,000"},{"type":"cellphones","date":"2020-06-23","url":"i2183331-samsung-s10-plus.html","name":" Samsung S10+","price":"70,000"},{"type":"cellphones","date":"2020-06-23","url":"i2189801-nokia-2-3-version-10.html","name":" Nokia 2.3 Version 10","price":"10,000"},{"type":"cellphones","date":"2020-06-23","url":"i2183830-iphone-icloud-locked-or-bypassed-genuine-set-needed.html","name":" Iphone Icloud Locked Or Bypassed Genuine Set Needed","price":"15,000"},{"type":"cellphones","date":"2020-06-23","url":"i2182355-samsung-note9-lcd-with-frame-orginal.html","name":" Samsung Note9 Lcd With Frame Orginal","price":"27,000"},{"type":"cellphones","date":"2020-06-23","url":"i2137520-poco-x2.html","name":" Poco X2","price":"32,500"},{"type":"cellphones","date":"2020-06-23","url":"i1756220-iphone-6-128gb.html","name":" Iphone 6 128gb","price":"20,000"},{"type":"cellphones","date":"2020-06-23","url":"i2187361-i-phone-x-white-colour.html","name":" I Phone X White Colour","price":"60,000"},{"type":"cellphones","date":"2020-06-23","url":"i2184477-mi-note-9-pro.html","name":" Mi Note 9 Pro","price":"32,500"},{"type":"cellphones","date":"2020-06-23","url":"i2188049-iphone-7-plus.html","name":" Iphone 7 Plus","price":"40,000"},{"type":"cellphones","date":"2020-06-23","url":"i2186592-asus-rog-phone-2.html","name":" Asus Rog Phone 2","price":"70"},{"type":"cellphones","date":"2020-06-23","url":"i2161550-redmi-note-8-4gb-128-rom-sell.html","name":" Redmi Note 8 4gb 128 Rom Sell","price":"22,000"},{"type":"cellphones","date":"2020-06-23","url":"i2165153-samsung-note-8-sell-or-exng-white-oneplus6-or-6t.html","name":" Samsung Note 8 Sell Or Exng White Oneplus6 Or 6t","price":"25,000"},{"type":"cellphones","date":"2020-06-23","url":"i2181670-oneplus-6t-on-sale.html","name":" Oneplus 6t On Sale","price":"40,000"},{"type":"cellphones","date":"2020-06-23","url":"i2188704-redmi-note-8-pro.html","name":" Redmi Note 8 Pro","price":"26,000"},{"type":"cellphones","date":"2020-06-23","url":"i2188322-samsung-note-4.html","name":" Samsung Note 4","price":"8,500"},{"type":"cellphones","date":"2020-06-23","url":"i2187835-iphone-7-plus.html","name":" Iphone 7 Plus","price":"48,500"},{"type":"cellphones","date":"2020-06-23","url":"i2183360-samsung-galaxy-tab-a-8-0.html","name":" Samsung Galaxy Tab A 8.0","price":"13,500"},{"type":"cellphones","date":"2020-06-23","url":"i2184453-huawei-honor-mobile.html","name":" Huawei Honor Mobile","price":"4,000"},{"type":"cellphones","date":"2020-06-23","url":"i2188665-oneplus-7t-frosted-silver-8gb-ram-128gb-rom.html","name":" Oneplus 7t (frosted Silver) 8gb Ram, 128gb Rom","price":"58,000"},{"type":"cellphones","date":"2020-06-23","url":"i2153957-samsung-galaxy-a7plus-triple-camera-for-sale.html","name":" Samsung Galaxy A7plus Triple Camera For Sale","price":"19,000"},{"type":"cellphones","date":"2020-06-23","url":"i2178360-oneplus-6.html","name":" Oneplus 6","price":"32,500"},{"type":"cellphones","date":"2020-06-23","url":"i2178260-iphone-8plus.html","name":" Iphone 8plus","price":"70,000"},{"type":"cellphones","date":"2020-06-23","url":"i2172117-note-10-lite-box-pack-unused.html","name":" Note 10 Lite Box Pack Unused","price":"63,800"},{"type":"cellphones","date":"2020-06-23","url":"i2172503-samsung-s7-edge-crack.html","name":" Samsung S7 Edge (crack)","price":"12,000"},{"type":"cellphones","date":"2020-06-23","url":"i2181299-iphone-xs-max-256-gb.html","name":" Iphone Xs Max 256 Gb","price":"85,000"},{"type":"cellphones","date":"2020-06-23","url":"i2166986-m20-genuine-set.html","name":" M20 Genuine Set","price":"13,750"},{"type":"cellphones","date":"2020-06-23","url":"i2139441-realme-6-pro.html","name":" Realme 6 Pro","price":"26,000"},{"type":"cellphones","date":"2020-06-23","url":"i2165640-mi-note-8-pro-exchange-oneplus-6-iphone-6s-ply.html","name":" Mi Note 8 Pro Exchange Oneplus 6 Iphone 6s Ply","price":"23,000"},{"type":"cellphones","date":"2020-06-23","url":"i2186150-samsung-s10plus-8-128.html","name":" Samsung S10plus (8/128)","price":"72,000"},{"type":"cellphones","date":"2020-06-23","url":"i2182812-samsung-galaxy-note-8-maple-gold-for-sale.html","name":" Samsung Galaxy Note 8 Maple Gold For Sale.","price":"30,999"},{"type":"cellphones","date":"2020-06-23","url":"i2190351-m10-on-sale-10-000-rs.html","name":" M10 On Sale 10,000 Rs.","price":"10,000"},{"type":"cellphones","date":"2020-06-23","url":"i2186437-huawei-p30-lite-used-3-month-only-now-available.html","name":" Huawei P30 Lite Used 3 Month Only Now Available.","price":"28,000"},{"type":"cellphones","date":"2020-06-23","url":"i2174799-note-5-display-change-garnu-parcha.html","name":" Note 5 (display Change Garnu Parcha)","price":"3,500"},{"type":"cellphones","date":"2020-06-23","url":"i2180468-iphone-6-plus.html","name":" Iphone 6 Plus","price":"15,000"},{"type":"cellphones","date":"2020-06-23","url":"i2186222-i-need-oneplus-7t-under-60000.html","name":" I Need Oneplus 7t Under 60000","price":"60,000"},{"type":"cellphones","date":"2020-06-23","url":"i2192801-redmi-k20-pro-8-256.html","name":" Redmi K20 Pro/8/256","price":"30,000"},{"type":"cellphones","date":"2020-06-23","url":"i2189667-oneplus-7-pro-on-sale.html","name":" Oneplus 7 Pro On Sale","price":"65,000"},{"type":"cellphones","date":"2020-06-23","url":"i2090621-redmi-note-8-one-week-used.html","name":" Redmi Note 8 One Week Used","price":"17,000"},{"type":"cellphones","date":"2020-06-23","url":"i2185600-sell-or-exchange.html","name":" Sell Or Exchange","price":"40,000"},{"type":"cellphones","date":"2020-06-23","url":"i2150270-redmi-note-8-quad-camera-3-month-used.html","name":" Redmi Note 8 Quad Camera 3 Month Used","price":"17,000"},{"type":"cellphones","date":"2020-06-23","url":"i2188038-iphone-x-64gb.html","name":" Iphone X 64gb","price":"60,000"},{"type":"cellphones","date":"2020-06-23","url":"i2144710-iphone-xr-full-unlocked-2-month-used-with-all-accessories.html","name":" Iphone Xr Full Unlocked (2 Month Used) With All Accessories","price":"56,999"},{"type":"cellphones","date":"2020-06-23","url":"i2192090-need-iphone-xr-under-57k-original.html","name":" Need Iphone Xr Under 57k(original)","price":"50,000"},{"type":"cellphones","date":"2020-06-23","url":"i2188436-redmi-note-7pro.html","name":" Redmi Note 7pro","price":"15,000"},{"type":"cellphones","date":"2020-06-23","url":"i2186759-iphone-6-64gb.html","name":" Iphone 6 (64gb)","price":"14,999"},{"type":"cellphones","date":"2020-06-23","url":"i2187987-blackberry-priv.html","name":" Blackberry Priv","price":"12,500"},{"type":"cellphones","date":"2020-06-23","url":"i2107133-one-plus-7pro-display-crack.html","name":" One Plus 7pro (display Crack)","price":"25,000"},{"type":"cellphones","date":"2020-06-23","url":"i2187126-samsung-galaxy-s9-plus.html","name":" Samsung Galaxy S9 Plus","price":"33,500"},{"type":"cellphones","date":"2020-06-23","url":"i2188797-samsung-note-8.html","name":" Samsung Note 8","price":"27,000"},{"type":"cellphones","date":"2020-06-23","url":"i2192349-iphone-x-256gb.html","name":" Iphone X 256gb","price":"65,000"},{"type":"cellphones","date":"2020-06-23","url":"i2187299-iphone-8-64gb-black-on-sale-or-exchange-with-high-range-phones.html","name":" Iphone 8 64gb Black On Sale Or Exchange With High Range Phones","price":"38,000"},{"type":"cellphones","date":"2020-06-23","url":"i2184484-samsung-s8-negotiable-exchange-also.html","name":" Samsung S8 Negotiable Exchange Also","price":"16,000"},{"type":"cellphones","date":"2020-06-23","url":"i2180985-oneplus-7pro.html","name":" Oneplus 7pro","price":"70,000"},{"type":"cellphones","date":"2020-06-23","url":"i2164425-iphone-xs-max-space-grey.html","name":" Iphone Xs Max Space Grey","price":"82,000"},{"type":"cellphones","date":"2020-06-23","url":"i2171837-nokia-6.html","name":" Nokia 6","price":"10,000"},{"type":"cellphones","date":"2020-06-23","url":"i2183604-pocofone-f1-fresh-like-new-6128gb.html","name":" Pocofone F1 Fresh Like New(6-128gb)","price":"24,000"},{"type":"cellphones","date":"2020-06-23","url":"i2180433-iphone-11pro-max-on-sell.html","name":" Iphone 11pro Max On Sell","price":"1,50,000"},{"type":"cellphones","date":"2020-06-23","url":"i2188502-all-type-of-iphone.html","name":" All Type Of Iphone","price":"25,000"},{"type":"cellphones","date":"2020-06-23","url":"i2180832-redmi-8.html","name":" Redmi 8","price":"15,000"},{"type":"cellphones","date":"2020-06-23","url":"i2064240-iphones-6-128gb.html","name":" Iphones 6 128gb","price":"20,000"},{"type":"cellphones","date":"2020-06-23","url":"i2174951-redmi-note-9pro-6-128-with-authorize-warranty.html","name":" Redmi Note 9pro (6/128) With Authorize Warranty","price":"29,500"},{"type":"cellphones","date":"2020-06-23","url":"i2185380-iphone-x.html","name":" Iphone X","price":"70,000"},{"type":"cellphones","date":"2020-06-23","url":"i2189975-apple-iphone-7-32gb-urgent.html","name":" Apple Iphone 7 32gb(urgent)","price":"26,300"},{"type":"cellphones","date":"2020-06-23","url":"i2183426-iphone-6-plus-64gb.html","name":" Iphone 6 Plus ( 64gb)","price":"15,000"},{"type":"cellphones","date":"2020-06-23","url":"i2181385-i-need-bypass-8-plus-or-7-plus.html","name":" I Need Bypass 8 Plus Or 7 Plus","price":"20,000"},{"type":"cellphones","date":"2020-06-23","url":"i2164983-samsung-s10-5g-256gb-urgent-sale.html","name":" Samsung S10 5g 256gb Urgent Sale","price":"75,000"},{"type":"cellphones","date":"2020-06-23","url":"i2182586-iphone-x-64-gb.html","name":" Iphone X 64 Gb","price":"64,999"},{"type":"cellphones","date":"2020-06-23","url":"i2166278-iphone-7-is-in-sell.html","name":" Iphone 7 Is In Sell","price":"28,000"},{"type":"cellphones","date":"2020-06-23","url":"i2190592-lockdown-offer.html","name":" Lockdown Offer","price":"27,000"},{"type":"cellphones","date":"2020-06-23","url":"i2188710-samsung-galaxy-a80.html","name":" Samsung Galaxy A80","price":"12,345"},{"type":"cellphones","date":"2020-06-23","url":"i2185662-xiaomi-redmi-8-4-gb-plus-64-gb-authorized-seal-packed.html","name":" Xiaomi Redmi 8 (4 Gb + 64 Gb) Authorized Seal Packed","price":"15,999"},{"type":"cellphones","date":"2020-06-23","url":"i2177289-s8-plus-for-sale-or-exchange.html","name":" S8 Plus For Sale Or Exchange","price":"27,000"},{"type":"cellphones","date":"2020-06-23","url":"i2171572-sony-xperia-t2-ultra-mobile-phone.html","name":" Sony Xperia T2 Ultra Mobile Phone","price":"7,200"},{"type":"cellphones","date":"2020-06-23","url":"i2124871-vivo-y93.html","name":" Vivo Y93","price":"9,500"},{"type":"cellphones","date":"2020-06-23","url":"i2190583-samsung-s10-prism-black-on-sale-8-128gb.html","name":" Samsung S10 Prism Black On Sale 8/128gb","price":"55,000"},{"type":"cellphones","date":"2020-06-23","url":"i2190395-used-samsung-galaxy-a50-on-sale.html","name":" Used Samsung Galaxy A50 On Sale !","price":"22,000"},{"type":"cellphones","date":"2020-06-23","url":"i2186019-mi-note-4.html","name":" Mi Note 4","price":"10,500"},{"type":"cellphones","date":"2020-06-23","url":"i2183611-urgent.html","name":" Urgent","price":"50,000"},{"type":"cellphones","date":"2020-06-23","url":"i2161518-samsung-a10s.html","name":" Samsung A10s","price":"10,000"},{"type":"cellphones","date":"2020-06-23","url":"i2181116-samsung-galaxy-note-9-for-sale.html","name":" Samsung Galaxy Note 9 For Sale","price":"40,000"},{"type":"cellphones","date":"2020-06-23","url":"i2183262-brand-new-note10-plus-in-excellent-condition.html","name":" Brand New Note10+ In Excellent Condition","price":"55,000"},{"type":"cellphones","date":"2020-06-23","url":"i2184146-note-10-lite-urgent-sale.html","name":" Note 10 Lite Urgent Sale","price":"58,000"},{"type":"cellphones","date":"2020-06-23","url":"i2179689-oppo-f1s.html","name":" Oppo F1s","price":"8,800"},{"type":"cellphones","date":"2020-06-23","url":"i2190669-mi-k20-pro.html","name":" Mi K20 Pro","price":"40,000"},{"type":"cellphones","date":"2020-06-23","url":"i2192637-xiaomi-redmi-note-8-pro-6gb-64gb-white-seal-pack.html","name":" Xiaomi Redmi Note 8 Pro (6gb 64gb)(white)(seal Pack)","price":"24,550"},{"type":"cellphones","date":"2020-06-23","url":"i2186395-samsung.html","name":" Samsung","price":"20,000"},{"type":"cellphones","date":"2020-06-23","url":"i2175800-lockdown-sale-iphone-6-plus-plus-huawei-y7-prime.html","name":" Lockdown Sale: Iphone 6 Plus + Huawei Y7 Prime","price":"26,000"},{"type":"cellphones","date":"2020-06-23","url":"i2186385-iphone-7-256-gb-86-health-bypass-with-network-sim-chalne-bypass-garek.html","name":" Iphone 7(256)gb 86% Health Bypass With Network(sim Chalne Bypass Garek","price":"24,000"},{"type":"cellphones","date":"2020-06-23","url":"i2105142-iphone-6s-unlocked-from-us-excellent-condition.html","name":" Iphone 6s Unlocked, From Us-, Excellent Condition","price":"15,500"},{"type":"cellphones","date":"2020-06-23","url":"i2150902-oneplus-3-6gb-ram-64gb-internal-memory-good-condition.html","name":" Oneplus 3 6gb Ram 64gb Internal Memory.good Condition","price":"13,000"},{"type":"cellphones","date":"2020-06-23","url":"i2190254-galaxy-tab-e.html","name":" Galaxy Tab E","price":"10,000"},{"type":"cellphones","date":"2020-06-23","url":"i2192105-iphone-8-sealpack-64gb-totally-fresh-unlocked.html","name":" Iphone 8 Sealpack 64gb Totally Fresh Unlocked","price":"40,500"},{"type":"cellphones","date":"2020-06-23","url":"i2189836-sony-xperia.html","name":" Sony Xperia","price":"6,500"},{"type":"cellphones","date":"2020-06-23","url":"i2192314-lock-down-special-offer-6000.html","name":" Lock Down Special Offer 6000","price":"6,000"},{"type":"cellphones","date":"2020-06-23","url":"i2186219-iphone-6plus-and-iphone-6-selling-at-wholesale-rate-call-and-come.html","name":" Iphone 6plus And Iphone 6 Selling At Wholesale Rate Call And Come","price":"16,500"},{"type":"cellphones","date":"2020-06-23","url":"i2164020-samsung-s9-plus-on-sale-personal-use-phone-with-box.html","name":" Samsung S9 Plus On Sale {personal Use Phone} With Box","price":"43,000"},{"type":"cellphones","date":"2020-06-23","url":"i2190101-redmi-k20-box-pack-6-128gb-sale-n-ex.html","name":" Redmi K20 Box Pack 6/128gb Sale N Ex","price":"28,999"},{"type":"cellphones","date":"2020-06-23","url":"i2185265-one-plus-6t.html","name":" One Plus 6t","price":"39,000"},{"type":"cellphones","date":"2020-06-23","url":"i2153705-iphone-x-64gb-for-sale-with-original-charger.html","name":" Iphone X 64gb For Sale With Original Charger","price":"55,000"},{"type":"cellphones","date":"2020-06-23","url":"i2190972-iphone-xr.html","name":" Iphone Xr","price":"70,000"},{"type":"cellphones","date":"2020-06-23","url":"i2191490-iphone-7-plus-128gb.html","name":" Iphone 7 Plus 128gb","price":"34,000"},{"type":"cellphones","date":"2020-06-23","url":"i2191362-samsung-galaxy-s6-edge-plus.html","name":" Samsung Galaxy S6 Edge+","price":"15,000"},{"type":"cellphones","date":"2020-06-23","url":"i2187514-iphone-xsmax-on-sale.html","name":" Iphone Xsmax On Sale","price":"80,000"},{"type":"cellphones","date":"2020-06-23","url":"i2113599-iphone-xs-max-64gb.html","name":" Iphone Xs Max 64gb","price":"79,999"},{"type":"cellphones","date":"2020-06-23","url":"i2189737-iphone-8-plus.html","name":" Iphone 8 Plus","price":"35,000"},{"type":"cellphones","date":"2020-06-23","url":"i2190291-fresh-huawei-nova-3i-for-sale.html","name":" Fresh Huawei Nova 3i For Sale","price":"18,500"},{"type":"cellphones","date":"2020-06-23","url":"i2192676-redmi-note-8-pro.html","name":" Redmi Note 8 Pro","price":"22,000"},{"type":"cellphones","date":"2020-06-23","url":"i2185459-iphone-7s-32-gb-black-matte-urgent-sell.html","name":" Iphone 7s 32 Gb Black Matte Urgent Sell","price":"25,000"},{"type":"cellphones","date":"2020-06-23","url":"i2159308-realme-xt.html","name":" Realme Xt","price":"26,000"},{"type":"cellphones","date":"2020-06-23","url":"i2176946-samsung-m20.html","name":" Samsung M20","price":"13,000"},{"type":"cellphones","date":"2020-06-23","url":"i2150013-samsung-s10-plus-8-128.html","name":" Samsung S10 Plus 8/128","price":"69,999"},{"type":"cellphones","date":"2020-06-23","url":"i2193275-oneplus-8-pro.html","name":" Oneplus 8 Pro","price":"98,399"},{"type":"cellphones","date":"2020-06-23","url":"i2174936-redmi-note-9-pro-brand-new-with-snapdragon-720g.html","name":" Redmi Note 9 Pro Brand New With Snapdragon 720g","price":"29,390"},{"type":"cellphones","date":"2020-06-23","url":"i1993041-6-months-used-iphone-6-128gb-and-iphone-6-64gb-is-for-sell-urgently.html","name":" 6 Months Used Iphone 6 128gb And Iphone 6 64gb Is For Sell Urgently","price":"16,500"},{"type":"cellphones","date":"2020-06-23","url":"i2193059-8a-brand-new-with-discount.html","name":" 8a Brand New With Discount","price":"13,000"},{"type":"cellphones","date":"2020-06-23","url":"i2174768-iphone-x-exchange-with-oneplus-7t-or-iphone-xr.html","name":" Iphone X Exchange With Oneplus 7t Or Iphone Xr","price":"59,000"},{"type":"cellphones","date":"2020-06-23","url":"i2191160-oneplus5-8-128gb-with-dash-charger.html","name":" Oneplus5 8/128gb With Dash Charger","price":"24,000"},{"type":"cellphones","date":"2020-06-23","url":"i2189069-iphone-xs-max-64-gb.html","name":" Iphone Xs Max 64 Gb","price":"90,000"},{"type":"cellphones","date":"2020-06-23","url":"i2191771-samsung-a50.html","name":" Samsung A50","price":"15,000"},{"type":"cellphones","date":"2020-06-23","url":"i2168256-samsung-a10s-brand-new-condition-set-comes-with-its-box.html","name":" Samsung A10s Brand New Condition Set Comes With Its Box","price":"15,000"},{"type":"cellphones","date":"2020-06-23","url":"i2129334-iphone-11-pro-max-256gb-grey.html","name":" Iphone 11 Pro Max 256gb Grey","price":"1,50,000"},{"type":"cellphones","date":"2020-06-23","url":"i2187268-oppo-k3-6-64.html","name":" Oppo K3 6/64","price":"24,000"},{"type":"cellphones","date":"2020-06-23","url":"i2190427-samsung-note-10-aura-glow.html","name":" Samsung Note 10 (aura Glow)","price":"82,500"},{"type":"cellphones","date":"2020-06-23","url":"i2187212-iphone-7-plus.html","name":" Iphone 7 Plus","price":"27,000"},{"type":"cellphones","date":"2020-06-23","url":"i2158945-samsung-galaxy-note-8.html","name":" Samsung Galaxy Note 8","price":"25,000"},{"type":"cellphones","date":"2020-06-23","url":"i2192354-i-phone-6s.html","name":" I Phone 6s","price":"12,500"},{"type":"cellphones","date":"2020-06-23","url":"i2183242-honor-8x-128gb.html","name":" Honor 8x 128gb","price":"20,000"},{"type":"cellphones","date":"2020-06-23","url":"i2193079-flagship-killer-oneplus-is-on-urgent-sale.html","name":" Flagship Killer Oneplus Is On Urgent Sale","price":"19,999"},{"type":"cellphones","date":"2020-06-23","url":"i2188295-ipad-pro-needed.html","name":" Ipad Pro Needed","price":"123"},{"type":"cellphones","date":"2020-06-23","url":"i2190288-iphone-x-256gb.html","name":" Iphone X 256gb","price":"65,000"},{"type":"cellphones","date":"2020-06-23","url":"i2188986-iphone-x-256-gb.html","name":" Iphone X 256 Gb","price":"70,000"},{"type":"cellphones","date":"2020-06-23","url":"i2190988-samsung-galaxy-a50-exchange-aslo.html","name":" Samsung Galaxy A50 Exchange Aslo","price":"19,000"},{"type":"cellphones","date":"2020-06-23","url":"i2188759-iphone-6-plus-64gb.html","name":" Iphone 6 Plus 64gb","price":"18,000"},{"type":"cellphones","date":"2020-06-23","url":"i2151893-samsung-s8plus.html","name":" Samsung S8plus","price":"18,500"},{"type":"cellphones","date":"2020-06-23","url":"i2191317-redmi-note-9-pro-interstellar-black.html","name":" Redmi Note 9 Pro... Interstellar Black","price":"30,000"},{"type":"cellphones","date":"2020-06-23","url":"i2183218-oneplus-7-pro-8-256gb-boxpacked.html","name":" Oneplus 7 Pro 8/256gb Boxpacked","price":"70,000"},{"type":"cellphones","date":"2020-06-23","url":"i2190495-samsung-galaxy-note-10-plus-in-warranty-period.html","name":" Samsung Galaxy Note 10 Plus In Warranty Period","price":"95,000"},{"type":"cellphones","date":"2020-06-23","url":"i2175255-mi-redmi-go-brand-new-seal-pack-mobile.html","name":" Mi Redmi Go Brand New Seal Pack Mobile","price":"8,850"},{"type":"cellphones","date":"2020-06-23","url":"i2141497-iphone-8-plus-256gb.html","name":" Iphone 8 Plus 256gb","price":"67,500"},{"type":"cellphones","date":"2020-06-23","url":"i2161453-samsung-note-8-or-exchange-with-other-phones.html","name":" Samsung Note 8 Or Exchange With Other Phones","price":"29,000"},{"type":"cellphones","date":"2020-06-23","url":"i2190501-samsung-galaxy-s9-plus-in-good-condition.html","name":" Samsung Galaxy S9 Plus In Good Condition","price":"40,000"},{"type":"cellphones","date":"2020-06-23","url":"i2190492-iphone-7-in-new-condition-128gb.html","name":" Iphone 7 In New Condition 128gb","price":"32,000"},{"type":"cellphones","date":"2020-06-23","url":"i2192352-samsung-galaxy-s9plus.html","name":" Samsung Galaxy S9plus","price":"39,000"},{"type":"cellphones","date":"2020-06-23","url":"i2110466-iphone-8-plus.html","name":" Iphone 8 Plus","price":"50,000"},{"type":"cellphones","date":"2020-06-23","url":"i2174685-bypass-full-fresh-iphone6-on-sale.html","name":" Bypass Full Fresh Iphone6 On Sale","price":"10,000"},{"type":"cellphones","date":"2020-06-23","url":"i2187702-iphone-8-plus-8-plus-64gb.html","name":" Iphone 8 Plus 8+ 64gb","price":"49,000"},{"type":"cellphones","date":"2020-06-23","url":"i2191868-iphone-11-128gb-box-red.html","name":" Iphone 11 128gb(box) Red","price":"94,000"},{"type":"cellphones","date":"2020-06-23","url":"i2183341-iphone-7plus.html","name":" Iphone 7plus","price":"35,000"},{"type":"cellphones","date":"2020-06-23","url":"i2192414-poco-x2-8-256gb.html","name":" Poco X2 8/256gb","price":"36,500"},{"type":"cellphones","date":"2020-06-23","url":"i2188677-iphone-x-256-gb.html","name":" Iphone X 256 Gb","price":"70,000"},{"type":"cellphones","date":"2020-06-23","url":"i2190018-s20-plus-urgently-sale.html","name":" S20+ Urgently Sale","price":"1,00,000"},{"type":"cellphones","date":"2020-06-23","url":"i2182980-i-need-oneplus-7t-at-rs48999.html","name":" I Need Oneplus 7t At Rs48999","price":"48,999"},{"type":"cellphones","date":"2020-06-23","url":"i2142071-galaxy-a51.html","name":" Galaxy A51","price":"36,000"},{"type":"cellphones","date":"2020-06-23","url":"i2155023-samsung-galaxy-s9-like-new-in-pokhara.html","name":" Samsung Galaxy S9 Like New In Pokhara","price":"22,000"},{"type":"cellphones","date":"2020-06-23","url":"i2189124-tab-for-urgent-sell.html","name":" Tab For Urgent Sell","price":"16,000"},{"type":"cellphones","date":"2020-06-23","url":"i2191895-brand-new-iphone-11-128gb-box-white.html","name":" Brand New Iphone 11 128gb(box) White","price":"1,12,000"},{"type":"cellphones","date":"2020-06-23","url":"i2185688-xiaomi-redmi-note-9-pro-6-gb-plus-128-gb-authorized-seal-packed.html","name":" Xiaomi Redmi Note 9 Pro (6 Gb + 128 Gb) Authorized Seal Packed","price":"29,999"},{"type":"cellphones","date":"2020-06-23","url":"i2145630-redmi-note-8-quad-camera-with-all-accessories-free.html","name":" Redmi Note 8 (quad Camera) With All Accessories Free","price":"15,490"},{"type":"cellphones","date":"2020-06-23","url":"i2188781-iphone-8-plus.html","name":" Iphone 8 Plus","price":"47,000"},{"type":"cellphones","date":"2020-06-23","url":"i2099697-iphone-6-orginal-and-brand-new.html","name":" Iphone 6 Orginal And Brand New","price":"10,500"},{"type":"cellphones","date":"2020-06-23","url":"i2189502-iphone-x-with-backcover.html","name":" Iphone X With Backcover","price":"65,000"},{"type":"cellphones","date":"2020-06-23","url":"i2192629-vivo-v15-pro-6-128.html","name":" Vivo V15 Pro 6/128","price":"24,500"},{"type":"cellphones","date":"2020-06-23","url":"i2193136-iphone-xs-max-golden.html","name":" Iphone Xs Max Golden","price":"77,000"},{"type":"cellphones","date":"2020-06-23","url":"i2102202-5th-generation-ipad.html","name":" 5th Generation (ipad)","price":"26,000"},{"type":"cellphones","date":"2020-06-23","url":"i2154794-samsung-a9-128gb.html","name":" Samsung A9 128gb","price":"25,000"},{"type":"cellphones","date":"2020-06-23","url":"i2192103-i-ph-8-plus-plus-boxpack-like-new-genuine-pkr.html","name":" I Ph 8+plus Boxpack Like New Genuine Pkr","price":"55"},{"type":"cellphones","date":"2020-06-23","url":"i2187282-iphone-7-plus-on-sale-128gb.html","name":" Iphone 7+ On Sale 128gb","price":"31,000"},{"type":"cellphones","date":"2020-06-23","url":"i2185633-iphone-xsmax.html","name":" Iphone Xsmax","price":"84,000"},{"type":"cellphones","date":"2020-06-23","url":"i2190791-samsung-note-5.html","name":" Samsung Note 5","price":"15,500"},{"type":"cellphones","date":"2020-06-23","url":"i2177251-samsung-note-9.html","name":" Samsung Note 9","price":"55,000"},{"type":"cellphones","date":"2020-06-23","url":"i2169912-oneplus-7t-pro.html","name":" Oneplus 7t Pro","price":"80,000"},{"type":"cellphones","date":"2020-06-23","url":"i2193103-samsung-m20-on-sell.html","name":" Samsung M20 On Sell","price":"12,500"},{"type":"cellphones","date":"2020-06-23","url":"i2190356-brand-new-iphone-6s-128-gb-battery-health-83.html","name":" Brand New Iphone 6s(128)gb Battery Health 83%","price":"21,000"},{"type":"cellphones","date":"2020-06-23","url":"i2159257-samsung-galaxy-note-10-plus.html","name":" Samsung Galaxy Note 10 Plus","price":"90,000"},{"type":"cellphones","date":"2020-06-23","url":"i2189039-nokia-220-box-packed.html","name":" Nokia 220 Box Packed","price":"2,500"},{"type":"cellphones","date":"2020-06-23","url":"i2149485-iphone-7-plus-128gb.html","name":" Iphone 7 Plus 128gb","price":"46,500"},{"type":"cellphones","date":"2020-06-23","url":"i2037938-iphone-6s.html","name":" Iphone 6s","price":"17,000"},{"type":"cellphones","date":"2020-06-23","url":"i2184641-appleiphone-xsmax256gold-fresh.html","name":" Appleiphone Xsmax256gold Fresh","price":"1,25,000"},{"type":"cellphones","date":"2020-06-23","url":"i2191991-oppo-a3s-3-32-with-imei-matching-box.html","name":" Oppo A3s (3/32) With Imei Matching Box","price":"9,000"},{"type":"cellphones","date":"2020-06-23","url":"i2062974-redmi-k20-pro-8-256.html","name":" Redmi K20 Pro (8/256)","price":"37,000"},{"type":"cellphones","date":"2020-06-23","url":"i2190704-samsung-j7.html","name":" Samsung J7","price":"10,000"},{"type":"cellphones","date":"2020-06-23","url":"i2172122-mi-max-2.html","name":" Mi Max 2","price":"13,000"},{"type":"cellphones","date":"2020-06-23","url":"i2101318-oneplus-7-pro.html","name":" Oneplus 7 Pro","price":"60,000"},{"type":"cellphones","date":"2020-06-23","url":"i2181219-lg-v30-urgently-on-sale.html","name":" Lg V30 Urgently On Sale","price":"23,000"},{"type":"cellphones","date":"2020-06-23","url":"i2115805-iphone-x-256-gb.html","name":" Iphone X (256 Gb)","price":"64,000"},{"type":"cellphones","date":"2020-06-23","url":"i2191250-poco-f1.html","name":" Poco F1","price":"20,000"},{"type":"cellphones","date":"2020-06-23","url":"i2182752-samsung-s7-edge.html","name":" Samsung S7 Edge","price":"10,000"},{"type":"cellphones","date":"2020-06-23","url":"i2189959-iphone-x.html","name":" Iphone X","price":"55,000"},{"type":"cellphones","date":"2020-06-23","url":"i2185744-samsung-m21-4-64.html","name":" Samsung M21 4/64","price":"21,000"},{"type":"cellphones","date":"2020-06-23","url":"i2180485-iphone-6s.html","name":" Iphone 6s","price":"19,000"},{"type":"cellphones","date":"2020-06-23","url":"i2166817-one-plus-7pro.html","name":" One Plus 7pro","price":"71,000"},{"type":"cellphones","date":"2020-06-23","url":"i2137589-oppo-f9-pro.html","name":" Oppo F9 Pro","price":"14,000"},{"type":"cellphones","date":"2020-06-23","url":"i2187417-argent-sale-red-mi-note-3.html","name":" Argent Sale Red Mi Note 3","price":"6,000"},{"type":"cellphones","date":"2020-06-23","url":"i2191407-samsung-j7-pro.html","name":" Samsung J7 Pro","price":"10,500"},{"type":"cellphones","date":"2020-06-23","url":"i2142799-oppo-a3s-in-sell-ma.html","name":" Oppo A3s In Sell Ma","price":"7,000"},{"type":"cellphones","date":"2020-06-23","url":"i2191142-one-plus-7t-256gb.html","name":" One Plus 7t(256gb)","price":"59,500"},{"type":"cellphones","date":"2020-06-23","url":"i2167609-huwaei-mate-20-pro.html","name":" Huwaei Mate 20 Pro","price":"70,000"},{"type":"cellphones","date":"2020-06-23","url":"i2182964-oppo-f5-youth-camera-phone.html","name":" Oppo F5 Youth Camera Phone","price":"9,000"},{"type":"cellphones","date":"2020-06-23","url":"i2178486-mi-a2-lite.html","name":" Mi A2 Lite","price":"12,000"},{"type":"cellphones","date":"2020-06-23","url":"i2190830-nokia-3.html","name":" Nokia 3","price":"5,500"},{"type":"cellphones","date":"2020-06-23","url":"i2125793-motorola-v680-plus-cdma.html","name":" Motorola V680+( Cdma)","price":"700"},{"type":"cellphones","date":"2020-06-23","url":"i2156092-box-pack-oppo-reno-2-with-20x-zoom-quad-camera.html","name":" Box Pack Oppo Reno 2 With 20x Zoom Quad Camera","price":"40,000"},{"type":"cellphones","date":"2020-06-23","url":"i2187659-j2-2017-4g.html","name":" J2 2017 4g","price":"4,999"},{"type":"cellphones","date":"2020-06-23","url":"i2188738-oneplus-7t-can-be-exchange-with-iphone-x.html","name":" Oneplus 7t Can Be Exchange With Iphone X","price":"55,000"},{"type":"cellphones","date":"2020-06-23","url":"i2148882-samsung-galaxy-note-edge.html","name":" Samsung Galaxy Note Edge","price":"12,345"},{"type":"cellphones","date":"2020-06-23","url":"i1976531-blackberry-priv-android.html","name":" Blackberry Priv Android","price":"20,000"},{"type":"cellphones","date":"2020-06-23","url":"i2147695-samsung-m40-exchange-only.html","name":" Samsung M40 Exchange Only","price":"21,000"}]