[{"type":"cellphones","date":"2020-06-29","url":"i2183611-oneplus-7-8-256gb-urgent.html","name":" Oneplus 7 8/256gb Urgent","price":"50,000"},{"type":"cellphones","date":"2020-06-29","url":"i2193059-8a-brand-new-with-discount.html","name":" 8a Brand New With Discount","price":"13,000"},{"type":"cellphones","date":"2020-06-29","url":"i2191758-one-plus-7t.html","name":" One Plus 7t","price":"52,500"},{"type":"cellphones","date":"2020-06-29","url":"i2170571-iphone-11-pro-max-256gb-silver-white-urgent-sell.html","name":" Iphone 11 Pro Max 256gb Silver White Urgent Sell","price":"1,90,000"},{"type":"cellphones","date":"2020-06-29","url":"i2176399-nokia-7-2.html","name":" Nokia 7.2","price":"22,000"},{"type":"cellphones","date":"2020-06-29","url":"i2176996-samsung-s7.html","name":" Samsung S7","price":"18,000"},{"type":"cellphones","date":"2020-06-29","url":"i2192414-poco-x2-8-256gb.html","name":" Poco X2 8/256gb","price":"36,500"},{"type":"cellphones","date":"2020-06-29","url":"i2148241-iphone-6s-plus.html","name":" Iphone 6s+","price":"29,500"},{"type":"cellphones","date":"2020-06-29","url":"i2181291-oneplus-7t-8gb-256gb.html","name":" Oneplus 7t 8gb/256gb","price":"62,500"},{"type":"cellphones","date":"2020-06-29","url":"i2188698-xiaomi-mi-note-10-lite-6-128-gb-brand-new-sealed.html","name":" Xiaomi Mi Note 10 Lite (6/128)gb -brand New Sealed","price":"44,499"},{"type":"cellphones","date":"2020-06-29","url":"i2198800-iphone-7-plus.html","name":" Iphone 7 Plus","price":"40,000"},{"type":"cellphones","date":"2020-06-29","url":"i2195952-samsung-s9-plus-256-gb-fresh-korean-pokhara.html","name":" Samsung S9+ 256 Gb Fresh Korean Pokhara","price":"37,000"},{"type":"cellphones","date":"2020-06-29","url":"i2193158-samsung-m30s-6gb-128gb-48-mp-6000-mah-battery.html","name":" Samsung M30s 6gb/128gb 48 Mp 6000 Mah Battery","price":"25,000"},{"type":"cellphones","date":"2020-06-29","url":"i2190492-iphone-7-in-new-condition-128gb.html","name":" Iphone 7 In New Condition 128gb","price":"32,000"},{"type":"cellphones","date":"2020-06-29","url":"i2181400-one-plus-6-8-128-with-dash-charger-org.html","name":" One Plus 6.. 8/128 With Dash Charger Org","price":"28,900"},{"type":"cellphones","date":"2020-06-29","url":"i2027500-one-plus-6t.html","name":" One Plus 6t","price":"38,000"},{"type":"cellphones","date":"2020-06-29","url":"i2186592-asus-rog-phone-2.html","name":" Asus Rog Phone 2","price":"70"},{"type":"cellphones","date":"2020-06-29","url":"i2198665-iphone-7.html","name":" Iphone 7","price":"25,000"},{"type":"cellphones","date":"2020-06-29","url":"i2195932-mi-note-6-pro.html","name":" Mi Note 6 Pro","price":"10,000"},{"type":"cellphones","date":"2020-06-29","url":"i2192105-iphone-8-sealpack-64gb-totally-fresh-unlocked.html","name":" Iphone 8 Sealpack 64gb Totally Fresh Unlocked","price":"40,500"},{"type":"cellphones","date":"2020-06-29","url":"i2196020-iphone-11-pro.html","name":" Iphone 11 Pro","price":"1,20,000"},{"type":"cellphones","date":"2020-06-29","url":"i2197820-samsung-note-10-plus-256gb-12gb-ram.html","name":" Samsung Note 10 Plus 256gb/12gb Ram","price":"85,000"},{"type":"cellphones","date":"2020-06-29","url":"i2195975-nokia-2-3.html","name":" Nokia 2.3","price":"12,500"},{"type":"cellphones","date":"2020-06-29","url":"i2198697-iphone-xs-max-space-grey.html","name":" Iphone Xs Max Space Grey","price":"83,000"},{"type":"cellphones","date":"2020-06-29","url":"i2189975-apple-iphone-7-32gb-urgent.html","name":" Apple Iphone 7 32gb(urgent)","price":"26,300"},{"type":"cellphones","date":"2020-06-29","url":"i2183426-iphone-6-plus-64gb.html","name":" Iphone 6 Plus ( 64gb)","price":"15,000"},{"type":"cellphones","date":"2020-06-29","url":"i2129551-iphone-5s.html","name":" Iphone 5s","price":"9,000"},{"type":"cellphones","date":"2020-06-29","url":"i2187514-iphone-xsmax-on-sale.html","name":" Iphone Xsmax On Sale","price":"80,000"},{"type":"cellphones","date":"2020-06-29","url":"i2189801-nokia-2-3-version-10.html","name":" Nokia 2.3 Version 10","price":"10,000"},{"type":"cellphones","date":"2020-06-29","url":"i2174172-poco-x2-8-256.html","name":" Poco X2 8/256","price":"39,000"},{"type":"cellphones","date":"2020-06-29","url":"i2199496-iphone-xs-max-dual-sim.html","name":" Iphone Xs Max Dual Sim","price":"86,000"},{"type":"cellphones","date":"2020-06-29","url":"i2194631-iphone-11-pro-max-256gb.html","name":" Iphone 11 Pro Max 256gb","price":"1,75,000"},{"type":"cellphones","date":"2020-06-29","url":"i2198608-ipad-pro-needed-urgently.html","name":" Ipad Pro Needed Urgently","price":"85,000"},{"type":"cellphones","date":"2020-06-29","url":"i2194361-huawei-y6ii-mobile-phone.html","name":" Huawei Y6ii Mobile Phone","price":"7,500"},{"type":"cellphones","date":"2020-06-29","url":"i2186437-huawei-p30-lite-used-3-month-only-now-available.html","name":" Huawei P30 Lite Used 3 Month Only Now Available.","price":"28,000"},{"type":"cellphones","date":"2020-06-29","url":"i2192499-vivo-y11-with-5000-mah-battery.html","name":" Vivo Y11 With 5000 Mah Battery","price":"15,000"},{"type":"cellphones","date":"2020-06-29","url":"i2195134-real-me-3.html","name":" Real Me 3","price":"12,000"},{"type":"cellphones","date":"2020-06-29","url":"i2137520-poco-x2.html","name":" Poco X2","price":"32,500"},{"type":"cellphones","date":"2020-06-29","url":"i2193231-oneplus-8.html","name":" Oneplus 8","price":"77,080"},{"type":"cellphones","date":"2020-06-29","url":"i2198805-oneplus-7t.html","name":" Oneplus 7t","price":"55,000"},{"type":"cellphones","date":"2020-06-29","url":"i2193446-iphone-7plus-256gb-jet-black.html","name":" Iphone 7plus 256gb Jet Black","price":"48,500"},{"type":"cellphones","date":"2020-06-29","url":"i2191771-samsung-a50.html","name":" Samsung A50","price":"15,000"},{"type":"cellphones","date":"2020-06-29","url":"i2193708-iphone-8-plus-64gb.html","name":" Iphone 8 Plus 64gb","price":"54,999"},{"type":"cellphones","date":"2020-06-29","url":"i2197902-realme-x2-pro-blue.html","name":" Realme X2 Pro (blue)","price":"45,000"},{"type":"cellphones","date":"2020-06-29","url":"i1756220-iphone-6-128gb.html","name":" Iphone 6 128gb","price":"20,000"},{"type":"cellphones","date":"2020-06-29","url":"i2195849-iphone-xr-128gb.html","name":" Iphone Xr 128gb","price":"66,000"},{"type":"cellphones","date":"2020-06-29","url":"i2172117-note-10-lite-box-pack-unused.html","name":" Note 10 Lite Box Pack Unused","price":"63,800"},{"type":"cellphones","date":"2020-06-29","url":"i2199740-xiaomi-redmi-k20-pro.html","name":" Xiaomi Redmi K20 Pro","price":"40,000"},{"type":"cellphones","date":"2020-06-29","url":"i2192629-vivo-v15-pro-6-128.html","name":" Vivo V15 Pro 6/128","price":"24,500"},{"type":"cellphones","date":"2020-06-29","url":"i2165153-samsung-note-8-sell-or-exng-white-oneplus6-or-6t.html","name":" Samsung Note 8 Sell Or Exng White Oneplus6 Or 6t","price":"25,000"},{"type":"cellphones","date":"2020-06-29","url":"i2171831-galaxy-note-8-sale-or-exchange.html","name":" Galaxy Note 8 Sale Or Exchange","price":"24,998"},{"type":"cellphones","date":"2020-06-29","url":"i2189502-iphone-x-with-backcover.html","name":" Iphone X With Backcover","price":"66,000"},{"type":"cellphones","date":"2020-06-29","url":"i2192613-iphone-8plus-64-gb-white.html","name":" Iphone 8plus 64 Gb White","price":"55,000"},{"type":"cellphones","date":"2020-06-29","url":"i2188502-all-type-of-iphone.html","name":" All Type Of Iphone","price":"25,000"},{"type":"cellphones","date":"2020-06-29","url":"i2195983-iphone-6s.html","name":" Iphone 6s","price":"14,500"},{"type":"cellphones","date":"2020-06-29","url":"i2188797-samsung-note-8.html","name":" Samsung Note 8","price":"27,000"},{"type":"cellphones","date":"2020-06-29","url":"i2139441-realme-6-pro.html","name":" Realme 6 Pro","price":"26,000"},{"type":"cellphones","date":"2020-06-29","url":"i2190254-galaxy-tab-e.html","name":" Galaxy Tab E","price":"10,000"},{"type":"cellphones","date":"2020-06-29","url":"i2192108-iphone-7-fully-unlocked-ekdam-fresh-32gb.html","name":" Iphone 7 Fully Unlocked Ekdam Fresh 32gb","price":"30,000"},{"type":"cellphones","date":"2020-06-29","url":"i2192103-i-ph-8-plus-plus-boxpack-like-new-genuine-pkr.html","name":" I Ph 8+plus Boxpack Like New Genuine Pkr","price":"54,000"},{"type":"cellphones","date":"2020-06-29","url":"i2178360-oneplus-6.html","name":" Oneplus 6","price":"32,500"},{"type":"cellphones","date":"2020-06-29","url":"i2182812-samsung-galaxy-note-8-maple-gold-for-sale.html","name":" Samsung Galaxy Note 8 Maple Gold For Sale.","price":"30,999"},{"type":"cellphones","date":"2020-06-29","url":"i2195938-vivo-v11-pro.html","name":" Vivo V11 Pro","price":"18,000"},{"type":"cellphones","date":"2020-06-29","url":"i2165640-mi-note-8-pro-exchange-oneplus-6-iphone-6s-ply.html","name":" Mi Note 8 Pro Exchange Oneplus 6 Iphone 6s Ply","price":"23,000"},{"type":"cellphones","date":"2020-06-29","url":"i2166986-m20-genuine-set.html","name":" M20 Genuine Set","price":"13,750"},{"type":"cellphones","date":"2020-06-29","url":"i2198820-iphone-7-plus-256gb-with-box.html","name":" Iphone 7 Plus 256gb With Box","price":"30,000"},{"type":"cellphones","date":"2020-06-29","url":"i2184430-samsung-galaxy-tab-3.html","name":" Samsung Galaxy Tab 3","price":"12,000"},{"type":"cellphones","date":"2020-06-29","url":"i2199661-samsung-s7.html","name":" Samsung S7","price":"14,500"},{"type":"cellphones","date":"2020-06-29","url":"i2187987-blackberry-priv.html","name":" Blackberry Priv","price":"12,500"},{"type":"cellphones","date":"2020-06-29","url":"i2194949-redmi-k20-pro-8-gb-ram-256-rom-with-snapdragon-855-processor-exchange.html","name":" Redmi K20 Pro 8 Gb Ram 256 Rom With Snapdragon 855 Processor,exchange","price":"5,000"},{"type":"cellphones","date":"2020-06-29","url":"i2090621-redmi-note-8-one-week-used.html","name":" Redmi Note 8 One Week Used","price":"17,000"},{"type":"cellphones","date":"2020-06-29","url":"i2172503-samsung-s7-edge-crack.html","name":" Samsung S7 Edge (crack)","price":"15,000"},{"type":"cellphones","date":"2020-06-29","url":"i2144710-iphone-xr-full-unlocked-2-month-used-with-all-accessories.html","name":" Iphone Xr Full Unlocked (2 Month Used) With All Accessories","price":"56,999"},{"type":"cellphones","date":"2020-06-29","url":"i2190351-m10-on-sale-10-000-rs.html","name":" M10 On Sale 10,000 Rs.","price":"10,000"},{"type":"cellphones","date":"2020-06-29","url":"i2178260-iphone-8plus.html","name":" Iphone 8plus","price":"70,000"},{"type":"cellphones","date":"2020-06-29","url":"i2198212-iphone-xr-needed-urgent.html","name":" Iphone Xr Needed Urgent","price":"55,000"},{"type":"cellphones","date":"2020-06-29","url":"i2190291-fresh-huawei-nova-3i-for-sale.html","name":" Fresh Huawei Nova 3i For Sale","price":"18,500"},{"type":"cellphones","date":"2020-06-29","url":"i2199303-iphone-x-64gb-with-airpods.html","name":" Iphone X 64gb With Airpods","price":"61,000"},{"type":"cellphones","date":"2020-06-29","url":"i2161550-redmi-note-8-4gb-128-rom-sell.html","name":" Redmi Note 8 4gb 128 Rom Sell","price":"22,000"},{"type":"cellphones","date":"2020-06-29","url":"i2193928-iphone-x-64-gb-black.html","name":" Iphone X 64 Gb Black","price":"52,000"},{"type":"cellphones","date":"2020-06-29","url":"i2192692-iphone-x-with-imei-matching-box-and-all-accessories.html","name":" Iphone X With Imei Matching Box And All Accessories","price":"65,000"},{"type":"cellphones","date":"2020-06-29","url":"i2183331-samsung-s10-plus.html","name":" Samsung S10+","price":"70,000"},{"type":"cellphones","date":"2020-06-29","url":"i2200706-iphone-11-pro-max-256-gb.html","name":" Iphone 11 Pro Max 256 Gb","price":"1,10,000"},{"type":"cellphones","date":"2020-06-29","url":"i2196187-oppo-a71-3gb-ram.html","name":" Oppo A71 3gb Ram","price":"7,500"},{"type":"cellphones","date":"2020-06-29","url":"i2185662-xiaomi-redmi-8-4-gb-plus-64-gb-authorized-seal-packed.html","name":" Xiaomi Redmi 8 (4 Gb + 64 Gb) Authorized Seal Packed","price":"15,999"},{"type":"cellphones","date":"2020-06-29","url":"i2190501-samsung-galaxy-s9-plus-in-good-condition.html","name":" Samsung Galaxy S9 Plus In Good Condition","price":"40,000"},{"type":"cellphones","date":"2020-06-29","url":"i2194070-samsung-galaxy-s8-4gb-ram-64gb-rom.html","name":" Samsung Galaxy S8 4gb Ram 64gb Rom","price":"14,500"},{"type":"cellphones","date":"2020-06-29","url":"i2192801-redmi-k20-pro-8-256.html","name":" Redmi K20 Pro/8/256","price":"32,000"},{"type":"cellphones","date":"2020-06-29","url":"i2181670-oneplus-6t-on-sale.html","name":" Oneplus 6t On Sale","price":"40,000"},{"type":"cellphones","date":"2020-06-29","url":"i2174951-redmi-note-9pro-6-128-with-authorize-warranty.html","name":" Redmi Note 9pro (6/128) With Authorize Warranty","price":"29,500"},{"type":"cellphones","date":"2020-06-29","url":"i2181299-iphone-xs-max-256-gb.html","name":" Iphone Xs Max 256 Gb","price":"85,000"},{"type":"cellphones","date":"2020-06-29","url":"i2171837-nokia-6.html","name":" Nokia 6","price":"10,000"},{"type":"cellphones","date":"2020-06-29","url":"i2107133-one-plus-7pro-display-crack.html","name":" One Plus 7pro (display Crack)","price":"25,000"},{"type":"cellphones","date":"2020-06-29","url":"i2200264-iphone-x-256gb.html","name":" Iphone X 256gb","price":"65,000"},{"type":"cellphones","date":"2020-06-29","url":"i2180433-iphone-11pro-max-on-sell.html","name":" Iphone 11pro Max On Sell","price":"1,50,000"},{"type":"cellphones","date":"2020-06-29","url":"i2197323-redmi-6a.html","name":" Redmi 6a","price":"7,500"},{"type":"cellphones","date":"2020-06-29","url":"i2184477-mi-note-9-pro.html","name":" Mi Note 9 Pro","price":"32,500"},{"type":"cellphones","date":"2020-06-29","url":"i2196496-lava-ln9910.html","name":" Lava Ln9910","price":"5,000"},{"type":"cellphones","date":"2020-06-29","url":"i2187835-iphone-7-plus.html","name":" Iphone 7 Plus","price":"48,500"},{"type":"cellphones","date":"2020-06-29","url":"i2198606-i-phone-8-plus-256-gb-box-pack-all-accessories.html","name":" I Phone 8+ 256 Gb Box Pack All Accessories","price":"62,500"},{"type":"cellphones","date":"2020-06-29","url":"i2192354-i-phone-6s.html","name":" I Phone 6s","price":"12,500"},{"type":"cellphones","date":"2020-06-29","url":"i2182752-samsung-s7-edge.html","name":" Samsung S7 Edge","price":"10,000"},{"type":"cellphones","date":"2020-06-29","url":"i2193465-iphone-x-256gb-with-imei-matching-box-plus-charger-plus-earphone.html","name":" Iphone X 256gb With Imei Matching Box + Charger + Earphone","price":"74,000"},{"type":"cellphones","date":"2020-06-29","url":"i2190018-s20-plus-urgently-sale.html","name":" S20+ Urgently Sale","price":"1,00,000"},{"type":"cellphones","date":"2020-06-29","url":"i2199703-apple-iphone-7-plus-128-gb-on-sale.html","name":" Apple Iphone 7 Plus 128 Gb On Sale","price":"32,000"},{"type":"cellphones","date":"2020-06-29","url":"i2199604-s9-plus.html","name":" S9 Plus","price":"30,000"},{"type":"cellphones","date":"2020-06-29","url":"i2064240-iphones-6-128gb.html","name":" Iphones 6 128gb","price":"20,000"},{"type":"cellphones","date":"2020-06-29","url":"i2195911-galaxy-s9-plus.html","name":" Galaxy S9 Plus","price":"20,000"},{"type":"cellphones","date":"2020-06-29","url":"i2190496-iphone-xs-256gb-white.html","name":" Iphone Xs 256gb White","price":"72,000"},{"type":"cellphones","date":"2020-06-29","url":"i2174799-note-5-display-change-garnu-parcha.html","name":" Note 5 (display Change Garnu Parcha)","price":"3,000"},{"type":"cellphones","date":"2020-06-29","url":"i2190288-iphone-x-256gb.html","name":" Iphone X 256gb","price":"65,000"},{"type":"cellphones","date":"2020-06-29","url":"i2171572-sony-xperia-t2-ultra-mobile-phone.html","name":" Sony Xperia T2 Ultra Mobile Phone","price":"7,200"},{"type":"cellphones","date":"2020-06-29","url":"i2195053-iphone-x-64-bypassed.html","name":" Iphone X 64 Bypassed","price":"45,000"},{"type":"cellphones","date":"2020-06-29","url":"i2190791-samsung-note-5.html","name":" Samsung Note 5","price":"15,500"},{"type":"cellphones","date":"2020-06-29","url":"i2124871-vivo-y93.html","name":" Vivo Y93","price":"9,500"},{"type":"cellphones","date":"2020-06-29","url":"i2198877-iphone-6-plus-16gb-full-factory-unlocked-with-fast-fingerprint.html","name":" Iphone 6 Plus 16gb Full Factory Unlocked With Fast Fingerprint","price":"15,000"},{"type":"cellphones","date":"2020-06-29","url":"i2198132-samsung-s8-plus.html","name":" Samsung S8 Plus","price":"18,000"},{"type":"cellphones","date":"2020-06-29","url":"i2185688-xiaomi-redmi-note-9-pro-6-gb-plus-128-gb-authorized-seal-packed.html","name":" Xiaomi Redmi Note 9 Pro (6 Gb + 128 Gb) Authorized Seal Packed","price":"29,999"},{"type":"cellphones","date":"2020-06-29","url":"i2199334-redmi-note-8.html","name":" Redmi Note 8","price":"19,100"},{"type":"cellphones","date":"2020-06-29","url":"i2105142-iphone-6s-unlocked-from-us-excellent-condition.html","name":" Iphone 6s Unlocked, From Us-, Excellent Condition","price":"15,500"},{"type":"cellphones","date":"2020-06-29","url":"i2164983-samsung-s10-5g-256gb-urgent-sale.html","name":" Samsung S10 5g 256gb Urgent Sale","price":"75,000"},{"type":"cellphones","date":"2020-06-29","url":"i2188704-redmi-note-8-pro.html","name":" Redmi Note 8 Pro","price":"26,000"},{"type":"cellphones","date":"2020-06-29","url":"i2197621-iphone-x.html","name":" Iphone X","price":"60,000"},{"type":"cellphones","date":"2020-06-29","url":"i2192367-iphone8-64-gb-bypassed.html","name":" Iphone8 64 Gb Bypassed","price":"27,000"},{"type":"cellphones","date":"2020-06-29","url":"i2183604-pocofone-f1-fresh-like-new-6128gb.html","name":" Pocofone F1 Fresh Like New(6-128gb)","price":"24,000"},{"type":"cellphones","date":"2020-06-29","url":"i2200174-samsung-galaxy-note10-plus.html","name":" Samsung Galaxy Note10+","price":"85,000"},{"type":"cellphones","date":"2020-06-29","url":"i2198604-i-ph-8-plus-fully-unlocked-fresh-with-box-sahit.html","name":" I Ph 8+ Fully Unlocked Fresh With Box Sahit","price":"54,000"},{"type":"cellphones","date":"2020-06-29","url":"i2199908-oppo-f1s.html","name":" Oppo F1s","price":"8,500"},{"type":"cellphones","date":"2020-06-29","url":"i2185600-samsung-note-9-glass-crack-sell-or-exchange.html","name":" Samsung Note 9 (glass Crack) Sell Or Exchange","price":"40,000"},{"type":"cellphones","date":"2020-06-29","url":"i2161518-samsung-a10s.html","name":" Samsung A10s","price":"10,000"},{"type":"cellphones","date":"2020-06-29","url":"i2150902-oneplus-3-6gb-ram-64gb-internal-memory-good-condition.html","name":" Oneplus 3 6gb Ram 64gb Internal Memory.good Condition","price":"13,000"},{"type":"cellphones","date":"2020-06-29","url":"i2194702-sony-xperia-z.html","name":" Sony Xperia Z","price":"699"},{"type":"cellphones","date":"2020-06-29","url":"i2198756-urgent-sale-samsung-galaxy-s10.html","name":" Urgent Sale Samsung Galaxy S10","price":"42,000"},{"type":"cellphones","date":"2020-06-29","url":"i2193079-flagship-killer-oneplus-is-on-urgent-sale.html","name":" Flagship Killer Oneplus Is On Urgent Sale","price":"19,999"},{"type":"cellphones","date":"2020-06-29","url":"i2201065-urgent-sale.html","name":" Urgent Sale","price":"12,000"},{"type":"cellphones","date":"2020-06-29","url":"i2187803-iphone-7plus-or-iphone8plus-needed.html","name":" Iphone 7plus Or Iphone8plus Needed","price":"35,000"},{"type":"cellphones","date":"2020-06-29","url":"i2179689-oppo-f1s.html","name":" Oppo F1s","price":"8,800"},{"type":"cellphones","date":"2020-06-29","url":"i2192084-redmi-note-8pro.html","name":" Redmi Note 8pro","price":"27,500"},{"type":"cellphones","date":"2020-06-29","url":"i2198992-iphone-xs-max-256gb.html","name":" Iphone Xs Max 256gb","price":"80,000"},{"type":"cellphones","date":"2020-06-29","url":"i2200276-google-pixel-3xl-with-box.html","name":" Google Pixel 3xl With Box","price":"46,999"},{"type":"cellphones","date":"2020-06-29","url":"i2197265-iphone-x-256-gb-with-box-and-all-accessories.html","name":" Iphone X 256 Gb With Box And All Accessories","price":"68,000"},{"type":"cellphones","date":"2020-06-29","url":"i2199634-poco-x2.html","name":" Poco X2","price":"1,23,45,679"},{"type":"cellphones","date":"2020-06-29","url":"i2113599-iphone-xs-max-64gb.html","name":" Iphone Xs Max 64gb","price":"79,999"},{"type":"cellphones","date":"2020-06-29","url":"i2153705-iphone-x-64gb-for-sale-with-original-charger.html","name":" Iphone X 64gb For Sale With Original Charger","price":"55,000"},{"type":"cellphones","date":"2020-06-29","url":"i2199518-samsung-galaxy-a7-2016.html","name":" Samsung Galaxy A7 2016","price":"5,000"},{"type":"cellphones","date":"2020-06-29","url":"i2188038-iphone-x-64gb.html","name":" Iphone X 64gb","price":"60,000"},{"type":"cellphones","date":"2020-06-29","url":"i2189836-sony-xperia.html","name":" Sony Xperia","price":"6,500"},{"type":"cellphones","date":"2020-06-29","url":"i2196921-samsung-galaxy-m31.html","name":" Samsung Galaxy M31","price":"29,000"},{"type":"cellphones","date":"2020-06-29","url":"i2188436-redmi-note-7pro.html","name":" Redmi Note 7pro","price":"15,000"},{"type":"cellphones","date":"2020-06-29","url":"i2200414-samsung-s10-plus.html","name":" Samsung S10 Plus","price":"61,000"},{"type":"cellphones","date":"2020-06-29","url":"i2195954-redmi-note-7-pro.html","name":" Redmi Note 7 Pro","price":"16,000"},{"type":"cellphones","date":"2020-06-29","url":"i2185459-iphone-7s-32-gb-black-matte-urgent-sell.html","name":" Iphone 7s 32 Gb Black Matte Urgent Sell","price":"25,000"},{"type":"cellphones","date":"2020-06-29","url":"i2164020-samsung-s9-plus-on-sale-personal-use-phone-with-box.html","name":" Samsung S9 Plus On Sale {personal Use Phone} With Box","price":"43,000"},{"type":"cellphones","date":"2020-06-29","url":"i2198839-iphone-11.html","name":" Iphone 11","price":"90,000"},{"type":"cellphones","date":"2020-06-29","url":"i2177289-s8-plus-for-sale-or-exchange.html","name":" S8 Plus For Sale Or Exchange","price":"27,000"},{"type":"cellphones","date":"2020-06-29","url":"i2198688-lg-phone-only-4500.html","name":" Lg Phone Only 4500","price":"4,500"},{"type":"cellphones","date":"2020-06-29","url":"i2197795-redmi-7.html","name":" Redmi 7","price":"12,500"},{"type":"cellphones","date":"2020-06-29","url":"i2200401-iphone-xs-max-256-gb.html","name":" Iphone Xs Max 256 Gb","price":"95,000"},{"type":"cellphones","date":"2020-06-29","url":"i2190146-iphone-x.html","name":" Iphone X","price":"78,000"},{"type":"cellphones","date":"2020-06-29","url":"i2159308-realme-xt.html","name":" Realme Xt","price":"26,000"},{"type":"cellphones","date":"2020-06-29","url":"i2150013-samsung-s10-plus-8-128.html","name":" Samsung S10 Plus 8/128","price":"69,999"},{"type":"cellphones","date":"2020-06-29","url":"i2198819-redmi-k20-pro-6-128.html","name":" Redmi K20 Pro/6/128","price":"37,000"},{"type":"cellphones","date":"2020-06-29","url":"i2175800-lockdown-sale-iphone-6-plus-plus-huawei-y7-prime.html","name":" Lockdown Sale: Iphone 6 Plus + Huawei Y7 Prime","price":"26,000"},{"type":"cellphones","date":"2020-06-29","url":"i2180985-oneplus-7pro.html","name":" Oneplus 7pro","price":"70,000"},{"type":"cellphones","date":"2020-06-29","url":"i2198623-iphone-xs-max-256.html","name":" Iphone Xs Max 256","price":"100"},{"type":"cellphones","date":"2020-06-29","url":"i2197686-iphone-7-plus-128gb-full-unlocked.html","name":" Iphone 7 Plus 128gb Full Unlocked","price":"27,500"},{"type":"cellphones","date":"2020-06-29","url":"i2145630-redmi-note-8-quad-camera-with-all-accessories-free.html","name":" Redmi Note 8 (quad Camera) With All Accessories Free","price":"15,490"},{"type":"cellphones","date":"2020-06-29","url":"i2129334-iphone-11-pro-max-256gb-grey.html","name":" Iphone 11 Pro Max 256gb Grey","price":"1,50,000"},{"type":"cellphones","date":"2020-06-29","url":"i2193816-exchange-galaxy-note-9-with-iphone-11-pro.html","name":" Exchange Galaxy Note 9 With Iphone 11 Pro","price":"20,000"},{"type":"cellphones","date":"2020-06-29","url":"i2193758-iphone-6s-plus-64gb-with-imei-matching-box.html","name":" Iphone 6s Plus (64gb) With Imei Matching Box","price":"25,500"},{"type":"cellphones","date":"2020-06-29","url":"i2200830-iphone-8-plus-256gb-like-new.html","name":" Iphone 8 Plus 256gb Like New","price":"49,000"},{"type":"cellphones","date":"2020-06-29","url":"i2192676-redmi-note-8-pro.html","name":" Redmi Note 8 Pro","price":"22,000"},{"type":"cellphones","date":"2020-06-29","url":"i2191317-redmi-note-9-pro-interstellar-black.html","name":" Redmi Note 9 Pro... Interstellar Black","price":"30,000"},{"type":"cellphones","date":"2020-06-29","url":"i2181068-i-phone-7-128-gb.html","name":" I Phone 7 128 Gb","price":"26,900"},{"type":"cellphones","date":"2020-06-29","url":"i2176946-samsung-m20.html","name":" Samsung M20","price":"13,000"},{"type":"cellphones","date":"2020-06-29","url":"i2198515-redmi-note-9-pro-base-variant-needed.html","name":" Redmi Note 9 Pro Base Variant Needed","price":"23,000"},{"type":"cellphones","date":"2020-06-29","url":"i2158945-samsung-galaxy-note-8.html","name":" Samsung Galaxy Note 8","price":"25,000"},{"type":"cellphones","date":"2020-06-29","url":"i2151893-samsung-s8plus.html","name":" Samsung S8plus","price":"18,500"},{"type":"cellphones","date":"2020-06-29","url":"i2195587-samsung-s10plus.html","name":" Samsung S10plus","price":"72,000"},{"type":"cellphones","date":"2020-06-29","url":"i2110466-iphone-8-plus.html","name":" Iphone 8 Plus","price":"50,000"},{"type":"cellphones","date":"2020-06-29","url":"i2181116-samsung-galaxy-note-9-for-sale.html","name":" Samsung Galaxy Note 9 For Sale","price":"40,000"},{"type":"cellphones","date":"2020-06-29","url":"i2200597-iphone-7-and-iwatch-2-series.html","name":" Iphone 7 & Iwatch 2 Series","price":"50,000"},{"type":"cellphones","date":"2020-06-29","url":"i2141497-iphone-8-plus-256gb.html","name":" Iphone 8 Plus 256gb","price":"67,500"},{"type":"cellphones","date":"2020-06-29","url":"i2168256-samsung-a10s-brand-new-condition-set-comes-with-its-box.html","name":" Samsung A10s Brand New Condition Set Comes With Its Box","price":"15,000"},{"type":"cellphones","date":"2020-06-29","url":"i2197267-samsung-galaxy-m20-3-32.html","name":" Samsung Galaxy M20 3/ 32","price":"13,500"},{"type":"cellphones","date":"2020-06-29","url":"i2192838-iphone-7-plus.html","name":" Iphone 7 Plus","price":"40,000"},{"type":"cellphones","date":"2020-06-29","url":"i2197563-mi-redmi8.html","name":" Mi Redmi8","price":"16,499"},{"type":"cellphones","date":"2020-06-29","url":"i2200358-i-am-looking-for-brandnew-k20-pro-6gb-128gb-variant.html","name":" I Am Looking For Brandnew K20 Pro 6gb 128gb Variant..","price":"1,111"},{"type":"cellphones","date":"2020-06-29","url":"i2159257-samsung-galaxy-note-10-plus.html","name":" Samsung Galaxy Note 10 Plus","price":"90,000"},{"type":"cellphones","date":"2020-06-29","url":"i2194616-iphone-6-plus.html","name":" Iphone 6 Plus","price":"15,200"},{"type":"cellphones","date":"2020-06-29","url":"i2199767-iphone-xs-max-256gb-gold-with-box-and-all-accessories.html","name":" Iphone Xs Max 256gb Gold With Box And All Accessories","price":"92,500"},{"type":"cellphones","date":"2020-06-29","url":"i2185265-one-plus-6t.html","name":" One Plus 6t","price":"39,000"},{"type":"cellphones","date":"2020-06-29","url":"i2199333-samsung-m20-4gb-64gb-black.html","name":" Samsung M20 (4gb / 64gb) (black)","price":"13,500"},{"type":"cellphones","date":"2020-06-29","url":"i2195564-huwaei-mate-20pro-like-new-for-sale-or-exchange-with-same-range-set.html","name":" Huwaei Mate 20pro Like New For Sale Or Exchange With Same Range Set.","price":"55,000"},{"type":"cellphones","date":"2020-06-29","url":"i2193957-ipad-pro-10-5-cellular-64gb-with-apple-pencil.html","name":" Ipad Pro 10.5 Cellular 64gb With Apple Pencil","price":"85,000"},{"type":"cellphones","date":"2020-06-29","url":"i2174936-redmi-note-9-pro-brand-new-with-snapdragon-720g.html","name":" Redmi Note 9 Pro Brand New With Snapdragon 720g","price":"29,390"},{"type":"cellphones","date":"2020-06-29","url":"i2199547-iphone-xs-max-256-gb-white-fress-u-s-a.html","name":" Iphone Xs Max 256 Gb White Fress U S A","price":"98,999"},{"type":"cellphones","date":"2020-06-29","url":"i2199843-samsung-galaxy-a50-9812299051-quick-sell.html","name":" Samsung Galaxy A50 9812299051 Quick Sell","price":"17,000"},{"type":"cellphones","date":"2020-06-29","url":"i2193899-realme-5s-exchange-also.html","name":" Realme 5s Exchange Also","price":"17,000"},{"type":"cellphones","date":"2020-06-29","url":"i2193275-oneplus-8-pro.html","name":" Oneplus 8 Pro","price":"98,399"},{"type":"cellphones","date":"2020-06-29","url":"i2192314-lock-down-special-offer-6000.html","name":" Lock Down Special Offer 6000","price":"6,000"},{"type":"cellphones","date":"2020-06-29","url":"i2142071-galaxy-a51.html","name":" Galaxy A51","price":"36,000"},{"type":"cellphones","date":"2020-06-29","url":"i2197945-iphone-xr-128gb.html","name":" Iphone Xr 128gb","price":"69,999"},{"type":"cellphones","date":"2020-06-29","url":"i2197314-oneplus-8-in-ready-stock.html","name":" Oneplus 8 In Ready Stock","price":"79,999"},{"type":"cellphones","date":"2020-06-29","url":"i2198900-samsung-j5-urgent-sell.html","name":" Samsung J5 Urgent Sell","price":"5,000"},{"type":"cellphones","date":"2020-06-29","url":"i2190544-i-want-sell-in-urgent.html","name":" I Want Sell In Urgent","price":"24,000"},{"type":"cellphones","date":"2020-06-29","url":"i2199752-iphone-xs-max-512gb-black-in-biratnagar.html","name":" Iphone Xs Max 512gb (black) In Biratnagar","price":"1,10,000"},{"type":"cellphones","date":"2020-06-29","url":"i2099697-iphone-6-orginal-and-brand-new.html","name":" Iphone 6 Orginal And Brand New","price":"10,500"},{"type":"cellphones","date":"2020-06-29","url":"i2199363-asus-zenfone-max-pro-m1-urgent-sale.html","name":" Asus Zenfone Max Pro M1 Urgent Sale","price":"18,000"},{"type":"cellphones","date":"2020-06-29","url":"i2194022-j7-max.html","name":" J7 Max","price":"14,999"},{"type":"cellphones","date":"2020-06-29","url":"i2102202-5th-generation-ipad.html","name":" 5th Generation (ipad)","price":"26,000"},{"type":"cellphones","date":"2020-06-29","url":"i2195073-realme.html","name":" Realme","price":"16,990"},{"type":"cellphones","date":"2020-06-29","url":"i2197958-iphone-7-plus-128gb-black.html","name":" Iphone 7+ 128gb (black)","price":"43,000"},{"type":"cellphones","date":"2020-06-29","url":"i2194850-samsung-galaxy-s9-plus-on-sale.html","name":" Samsung Galaxy S9+ On Sale","price":"40,000"},{"type":"cellphones","date":"2020-06-29","url":"i2188092-mi-note-10-lite.html","name":" Mi Note 10 Lite","price":"43,000"},{"type":"cellphones","date":"2020-06-29","url":"i2137589-oppo-f9-pro.html","name":" Oppo F9 Pro","price":"14,000"},{"type":"cellphones","date":"2020-06-29","url":"i2200436-iphone-x-256-gb-on-sale.html","name":" Iphone X 256 Gb On Sale..","price":"48,000"},{"type":"cellphones","date":"2020-06-29","url":"i2185388-s10plus-fresh-set.html","name":" S10plus Fresh Set","price":"66,000"},{"type":"cellphones","date":"2020-06-29","url":"i2182561-ifone-6s-fresh.html","name":" Ifone 6s Fresh","price":"15,000"},{"type":"cellphones","date":"2020-06-29","url":"i2196769-iphone-6-128gb-bypass-bypass-set-ho.html","name":" Iphone 6 128gb Bypass Bypass Set Ho","price":"9,500"},{"type":"cellphones","date":"2020-06-29","url":"i2198285-iphone-xsmax.html","name":" Iphone Xsmax","price":"86,000"},{"type":"cellphones","date":"2020-06-29","url":"i2197290-mi-redmi-note-8-4-64gb-seald-pack.html","name":" Mi Redmi Note 8 (4/64gb) Seald Pack","price":"20,999"},{"type":"cellphones","date":"2020-06-29","url":"i2174685-bypass-full-fresh-iphone6-on-sale.html","name":" Bypass Full Fresh Iphone6 On Sale","price":"10,000"},{"type":"cellphones","date":"2020-06-29","url":"i2199680-samsung-note-8-256gb-with-imei-matching-box.html","name":" Samsung Note 8 256gb With Imei Matching Box","price":"45,000"},{"type":"cellphones","date":"2020-06-29","url":"i2154794-samsung-a9-128gb.html","name":" Samsung A9 128gb","price":"25,000"},{"type":"cellphones","date":"2020-06-29","url":"i2199392-samsung-galaxy-s10-plus-s10-plus.html","name":" Samsung Galaxy S10 Plus (s10+)","price":"69,999"},{"type":"cellphones","date":"2020-06-29","url":"i2199898-asus-max-pro-m2-exchange-with-icloud-lock-iphone-7-plus-only-or-8-plus.html","name":" Asus Max Pro M2 Exchange With Icloud Lock Iphone 7 Plus Only Or 8+","price":"13,500"},{"type":"cellphones","date":"2020-06-29","url":"i2101318-oneplus-7-pro.html","name":" Oneplus 7 Pro","price":"60,000"},{"type":"cellphones","date":"2020-06-29","url":"i2169912-oneplus-7t-pro.html","name":" Oneplus 7t Pro","price":"80,000"},{"type":"cellphones","date":"2020-06-29","url":"i2192615-samsung-galaxy-note-9-dual-sim.html","name":" Samsung Galaxy Note 9 (dual Sim)","price":"48,000"},{"type":"cellphones","date":"2020-06-29","url":"i2115805-iphone-x-256-gb.html","name":" Iphone X (256 Gb)","price":"64,000"},{"type":"cellphones","date":"2020-06-29","url":"i2172122-mi-max-2.html","name":" Mi Max 2","price":"13,000"},{"type":"cellphones","date":"2020-06-29","url":"i2167609-huwaei-mate-20-pro.html","name":" Huwaei Mate 20 Pro","price":"70,000"},{"type":"cellphones","date":"2020-06-29","url":"i2037938-iphone-6s.html","name":" Iphone 6s","price":"17,000"},{"type":"cellphones","date":"2020-06-29","url":"i2188986-iphone-x-256-gb.html","name":" Iphone X 256 Gb","price":"70,000"},{"type":"cellphones","date":"2020-06-29","url":"i2142799-oppo-a3s-in-sell-ma.html","name":" Oppo A3s In Sell Ma","price":"7,000"},{"type":"cellphones","date":"2020-06-29","url":"i2062974-redmi-k20-pro-8-256.html","name":" Redmi K20 Pro (8/256)","price":"37,000"},{"type":"cellphones","date":"2020-06-29","url":"i2149485-iphone-7-plus-128gb.html","name":" Iphone 7 Plus 128gb","price":"46,500"},{"type":"cellphones","date":"2020-06-29","url":"i2200170-oneplus7t-like-new.html","name":" Oneplus7t Like New","price":"53,999"},{"type":"cellphones","date":"2020-06-29","url":"i2175255-mi-redmi-go-brand-new-seal-pack-mobile.html","name":" Mi Redmi Go Brand New Seal Pack Mobile","price":"8,850"}]