[{"type":"cellphones","date":"2020-05-28","url":"i2134807-iphone-7-plus-256-gb.html","name":" Iphone 7+ 256 Gb","price":"38,000"},{"type":"cellphones","date":"2020-05-28","url":"i2157284-iphone-8-plus.html","name":" Iphone 8 Plus","price":"35,000"},{"type":"cellphones","date":"2020-05-28","url":"i2168292-iphone-11-128gb-only-exchange-with-same-range-device.html","name":" Iphone 11 128gb Only Exchange With Same Range Device","price":"92,000"},{"type":"cellphones","date":"2020-05-28","url":"i2159761-iphone-7-plus-32gb-with-box.html","name":" Iphone 7 Plus 32gb With Box","price":"35,000"},{"type":"cellphones","date":"2020-05-28","url":"i2162354-one-plus-7-8-256-with-official-warranty-and-insurance.html","name":" One Plus 7 8/256 With Official Warranty & Insurance","price":"49,000"},{"type":"cellphones","date":"2020-05-28","url":"i2168196-one-plus-7-8gb-ram-256-gb-rom-ex-also.html","name":" One Plus 7 8gb Ram /256 Gb Rom Ex Also","price":"43,000"},{"type":"cellphones","date":"2020-05-28","url":"i2164606-iphone-11-pro.html","name":" Iphone 11 Pro","price":"1,30,000"},{"type":"cellphones","date":"2020-05-28","url":"i2169083-iphonex-orginal-box-with-orginal-earphone-and-charger.html","name":" Iphonex Orginal Box With Orginal Earphone And Charger","price":"49,000"},{"type":"cellphones","date":"2020-05-28","url":"i2165153-samsung-note-8-sell-or-exng-white-oneplus6-or-6t.html","name":" Samsung Note 8 Sell Or Exng White Oneplus6 Or 6t","price":"25,000"},{"type":"cellphones","date":"2020-05-28","url":"i2064240-iphones-6-128gb.html","name":" Iphones 6 128gb","price":"20,000"},{"type":"cellphones","date":"2020-05-28","url":"i2167564-a50-fresh-mobile.html","name":" A50 Fresh Mobile","price":"22,500"},{"type":"cellphones","date":"2020-05-28","url":"i2169295-iphone-11-pro-max-256-gb.html","name":" Iphone 11 Pro Max 256 Gb","price":"1,45,000"},{"type":"cellphones","date":"2020-05-28","url":"i2147695-samsung-m40-exchange-only.html","name":" Samsung M40 Exchange Only","price":"21,000"},{"type":"cellphones","date":"2020-05-28","url":"i2168039-f9-pro.html","name":" F9 Pro","price":"16,000"},{"type":"cellphones","date":"2020-05-28","url":"i2163168-iphone-8plus-64gb.html","name":" Iphone 8plus 64gb","price":"45,000"},{"type":"cellphones","date":"2020-05-28","url":"i2166921-iphone-6s-plus-128gb.html","name":" Iphone 6s Plus 128gb","price":"28,000"},{"type":"cellphones","date":"2020-05-28","url":"i2155023-samsung-galaxy-s9-like-new-in-pokhara.html","name":" Samsung Galaxy S9 Like New In Pokhara","price":"22,000"},{"type":"cellphones","date":"2020-05-28","url":"i1976531-blackberry-priv-android.html","name":" Blackberry Priv Android","price":"20,000"},{"type":"cellphones","date":"2020-05-28","url":"i2153705-iphone-x-64gb-for-sale-with-original-charger.html","name":" Iphone X 64gb For Sale With Original Charger","price":"55,000"},{"type":"cellphones","date":"2020-05-28","url":"i2027500-one-plus-6t.html","name":" One Plus 6t","price":"38,000"},{"type":"cellphones","date":"2020-05-28","url":"i2165808-huawei-y9-prime-2019-ex-with-redmi-note-9.html","name":" Huawei Y9 Prime 2019 Ex With Redmi Note 9","price":"19,999"},{"type":"cellphones","date":"2020-05-28","url":"i2169503-samsung-galaxy-s10e.html","name":" Samsung Galaxy S10e","price":"43,000"},{"type":"cellphones","date":"2020-05-28","url":"i2148241-iphone-6s-plus.html","name":" Iphone 6s+","price":"29,500"},{"type":"cellphones","date":"2020-05-28","url":"i2168169-mi-redmi-8a-dual-sky-white-plus-midnight-grey.html","name":" Mi Redmi 8a Dual (sky White + Midnight Grey)","price":"13,000"},{"type":"cellphones","date":"2020-05-28","url":"i2166838-apple-iphone-8-64gb.html","name":" Apple Iphone 8 64gb","price":"41,000"},{"type":"cellphones","date":"2020-05-28","url":"i2153957-samsung-galaxy-a7plus-triple-camera-for-sale.html","name":" Samsung Galaxy A7plus Triple Camera For Sale","price":"19,000"},{"type":"cellphones","date":"2020-05-28","url":"i2137520-poco-x2.html","name":" Poco X2","price":"32,500"},{"type":"cellphones","date":"2020-05-28","url":"i2129551-iphone-5s.html","name":" Iphone 5s","price":"9,000"},{"type":"cellphones","date":"2020-05-28","url":"i2166992-samsung-s9-snapdragon-845.html","name":" Samsung S9 Snapdragon 845","price":"27,900"},{"type":"cellphones","date":"2020-05-28","url":"i1756220-iphone-6-128gb.html","name":" Iphone 6 128gb","price":"20,000"},{"type":"cellphones","date":"2020-05-28","url":"i2164983-samsung-s10-5g-256gb-urgent-sale.html","name":" Samsung S10 5g 256gb Urgent Sale","price":"75,000"},{"type":"cellphones","date":"2020-05-28","url":"i2169109-iphone-xr.html","name":" Iphone Xr","price":"51,000"},{"type":"cellphones","date":"2020-05-28","url":"i2144960-redmi-note-7-pro-2-month-used-with-all-accessories.html","name":" Redmi Note 7 Pro (2 Month Used) With All Accessories","price":"14,990"},{"type":"cellphones","date":"2020-05-28","url":"i2166986-m20-genuine-set.html","name":" M20 Genuine Set","price":"13,750"},{"type":"cellphones","date":"2020-05-28","url":"i2169745-iphone-x-64gb.html","name":" Iphone X 64gb","price":"55,000"},{"type":"cellphones","date":"2020-05-28","url":"i2167584-i-need-note-10-or-note-plus-or-note-lite-or-s10-plus-mobile.html","name":" I Need Note 10 Or Note Plus Or Note Lite Or S10 Plus Mobile","price":"60,000"},{"type":"cellphones","date":"2020-05-28","url":"i2169646-samsung-note-10-plus-12gb-ram-256gb-storage-for-sell-or-exchange.html","name":" Samsung Note 10 Plus 12gb Ram 256gb Storage For Sell Or Exchange","price":"75,500"},{"type":"cellphones","date":"2020-05-28","url":"i2169391-iphone-x-64-gb-white.html","name":" Iphone X 64 Gb White","price":"52,000"},{"type":"cellphones","date":"2020-05-28","url":"i2137864-iphone-7-plus-fresh-1-hand-mobiles.html","name":" Iphone 7 Plus/fresh 1 Hand Mobiles","price":"43,000"},{"type":"cellphones","date":"2020-05-28","url":"i2161550-redmi-note-8-4gb-128-rom-sell.html","name":" Redmi Note 8 4gb 128 Rom Sell","price":"22,000"},{"type":"cellphones","date":"2020-05-28","url":"i2166784-iphone-x-64gb-white.html","name":" Iphone X 64gb White","price":"59,000"},{"type":"cellphones","date":"2020-05-28","url":"i2164028-oneplus-7t-on-sale-brand-new-condition-box-pack.html","name":" Oneplus 7t On Sale Brand New Condition {box Pack}","price":"62,000"},{"type":"cellphones","date":"2020-05-28","url":"i2165640-mi-note-8-pro-exchange-oneplus-6-iphone-6s-ply.html","name":" Mi Note 8 Pro Exchange Oneplus 6 Iphone 6s Ply","price":"23,000"},{"type":"cellphones","date":"2020-05-28","url":"i2166796-vivo-v9-pro-ex-with-iphone.html","name":" Vivo V9 Pro Ex With Iphone","price":"17,000"},{"type":"cellphones","date":"2020-05-28","url":"i2148967-samsung-a50s.html","name":" Samsung A50s","price":"19,999"},{"type":"cellphones","date":"2020-05-28","url":"i2165266-iphone-7-plus-256gb-matt-black.html","name":" Iphone 7+ 256gb Matt Black","price":"38,000"},{"type":"cellphones","date":"2020-05-28","url":"i2107133-one-plus-7pro-display-crack.html","name":" One Plus 7pro (display Crack)","price":"25,000"},{"type":"cellphones","date":"2020-05-28","url":"i2150270-redmi-note-8-quad-camera-3-month-used.html","name":" Redmi Note 8 Quad Camera 3 Month Used","price":"17,000"},{"type":"cellphones","date":"2020-05-28","url":"i2090621-redmi-note-8-one-week-used.html","name":" Redmi Note 8 One Week Used","price":"17,000"},{"type":"cellphones","date":"2020-05-28","url":"i2166278-iphone-7-is-in-sell.html","name":" Iphone 7 Is In Sell","price":"28,000"},{"type":"cellphones","date":"2020-05-28","url":"i2162608-huawei-p30-lite-on-sale-only.html","name":" Huawei P30 Lite On Sale Only","price":"26,500"},{"type":"cellphones","date":"2020-05-28","url":"i2141453-iphone-x-256gb-white.html","name":" Iphone X 256gb White","price":"53,000"},{"type":"cellphones","date":"2020-05-28","url":"i2139441-realme-6-pro.html","name":" Realme 6 Pro","price":"26,000"},{"type":"cellphones","date":"2020-05-28","url":"i2167609-huwaei-mate-20-pro.html","name":" Huwaei Mate 20 Pro","price":"70,000"},{"type":"cellphones","date":"2020-05-28","url":"i2158945-samsung-galaxy-note-8.html","name":" Samsung Galaxy Note 8","price":"25,000"},{"type":"cellphones","date":"2020-05-28","url":"i2169818-iphone-6s-with-box.html","name":" Iphone 6s With Box","price":"22,000"},{"type":"cellphones","date":"2020-05-28","url":"i2167835-samsung-note-edge-exchange.html","name":" Samsung Note Edge Exchange","price":"8,000"},{"type":"cellphones","date":"2020-05-28","url":"i2161258-oneplus-5t-8-128gb.html","name":" Oneplus 5t 8/128gb","price":"25,000"},{"type":"cellphones","date":"2020-05-28","url":"i2151981-iphone-6.html","name":" Iphone 6","price":"10,000"},{"type":"cellphones","date":"2020-05-28","url":"i2151855-samsung-galaxy-tab-10-1.html","name":" Samsung Galaxy Tab 10.1","price":"6,000"},{"type":"cellphones","date":"2020-05-28","url":"i2167576-i-need-gaming-mobile-under-18k.html","name":" I Need Gaming Mobile Under 18k","price":"18,000"},{"type":"cellphones","date":"2020-05-28","url":"i2168303-mi-a1-3-32.html","name":" Mi A1 3/32","price":"6,500"},{"type":"cellphones","date":"2020-05-28","url":"i2166817-one-plus-7pro.html","name":" One Plus 7pro","price":"57,000"},{"type":"cellphones","date":"2020-05-28","url":"i2167908-samsung-tab-a10-1-2019-lockdown-no-problem.html","name":" Samsung Tab A10.1 (2019) Lockdown No Problem.","price":"32,000"},{"type":"cellphones","date":"2020-05-28","url":"i2144710-iphone-xr-full-unlocked-2-month-used-with-all-accessories.html","name":" Iphone Xr Full Unlocked (2 Month Used) With All Accessories","price":"56,999"},{"type":"cellphones","date":"2020-05-28","url":"i2164741-vivo-v19-pro.html","name":" Vivo V19 Pro","price":"55,000"},{"type":"cellphones","date":"2020-05-28","url":"i2129334-iphone-11-pro-max-256gb-grey.html","name":" Iphone 11 Pro Max 256gb Grey","price":"1,50,000"},{"type":"cellphones","date":"2020-05-28","url":"i2150013-samsung-s10-plus-8-128.html","name":" Samsung S10 Plus 8/128","price":"69,999"},{"type":"cellphones","date":"2020-05-28","url":"i2168256-samsung-a10s-brand-new-condition-set-comes-with-its-box.html","name":" Samsung A10s Brand New Condition Set Comes With Its Box","price":"15,000"},{"type":"cellphones","date":"2020-05-28","url":"i2162675-samsung-galaxy-note-9-on-sale.html","name":" Samsung Galaxy Note 9 On Sale","price":"48,000"},{"type":"cellphones","date":"2020-05-28","url":"i2167403-samsung-j5-pro.html","name":" Samsung J5 Pro","price":"8,000"},{"type":"cellphones","date":"2020-05-28","url":"i2164425-iphone-xs-max-space-grey.html","name":" Iphone Xs Max Space Grey","price":"82,000"},{"type":"cellphones","date":"2020-05-28","url":"i2169234-oppo-a3s-4g-set.html","name":" Oppo A3s 4g Set","price":"8,000"},{"type":"cellphones","date":"2020-05-28","url":"i2168980-want-poco-x2-at-biratnagar.html","name":" Want Poco X2 At Biratnagar","price":"30"},{"type":"cellphones","date":"2020-05-28","url":"i2164020-samsung-s9-plus-on-sale-personal-use-phone-with-box.html","name":" Samsung S9 Plus On Sale {personal Use Phone} With Box","price":"43,000"},{"type":"cellphones","date":"2020-05-28","url":"i2159308-realme-xt.html","name":" Realme Xt","price":"26,000"},{"type":"cellphones","date":"2020-05-28","url":"i2158244-urgently-needed-to-sale-oneplus-5t.html","name":" Urgently Needed To Sale Oneplus 5t","price":"21,000"},{"type":"cellphones","date":"2020-05-28","url":"i2165742-lg-g5.html","name":" Lg G5","price":"13,000"},{"type":"cellphones","date":"2020-05-28","url":"i2124871-vivo-y93.html","name":" Vivo Y93","price":"9,500"},{"type":"cellphones","date":"2020-05-28","url":"i2169912-oneplus-7t-pro.html","name":" Oneplus 7t Pro","price":"80,000"},{"type":"cellphones","date":"2020-05-28","url":"i2147247-iphone-7-32gb.html","name":" Iphone 7 32gb","price":"21,000"},{"type":"cellphones","date":"2020-05-28","url":"i2168779-iphone-x.html","name":" Iphone X","price":"65,500"},{"type":"cellphones","date":"2020-05-28","url":"i2105142-iphone-6s-unlocked-from-us-excellent-condition.html","name":" Iphone 6s Unlocked, From Us-, Excellent Condition","price":"15,500"},{"type":"cellphones","date":"2020-05-28","url":"i2168044-mi-redmi-note-8-pro.html","name":" Mi Redmi Note 8 Pro","price":"11,11,11,111"},{"type":"cellphones","date":"2020-05-28","url":"i2150902-oneplus-3-6gb-ram-64gb-internal-memory-good-condition.html","name":" Oneplus 3 6gb Ram 64gb Internal Memory.good Condition","price":"13,000"},{"type":"cellphones","date":"2020-05-28","url":"i2113599-iphone-xs-max-64gb.html","name":" Iphone Xs Max 64gb","price":"79,999"},{"type":"cellphones","date":"2020-05-28","url":"i2169622-nokia-8.html","name":" Nokia 8","price":"12,000"},{"type":"cellphones","date":"2020-05-28","url":"i2170380-m40-6gb-128.html","name":" M40 6gb 128","price":"15,000"},{"type":"cellphones","date":"2020-05-28","url":"i2168540-htc-u11-plus-6gb-and-128gb.html","name":" Htc U11 Plus (6gb&128gb)","price":"45,000"},{"type":"cellphones","date":"2020-05-28","url":"i2161453-samsung-note-8-or-exchange-with-other-phones.html","name":" Samsung Note 8 Or Exchange With Other Phones","price":"29,000"},{"type":"cellphones","date":"2020-05-28","url":"i2168583-huawei-y9-2018-only-on-9000.html","name":" Huawei Y9 2018 Only On 9000","price":"9,000"},{"type":"cellphones","date":"2020-05-28","url":"i2164875-iphone-xr-like-new.html","name":" Iphone Xr Like New","price":"63,000"},{"type":"cellphones","date":"2020-05-28","url":"i2128109-oppo-f9-pro.html","name":" Oppo F9 Pro","price":"16,500"},{"type":"cellphones","date":"2020-05-28","url":"i2167675-sale.html","name":" Sale","price":"7,000"},{"type":"cellphones","date":"2020-05-28","url":"i2158419-iphone-11-in-red-color-100-battery-life.html","name":" Iphone 11 In Red Color(100% Battery Life)","price":"90,000"},{"type":"cellphones","date":"2020-05-28","url":"i2128113-mi-mix-2.html","name":" Mi Mix 2","price":"18,500"},{"type":"cellphones","date":"2020-05-28","url":"i2154794-samsung-a9-128gb.html","name":" Samsung A9 128gb","price":"25,000"},{"type":"cellphones","date":"2020-05-28","url":"i2105191-iphone-6s-for-sale.html","name":" Iphone 6s For Sale","price":"15,000"},{"type":"cellphones","date":"2020-05-28","url":"i2141497-iphone-8-plus-256gb.html","name":" Iphone 8 Plus 256gb","price":"59,999"},{"type":"cellphones","date":"2020-05-28","url":"i2167215-mobile.html","name":" Mobile","price":"20,500"},{"type":"cellphones","date":"2020-05-28","url":"i2161292-samsung-mobile-c9-pro-64gb.html","name":" Samsung Mobile C9 Pro 64gb","price":"28,000"},{"type":"cellphones","date":"2020-05-28","url":"i2161518-samsung-a10s.html","name":" Samsung A10s","price":"10,000"},{"type":"cellphones","date":"2020-05-28","url":"i2168530-huawei-mate-20-pro-8-256.html","name":" Huawei Mate 20 Pro 8/256","price":"50,000"},{"type":"cellphones","date":"2020-05-28","url":"i2142071-galaxy-a51.html","name":" Galaxy A51","price":"36,000"},{"type":"cellphones","date":"2020-05-28","url":"i2169521-iphone-8-plus-blush-gold.html","name":" Iphone 8 Plus (blush Gold)","price":"58,500"},{"type":"cellphones","date":"2020-05-28","url":"i2169595-lg-v30-plus.html","name":" Lg V30 Plus","price":"25,000"},{"type":"cellphones","date":"2020-05-28","url":"i1993041-6-months-used-iphone-6-128gb-and-iphone-6-64gb-is-for-sell-urgently.html","name":" 6 Months Used Iphone 6 128gb And Iphone 6 64gb Is For Sell Urgently","price":"18,500"},{"type":"cellphones","date":"2020-05-28","url":"i2141962-iphone-xs-max-256gb-with-box-and-all-accessories.html","name":" Iphone Xs Max 256gb With Box & All Accessories","price":"92,000"},{"type":"cellphones","date":"2020-05-28","url":"i2151893-samsung-s8plus.html","name":" Samsung S8plus","price":"18,500"},{"type":"cellphones","date":"2020-05-28","url":"i2156092-box-pack-oppo-reno-2-with-20x-zoom-quad-camera.html","name":" Box Pack Oppo Reno 2 With 20x Zoom Quad Camera","price":"40,000"},{"type":"cellphones","date":"2020-05-28","url":"i2110466-iphone-8-plus.html","name":" Iphone 8 Plus","price":"50,000"},{"type":"cellphones","date":"2020-05-28","url":"i2128104-vivo-y15.html","name":" Vivo Y15","price":"13,500"},{"type":"cellphones","date":"2020-05-28","url":"i2159257-samsung-galaxy-note-10-plus.html","name":" Samsung Galaxy Note 10 Plus","price":"90,000"},{"type":"cellphones","date":"2020-05-28","url":"i2168403-brand-new-apple-iphone-8-plus-256-gb-from-uae.html","name":" Brand New Apple Iphone 8 Plus 256 Gb From Uae","price":"59,999"},{"type":"cellphones","date":"2020-05-28","url":"i2169499-iphone.html","name":" Iphone","price":"14,000"},{"type":"cellphones","date":"2020-05-28","url":"i2167567-samsung-mobile-on-sale.html","name":" Samsung Mobile On Sale","price":"3,999"},{"type":"cellphones","date":"2020-05-28","url":"i2125793-motorola-v680-plus-cdma.html","name":" Motorola V680+( Cdma)","price":"700"},{"type":"cellphones","date":"2020-05-28","url":"i2159283-samsung-s9.html","name":" Samsung S9","price":"32,000"},{"type":"cellphones","date":"2020-05-28","url":"i2099697-iphone-6-orginal-and-brand-new.html","name":" Iphone 6 Orginal And Brand New","price":"10,500"},{"type":"cellphones","date":"2020-05-28","url":"i2157724-iphone-7-plus-128.html","name":" Iphone 7 Plus 128","price":"48,000"},{"type":"cellphones","date":"2020-05-28","url":"i2148882-samsung-galaxy-note-edge.html","name":" Samsung Galaxy Note Edge","price":"12,345"},{"type":"cellphones","date":"2020-05-28","url":"i2037938-iphone-6s.html","name":" Iphone 6s","price":"17,000"},{"type":"cellphones","date":"2020-05-28","url":"i2152183-samsung-m30s.html","name":" Samsung M30s","price":"18,000"},{"type":"cellphones","date":"2020-05-28","url":"i2167334-iphone-7.html","name":" Iphone 7","price":"23,500"},{"type":"cellphones","date":"2020-05-28","url":"i2168331-iphone-xr-128-gb.html","name":" Iphone Xr 128 Gb","price":"64,000"},{"type":"cellphones","date":"2020-05-28","url":"i2170302-one-plus-7.html","name":" One Plus 7","price":"38,000"},{"type":"cellphones","date":"2020-05-28","url":"i2168479-oppo-f9.html","name":" Oppo F9","price":"14,500"},{"type":"cellphones","date":"2020-05-28","url":"i2149515-mi-redmi-k20.html","name":" Mi Redmi K20","price":"25,000"},{"type":"cellphones","date":"2020-05-28","url":"i2168166-mi-note-8-4-64-space-black.html","name":" Mi Note 8 4/64 ( Space Black)","price":"20,000"},{"type":"cellphones","date":"2020-05-28","url":"i2162347-samsung-s10-plus-exchange.html","name":" Samsung S10+ Exchange","price":"99,999"},{"type":"cellphones","date":"2020-05-28","url":"i2149485-iphone-7-plus-128gb.html","name":" Iphone 7 Plus 128gb","price":"46,500"},{"type":"cellphones","date":"2020-05-28","url":"i2164528-note8-pro-seal-pack.html","name":" Note8 Pro Seal Pack","price":"30,000"},{"type":"cellphones","date":"2020-05-28","url":"i2163684-k20-pro-on-sell-argent.html","name":" K20 Pro On Sell Argent....","price":"37,000"},{"type":"cellphones","date":"2020-05-28","url":"i2166614-iphone-xs-256-gb-fully-unlocked.html","name":" Iphone Xs 256 Gb Fully Unlocked","price":"72,000"},{"type":"cellphones","date":"2020-05-28","url":"i2152516-brand-new-iwatch-series-3-42mm-and-iphone-6s.html","name":" Brand New Iwatch Series 3 42mm And Iphone 6s","price":"50,000"},{"type":"cellphones","date":"2020-05-28","url":"i2170501-samsung-tab-3-10-1.html","name":" Samsung Tab 3 10.1","price":"8,000"},{"type":"cellphones","date":"2020-05-28","url":"i2154030-readmi-note8-lokdown-offer.html","name":" Readmi Note8 Lokdown Offer","price":"19,999"},{"type":"cellphones","date":"2020-05-28","url":"i2102202-5th-generation-ipad.html","name":" 5th Generation (ipad)","price":"26,000"},{"type":"cellphones","date":"2020-05-28","url":"i2169194-moto-g7-fresh.html","name":" Moto G7 Fresh","price":"16,000"},{"type":"cellphones","date":"2020-05-28","url":"i2106957-iphone-11-pro-max-super-dubai-clone.html","name":" Iphone 11 Pro Max(super Dubai Clone)","price":"24,000"},{"type":"cellphones","date":"2020-05-28","url":"i2169355-redmi-8-mobile-phone-box-pack.html","name":" Redmi 8 Mobile Phone Box Pack","price":"16,00,000"},{"type":"cellphones","date":"2020-05-28","url":"i2168410-iphone-11-pro-max-512-gb.html","name":" Iphone 11 Pro Max 512 Gb","price":"2,30,000"},{"type":"cellphones","date":"2020-05-28","url":"i2165646-samsung-note-8.html","name":" Samsung Note 8","price":"26,000"},{"type":"cellphones","date":"2020-05-28","url":"i2167655-iphone-6-64gb.html","name":" Iphone 6 (64gb)","price":"15,000"},{"type":"cellphones","date":"2020-05-28","url":"i2166935-samsung-note-10-plus-usa-version.html","name":" Samsung Note 10 Plus Usa Version","price":"75,000"},{"type":"cellphones","date":"2020-05-28","url":"i2104749-iphone-7plus-128gb-urgent-sell.html","name":" Iphone 7plus 128gb Urgent Sell","price":"50,000"},{"type":"cellphones","date":"2020-05-28","url":"i2164179-iphone-xr.html","name":" Iphone Xr","price":"60,000"},{"type":"cellphones","date":"2020-05-28","url":"i2153367-huawei-mate-se-like-honor-7x-but-little-better.html","name":" Huawei Mate Se (like Honor 7x)but Little Better","price":"12,500"},{"type":"cellphones","date":"2020-05-28","url":"i2117752-samsung-m31.html","name":" Samsung M31","price":"27,000"},{"type":"cellphones","date":"2020-05-28","url":"i2168666-i-need-gaming-iphone-under-20k.html","name":" I Need Gaming Iphone Under 20k","price":"20,000"},{"type":"cellphones","date":"2020-05-28","url":"i2062974-redmi-k20-pro-8-256.html","name":" Redmi K20 Pro (8/256)","price":"37,000"},{"type":"cellphones","date":"2020-05-28","url":"i2164143-iphone-6-64-gb-on-sale.html","name":" Iphone 6 64 Gb On Sale","price":"12,000"},{"type":"cellphones","date":"2020-05-28","url":"i2129480-s7-edge.html","name":" S7 Edge","price":"7,000"},{"type":"cellphones","date":"2020-05-28","url":"i2134367-oppo-reno-2f-8-128-gb.html","name":" Oppo Reno 2f 8/128 Gb","price":"28,000"},{"type":"cellphones","date":"2020-05-28","url":"i2153102-very-good-condition-back-4-camera-64-mp-and-front-2-camera-32-plus-8-mp.html","name":" Very Good Condition Back 4 Camera 64 Mp And Front 2 Camera 32+8 Mp","price":"36,000"},{"type":"cellphones","date":"2020-05-28","url":"i2168928-mi-k20pr0.html","name":" Mi K20pr0","price":"45,000"},{"type":"cellphones","date":"2020-05-28","url":"i2169852-pixel-3.html","name":" Pixel 3","price":"40,000"},{"type":"cellphones","date":"2020-05-28","url":"i2131870-iphone-7-plus.html","name":" Iphone 7 Plus","price":"43,000"},{"type":"cellphones","date":"2020-05-28","url":"i2170194-poco-x2-8-256-dead.html","name":" Poco X2 8/256 Dead","price":"17,999"},{"type":"cellphones","date":"2020-05-28","url":"i2128601-oneplus-7.html","name":" Oneplus 7","price":"40,000"},{"type":"cellphones","date":"2020-05-28","url":"i2101318-oneplus-7-pro.html","name":" Oneplus 7 Pro","price":"60,000"},{"type":"cellphones","date":"2020-05-28","url":"i2169229-samsung-galaxy-j7-4g.html","name":" Samsung Galaxy J7 4g","price":"5,000"},{"type":"cellphones","date":"2020-05-28","url":"i2158132-oneplus-5t-on-sales.html","name":" Oneplus 5t On Sales","price":"33,500"},{"type":"cellphones","date":"2020-05-28","url":"i2155150-iphone-xs-max-256gb-gold-colour.html","name":" Iphone Xs Max 256gb (gold Colour)","price":"75,000"},{"type":"cellphones","date":"2020-05-28","url":"i2163273-apple-samsung-mi.html","name":" Apple/samsung/mi","price":"6,450"},{"type":"cellphones","date":"2020-05-28","url":"i2146440-oneplus-6t-8-128-gb-on-sell.html","name":" Oneplus 6t (8/128)gb On Sell","price":"33,500"},{"type":"cellphones","date":"2020-05-28","url":"i1977957-xiaomi-redmi-8-4gb-ram-64gb-rom-5000mah-battery-with-authorize-warra.html","name":" Xiaomi Redmi 8 (4gb Ram/64gb Rom) 5000mah Battery With Authorize Warra","price":"15,800"},{"type":"cellphones","date":"2020-05-28","url":"i2168806-iphone-11-128-gb-white.html","name":" Iphone 11 128 Gb White","price":"1,00,000"},{"type":"cellphones","date":"2020-05-28","url":"i2143650-iphone-x.html","name":" Iphone X","price":"55,000"},{"type":"cellphones","date":"2020-05-28","url":"i2137619-iphone-7-plus-128gb-gold.html","name":" Iphone 7 Plus 128gb Gold","price":"40,000"},{"type":"cellphones","date":"2020-05-28","url":"i2144043-samsung-note-10-plus-12-256-gb-white-1-month-used-plus-full-accessory.html","name":" Samsung Note 10 Plus 12/256 Gb, White (1 Month Used)+ Full Accessory","price":"83,000"},{"type":"cellphones","date":"2020-05-28","url":"i2166983-google-pixel-3-with-all-accessories-3-month-used.html","name":" Google Pixel 3 With All Accessories 3 Month Used","price":"45,000"},{"type":"cellphones","date":"2020-05-28","url":"i2147946-s6-edge-parts.html","name":" S6 Edge Parts","price":"3,000"},{"type":"cellphones","date":"2020-05-28","url":"i2139522-pocophone-poco-x2.html","name":" Pocophone Poco X2","price":"34,500"},{"type":"cellphones","date":"2020-05-28","url":"i2170236-iphone-8-like-new.html","name":" Iphone 8 (like New)","price":"35,000"},{"type":"cellphones","date":"2020-05-28","url":"i2168867-google-pixel-4-6-128.html","name":" Google Pixel 4 6/128","price":"85,000"},{"type":"cellphones","date":"2020-05-28","url":"i2114202-samsung-a70-on-sell.html","name":" Samsung A70 On Sell","price":"22,000"},{"type":"cellphones","date":"2020-05-28","url":"i2170328-k20-pro-and-poco-x2.html","name":" K20 Pro And Poco X2","price":"25,000"},{"type":"cellphones","date":"2020-05-28","url":"i1650654-vivo-mobile-grand-offer-with-unbeliable-rate-with-warranty.html","name":" Vivo Mobile Grand Offer With Unbeliable Rate With Warranty","price":"11,990"},{"type":"cellphones","date":"2020-05-28","url":"i2165038-huawei-honor-p20-lite-18000.html","name":" Huawei Honor P20 Lite 18000","price":"18,000"},{"type":"cellphones","date":"2020-05-28","url":"i2115805-iphone-x-256-gb.html","name":" Iphone X (256 Gb)","price":"64,000"},{"type":"cellphones","date":"2020-05-28","url":"i2166312-iphone-11-pro-max-brand-new-locked-can-be-used-for-parts.html","name":" Iphone 11 Pro Max ( Brand New ) - Locked - Can Be Used For Parts.","price":"65,000"},{"type":"cellphones","date":"2020-05-28","url":"i2169097-iphone-6-64-gb.html","name":" Iphone 6 - 64 Gb","price":"19,000"},{"type":"cellphones","date":"2020-05-28","url":"i2167323-iphone-xs-max-256-gb-box-packed-with-all-accessories.html","name":" Iphone Xs Max (256 Gb) (box Packed With All Accessories)","price":"1,17,500"},{"type":"cellphones","date":"2020-05-28","url":"i2130276-iphone-8.html","name":" Iphone 8","price":"35,000"},{"type":"cellphones","date":"2020-05-28","url":"i2170593-samsung-tab-s6.html","name":" Samsung Tab S6","price":"90,000"},{"type":"cellphones","date":"2020-05-28","url":"i2170584-mi-note-7-pro-16500.html","name":" Mi Note 7 Pro 16500","price":"16,500"},{"type":"cellphones","date":"2020-05-28","url":"i2170583-samsung-m30s-4-64gb-on-sale.html","name":" Samsung M30s 4/64gb On Sale","price":"24,890"},{"type":"cellphones","date":"2020-05-28","url":"i2170582-samsung-a20s-4-64.html","name":" Samsung A20s 4/64","price":"19,990"},{"type":"cellphones","date":"2020-05-28","url":"i2170578-samsung-a20s-3-32gb.html","name":" Samsung A20s 3/32gb","price":"18,890"},{"type":"cellphones","date":"2020-05-28","url":"i2170569-redmi-k20-6-64-like-brand-new-condition-for-sale.html","name":" Redmi K20 (6/64) Like Brand New Condition For Sale","price":"29,999"},{"type":"cellphones","date":"2020-05-28","url":"i2170441-s9-plus-on-sale.html","name":" S9 Plus On Sale","price":"38,000"},{"type":"cellphones","date":"2020-05-28","url":"i2170180-samsung-s9-plus.html","name":" Samsung S9 Plus","price":"41,000"},{"type":"cellphones","date":"2020-05-28","url":"i2145939-samsung-galaxy-s9-seal-pack.html","name":" Samsung Galaxy S9 (seal Pack)","price":"38,000"},{"type":"cellphones","date":"2020-05-28","url":"i2124324-iphone-11-pro-64-gb-midnight-green-from-kuwait.html","name":" Iphone 11 Pro 64 Gb Midnight Green From Kuwait","price":"1,25,000"},{"type":"cellphones","date":"2020-05-28","url":"i2170406-brand-new-apple-iphone-11-pro-max-256-gb-from-japan.html","name":" Brand New Apple Iphone 11 Pro Max 256 Gb From Japan","price":"1,39,999"},{"type":"cellphones","date":"2020-05-28","url":"i2166191-iphone-6s-plus-on-sale.html","name":" Iphone 6s+ On Sale","price":"19,000"},{"type":"cellphones","date":"2020-05-28","url":"i2153807-samsung-note-8-gold-dual-sim-exchange-with-iphone-7-plus-not-for-sale.html","name":" Samsung Note 8 Gold Dual Sim Exchange With Iphone 7 Plus(not For Sale)","price":"50,000"},{"type":"cellphones","date":"2020-05-28","url":"i2168598-a70.html","name":" A70","price":"22,000"},{"type":"cellphones","date":"2020-05-28","url":"i2153228-redmi-5.html","name":" Redmi 5","price":"10,000"},{"type":"cellphones","date":"2020-05-28","url":"i2165403-samsung-a51.html","name":" Samsung A51","price":"35,000"},{"type":"cellphones","date":"2020-05-28","url":"i2166958-apple-iphone-x.html","name":" Apple Iphone X","price":"90,000"},{"type":"cellphones","date":"2020-05-28","url":"i2105398-s10plus.html","name":" S10plus","price":"75,000"},{"type":"cellphones","date":"2020-05-28","url":"i2170208-oneplus-6t.html","name":" Oneplus 6t","price":"33,000"},{"type":"cellphones","date":"2020-05-28","url":"i2169059-samsung-tab-a-t515-10-1-2019.html","name":" Samsung Tab A (t515)(10.1)(2019)","price":"31,999"},{"type":"cellphones","date":"2020-05-28","url":"i2170262-iphone11-pro-64-midnight-green.html","name":" Iphone11 Pro 64 Midnight Green","price":"1,30,000"},{"type":"cellphones","date":"2020-05-28","url":"i2169124-oneplus-7pro-sell-or-exchange-s10-plus-9813148305.html","name":" Oneplus 7pro Sell Or Exchange S10+ 9813148305","price":"59,999"},{"type":"cellphones","date":"2020-05-28","url":"i2169722-samsung-galaxy-s8.html","name":" Samsung Galaxy S8","price":"27,000"},{"type":"cellphones","date":"2020-05-28","url":"i2133195-note-8-6-64gb.html","name":" Note 8 6/64gb","price":"20,000"},{"type":"cellphones","date":"2020-05-28","url":"i2165856-mobile-exchange-or-sell.html","name":" Mobile Exchange Or Sell","price":"17,999"},{"type":"cellphones","date":"2020-05-28","url":"i2170130-huweai-p-30pro.html","name":" Huweai P 30pro","price":"68,000"},{"type":"cellphones","date":"2020-05-28","url":"i2166373-huawei-mobile.html","name":" Huawei Mobile","price":"4,500"},{"type":"cellphones","date":"2020-05-28","url":"i2168175-y90-new-on-sale.html","name":" Y90 New On Sale","price":"13,700"},{"type":"cellphones","date":"2020-05-28","url":"i2145630-redmi-note-8-quad-camera-with-all-accessories-free.html","name":" Redmi Note 8 (quad Camera) With All Accessories Free","price":"15,490"},{"type":"cellphones","date":"2020-05-28","url":"i2165644-redmi5.html","name":" Redmi5","price":"8,000"},{"type":"cellphones","date":"2020-05-28","url":"i2169765-iphone-6-plus-128gb.html","name":" Iphone 6 Plus 128gb","price":"21,000"},{"type":"cellphones","date":"2020-05-28","url":"i2137589-oppo-f9-pro.html","name":" Oppo F9 Pro","price":"14,000"},{"type":"cellphones","date":"2020-05-28","url":"i2170027-mobile.html","name":" Mobile","price":"16,000"},{"type":"cellphones","date":"2020-05-28","url":"i2159689-asus-rog-2.html","name":" Asus Rog 2","price":"65,000"},{"type":"cellphones","date":"2020-05-28","url":"i2125461-pixel-3-xl-4-128-gb.html","name":" Pixel 3 Xl (4/128 Gb)","price":"25,000"},{"type":"cellphones","date":"2020-05-28","url":"i2102703-iphone-7-plus-128gb.html","name":" Iphone 7 Plus 128gb","price":"40,000"},{"type":"cellphones","date":"2020-05-28","url":"i2169167-iphone-11-in-red-colour.html","name":" Iphone 11 In Red Colour","price":"90,000"},{"type":"cellphones","date":"2020-05-28","url":"i2166034-needed-poco-x2-urgent-kathmandu.html","name":" Needed Poco X2 Urgent Kathmandu","price":"34"},{"type":"cellphones","date":"2020-05-28","url":"i2166974-k20-pro-fresh-set.html","name":" K20 Pro Fresh Set","price":"40,000"},{"type":"cellphones","date":"2020-05-28","url":"i2165246-galaxy-note-8-6gb-ram-64-gb-rom.html","name":" Galaxy Note 8 6gb Ram/64 Gb Rom","price":"23,999"},{"type":"cellphones","date":"2020-05-28","url":"i2058443-one-plus-7-pro-8gb-256gb.html","name":" One Plus 7 Pro 8gb 256gb","price":"59,000"},{"type":"cellphones","date":"2020-05-28","url":"i2157988-iphone-xs-64-gb.html","name":" Iphone Xs 64 Gb","price":"68,000"},{"type":"cellphones","date":"2020-05-28","url":"i2162817-oneplus-7t-pro.html","name":" Oneplus 7t Pro","price":"75,000"},{"type":"cellphones","date":"2020-05-28","url":"i2169554-samsung-duos.html","name":" Samsung Duos","price":"2,000"},{"type":"cellphones","date":"2020-05-28","url":"i2169873-vivo-y-90-gold.html","name":" Vivo Y 90 (gold)","price":"13,800"},{"type":"cellphones","date":"2020-05-28","url":"i2169015-redmi-note-8-6-128.html","name":" Redmi Note 8 (6/128)","price":"26,000"},{"type":"cellphones","date":"2020-05-28","url":"i2170384-a51-6gb-128.html","name":" A51 6gb 128","price":"28,000"},{"type":"cellphones","date":"2020-05-28","url":"i2165555-oppo-a5-a9-2020.html","name":" Oppo A5 A9 2020","price":"17,000"},{"type":"cellphones","date":"2020-05-28","url":"i2165353-iphone-6s-plus-64gb.html","name":" Iphone 6s Plus 64gb","price":"25,000"},{"type":"cellphones","date":"2020-05-28","url":"i2165876-galaxy-m30s.html","name":" Galaxy M30s","price":"26,500"},{"type":"cellphones","date":"2020-05-28","url":"i2151244-iphone-x-for-exchange-with-s10-or-oneplus-7-above.html","name":" Iphone X For Exchange With S10 Or Oneplus 7 Above","price":"59,000"},{"type":"cellphones","date":"2020-05-28","url":"i2165390-pixel-4-xl-needed-for-70k.html","name":" Pixel 4 Xl Needed For 70k","price":"70,000"},{"type":"cellphones","date":"2020-05-28","url":"i2146412-samsung-note-9.html","name":" Samsung Note 9","price":"40,000"},{"type":"cellphones","date":"2020-05-28","url":"i2132631-iphone-xs-max-256-gb.html","name":" Iphone Xs Max 256 Gb","price":"85,000"},{"type":"cellphones","date":"2020-05-28","url":"i2166977-iphone-7-plus-on-sale.html","name":" Iphone 7 Plus On Sale","price":"25,000"}]